,A薬品庫右,A薬品庫左,B薬品庫,冷蔵①,冷蔵②,冷蔵③,冷蔵④,冷蔵⑤,冷蔵⑥,冷凍,D薬品庫,無水箱,個人所有,その他,3階試薬庫,none,メーカー名,規格名,CAS No.,内容量,内容量単位,未開封,開封,SMILES,構造式,官能基,,薬品名（日本語Ⅰ）,薬品名（日本語Ⅱ）,薬品名（日本語Ⅲ）,薬品名（英語Ⅰ）,薬品名（英語Ⅱ）,薬品名（英語Ⅲ）,メーカー（日本語）,メーカー（英語）,規格（日本語）,規格（英語）,内容量,内容量単位（日本語）,内容量単位（英語）,比重,保存方法（日本語）,保存方法（英語）,廃棄区分（日本語）,廃棄区分（英語）,PRTR 種別（薬品）,PRTR 管理番号（薬品）,PRTR 含有率（%）（薬品）,CAS No.,薬品ラベルバーコードNo.,製品番号,標準価格（円）,示性式,容器区分（日本語）,容器区分（英語）,形状,純度規格,式量,物性,管理方法（日本語）,管理方法（英語）,管理方法単位（日本語）,管理方法単位（英語）,計量方法（日本語）,計量方法（英語）,計量方法単位（日本語）,計量方法単位（英語）,入力方法（日本語）,入力方法（英語）,使用期限・未開封（年）,使用期限・未開封（日）,使用期限・開封（年）,使用期限・開封（日）,オリジナルワード,SDS（英語）,構造式（日本語）,構造式（英語）,分子式,増減許容値（+）,増減許容値（+）単位（日本語）,増減許容値（+）単位（英語）,増減許容値（-）,増減許容値（-）単位（日本語）,増減許容値（-）単位（英語）,増減許容値（%+）,増減許容値（%-）
"(-)-2,3:4,6-ジ-O-イソプロピリデン-2-ケト-L-グロン酸一水和物",FALSE,FALSE,FALSE,FALSE,TRUE,FALSE,FALSE,FALSE,FALSE,FALSE,FALSE,FALSE,FALSE,FALSE,FALSE,FALSE,東京化成工業株式会社,-, 68539-16-2,25,g,1,0,,,,,"(-)-2,3:4,6-ジ-O-イソプロピリデン-2-ケト-L-グロン酸一水和物",,,"(-)-2,3:4,6-Di-O-isopropylidene-2-keto-L-gulonic Acid Monohydrate",,,東京化成工業株式会社,,-,-,25,g,g,1,冷蔵貯蔵,,-,-,,,, 68539-16-2,L1SKG,D2191,8600,,-,-,,,,,単位管理,Unit Management,本,本,-,-,,,-,-,,,,,,,,,,,,,,,,,
(-)-カルベオール (5g),FALSE,FALSE,FALSE,FALSE,FALSE,FALSE,FALSE,FALSE,FALSE,FALSE,TRUE,FALSE,FALSE,FALSE,FALSE,FALSE,(株)ワコーケミカル (和光純薬取扱),-, 99-48-9,5,g,1,0,,,,,(-)-カルベオール (5g),,,(-)-Carveol,,,(株)ワコーケミカル (和光純薬取扱),,-,-,5,g,g,0.96,室温,,-,-,,,, 99-48-9,4.99E+12,329-52891,4600,C10H16O,-,-,,95+%(NMR),,bp. 226～227℃/751mm,単位管理,Unit Management,本,本,-,-,,,-,-,,,,,,,,,,,,,,,,,
(-)-キニーネ硫酸塩二水和物 (5g),FALSE,FALSE,FALSE,FALSE,FALSE,TRUE,FALSE,FALSE,FALSE,FALSE,FALSE,FALSE,FALSE,FALSE,FALSE,FALSE,富士フイルム和光純薬(株),和光特級, 6119-70-6,5,g,1,0,,,,,(-)-キニーネ硫酸塩二水和物 (5g),,,(-)-Quinine Sulfate Dihydrate,,,富士フイルム和光純薬(株),,和光特級,,5,g,g,1,室温,,-,-,,,, 6119-70-6,4.99E+12,177-00381,3400,(C20H24N2O2)2・H2SO4・2H2O,,,,98+%(Titration)(calc,,mp. 233～235℃ ,単位管理,Unit Management,－,－,-,-,,,-,-,,,,,,,,,,,,,,,,,
(-)-ペリルアルデヒド,FALSE,FALSE,FALSE,FALSE,FALSE,FALSE,FALSE,FALSE,FALSE,FALSE,TRUE,FALSE,FALSE,FALSE,FALSE,FALSE,東京化成工業株式会社,-, 18031-40-8,25,ml,1,0,,,,,(-)-ペリルアルデヒド,,,(-)-Perillaldehyde,,,東京化成工業株式会社,,-,-,25,ml,ml,0.97,-,-,-,-,,,, 18031-40-8,I6GKM,P0866,7100,,,,,,,,単位管理,Unit Management,－,－,-,-,,,-,-,,,,,,,,,,,,,,,,,
(-)-ボルネオール,FALSE,TRUE,FALSE,FALSE,FALSE,FALSE,FALSE,FALSE,FALSE,FALSE,FALSE,FALSE,FALSE,FALSE,FALSE,FALSE,東京化成工業株式会社,-, 464-45-9,25,g,1,0,,,,,(-)-ボルネオール,,,(-)-Borneol,,,東京化成工業株式会社,,-,-,25,g,g,1,-,-,-,-,,,, 464-45-9,B4BKG,B1012,3600,,,,,,,,単位管理,Unit Management,－,－,-,-,,,-,-,,,,,,,,,,,,,,,,,
(-)-メントン,FALSE,FALSE,FALSE,FALSE,FALSE,FALSE,FALSE,FALSE,FALSE,FALSE,TRUE,FALSE,FALSE,FALSE,FALSE,FALSE,東京化成工業株式会社,-, 14073-97-3,25,ml,1,0,,,,,(-)-メントン,,,(-)-Menthone,,,東京化成工業株式会社,,-,-,25,ml,ml,0.89,-,-,-,-,,,, 14073-97-3,HGSKM,M0513,3900,,,,,,,,単位管理,Unit Management,－,－,-,-,,,-,-,,,,,,,,,,,,,,,,,
(-)-リモネン,FALSE,FALSE,FALSE,FALSE,FALSE,FALSE,FALSE,FALSE,FALSE,FALSE,TRUE,FALSE,FALSE,FALSE,FALSE,FALSE,東京化成工業株式会社,-, 5989-54-8,5,ml,1,0,,,,,(-)-リモネン,,,(-)-Limonene,,,東京化成工業株式会社,,-,-,5,ml,ml,0.85,-,-,-,-,,,, 5989-54-8,G17EM,L0132,2000,,,,,,,,単位管理,Unit Management,－,－,-,-,,,-,-,,,,,,,,,,,,,,,,,
(+)-カテキン水和物,FALSE,TRUE,FALSE,FALSE,FALSE,FALSE,FALSE,FALSE,FALSE,FALSE,FALSE,FALSE,FALSE,FALSE,FALSE,FALSE,東京化成工業株式会社,-, 225937-10-0,1,g,1,0,,,,,(+)-カテキン水和物,,,(+)-CatechinHydrate,,,東京化成工業株式会社,,-,-,1,g,g,1,冷蔵貯蔵,,-,-,,,, 225937-10-0,C2PBG,C0705,4900,,,,,,,,単位管理,Unit Management,－,－,-,-,,,-,-,,,,,,,,,,,,,,,,,
(+)-リモネン,FALSE,FALSE,FALSE,FALSE,FALSE,FALSE,FALSE,FALSE,FALSE,FALSE,TRUE,FALSE,FALSE,FALSE,FALSE,FALSE,東京化成工業株式会社,-, 5989-27-5,25,ml,1,0,,,,,(+)-リモネン,,,(+)-Limonene,,,東京化成工業株式会社,,-,-,25,ml,ml,0.84,-,-,-,-,,,, 5989-27-5,GZVKM,L0047,2100,,,,,,,,単位管理,Unit Management,－,－,-,-,,,-,-,,,,,,,,,,,,,,,,,
"(±)-6,6'-ジブロモ-1,1'-ビ-2-ナフトール",FALSE,TRUE,FALSE,FALSE,FALSE,FALSE,FALSE,FALSE,FALSE,FALSE,FALSE,FALSE,FALSE,FALSE,FALSE,FALSE,東京化成工業株式会社,-, 13185-00-7,1,g,1,0,,,,,"(±)-6,6'-ジブロモ-1,1'-ビ-2-ナフトール",,,個人所有,,,東京化成工業株式会社,,-,-,1,g,g,1,-,-,-,-,,,, 13185-00-7,O3ABG,D2779,4800,,,,,,,,単位管理,Unit Management,－,－,-,-,,,-,-,,,,,,,,,,,,,,,,,
(±)-ナプロキセン,FALSE,FALSE,TRUE,FALSE,FALSE,FALSE,FALSE,FALSE,FALSE,FALSE,FALSE,FALSE,FALSE,FALSE,FALSE,FALSE,東京化成工業株式会社,-, 23981-80-8,5,g,1,0,,,,,(±)-ナプロキセン,,,(+/-)-Naproxen,,,東京化成工業株式会社,,-,-,5,g,g,1,-,-,-,-,,,, 23981-80-8,NCSEG,M1220,12800,,,,,,,,単位管理,Unit Management,－,－,-,-,,,-,-,,,,,,,,,,,,,,,,,
"(1R,2R)-(-)-1,2-シクロヘキサンジアミン",FALSE,FALSE,FALSE,FALSE,FALSE,FALSE,FALSE,TRUE,FALSE,FALSE,FALSE,FALSE,FALSE,FALSE,FALSE,FALSE,東京化成工業株式会社,-, 20439-47-8,5,g,1,0,,,,,"(1R,2R)-(-)-1,2-シクロヘキサンジアミン",,,"(1R,2R)-(-)-1,2-Cyclohexanediamine",,,東京化成工業株式会社,,-,-,5,g,g,1,-,-,-,-,,,, 20439-47-8,NBIEG,C1447,15200,,,,,,,,単位管理,Unit Management,－,－,-,-,,,-,-,,,,,,,,,,,,,,,,,
"(1S,2S)-(+)-1,2-シクロヘキサンジアミン",FALSE,FALSE,FALSE,FALSE,FALSE,FALSE,FALSE,TRUE,FALSE,FALSE,FALSE,FALSE,FALSE,FALSE,FALSE,FALSE,東京化成工業株式会社,-, 21436-03-3,5,g,1,0,,,,,"(1S,2S)-(+)-1,2-シクロヘキサンジアミン",,,"(1S,2S)-(+)-1,2-Cyclohexanediamine",,,東京化成工業株式会社,,-,-,5,g,g,1,冷蔵貯蔵,,-,-,,,, 21436-03-3,NBJEG,C1448,17200,,,,,,,,単位管理,Unit Management,－,－,-,-,,,-,-,,,,,,,,,,,,,,,,,
(3R)-(-)-1-ベンジル-3-アミノピロリジン,FALSE,FALSE,FALSE,FALSE,FALSE,FALSE,TRUE,FALSE,FALSE,FALSE,FALSE,FALSE,FALSE,FALSE,FALSE,FALSE,東京化成工業株式会社,-, 114715-39-8,10,g,1,0,,,,,(3R)-(-)-1-ベンジル-3-アミノピロリジン,,,(3R)-(-)-1-Benzyl-3-aminopyrrolidine,,,東京化成工業株式会社,,-,-,10,g,g,1.02,-,-,-,-,,,, 114715-39-8,A6TFG,A1173,22700,,,,,,,,単位管理,Unit Management,－,－,-,-,,,-,-,,,,,,,,,,,,,,,,,
(3R)-(+)-1-(tert-ブトキシカルボニル)-3-アミノピロリジン,FALSE,FALSE,FALSE,FALSE,TRUE,FALSE,FALSE,FALSE,FALSE,FALSE,FALSE,FALSE,FALSE,FALSE,FALSE,FALSE,東京化成工業株式会社,-, 147081-49-0,1,g,1,0,,,,,(3R)-(+)-1-(tert-ブトキシカルボニル)-3-アミノピロリジン,,,(3R)-(+)-1-(tert-Butoxycarbonyl)-3-aminopyrrolidine,,,東京化成工業株式会社,,-,-,1,g,g,1.03,-,-,-,-,,,, 147081-49-0,SUPBG,B2920,6300,,,,,,,,単位管理,Unit Management,－,－,-,-,,,-,-,,,,,,,,,,,,,,,,,
(E)-2-ヒドロキシカルコン,TRUE,FALSE,FALSE,FALSE,FALSE,FALSE,FALSE,FALSE,FALSE,FALSE,FALSE,FALSE,FALSE,FALSE,FALSE,FALSE,東京化成工業株式会社,-, 42224-53-3,5,g,1,0,,,,,(E)-2-ヒドロキシカルコン,,,(E)-2-Hydroxychalcone,,,東京化成工業株式会社,,-,-,5,g,g,1,-,-,-,-,,,, 42224-53-3,F52EG,H0234,4900,,,,,,,,単位管理,Unit Management,－,－,-,-,,,-,-,,,,,,,,,,,,,,,,,
(E)-2-ヒドロキシカルコン,FALSE,FALSE,FALSE,FALSE,FALSE,FALSE,FALSE,FALSE,FALSE,FALSE,FALSE,FALSE,TRUE,FALSE,FALSE,FALSE,東京化成工業株式会社,-, 42224-53-3,25,g,1,0,,,,,(E)-2-ヒドロキシカルコン,,,(E)-2-Hydroxychalcone,,,東京化成工業株式会社,,-,-,25,g,g,1,-,-,-,-,,,, 42224-53-3,F52KG,H0234,15100,,,,,,,,単位管理,Unit Management,－,－,-,-,,,-,-,,,,,,,,,,,,,,,,,
"(METHYL SULFOXIDE)-D6, 100.0 ATOM % D (1PK=10 X 0.2",FALSE,FALSE,FALSE,TRUE,FALSE,TRUE,FALSE,FALSE,FALSE,FALSE,FALSE,FALSE,FALSE,FALSE,FALSE,FALSE,Aldrich,-, 2206-27-1,1,箱,1,0,,,,,"(METHYL SULFOXIDE)-D6, 100.0 ATOM % D (1PK=10 X 0.2",,,"(METHYL SULFOXIDE)-D6, 100.0 ATOM % D (1PK=10 X 0.2",,,Aldrich,,-,-,1,箱,箱,1,室温,,-,-,,,, 2206-27-1,,453323,,,-,-,,,,,単位管理,Unit Management,箱,箱,-,-,,,-,-,,,,,,,,,,,,,,,,,
"(R)-(-)-1,2,3,4-テトラヒドロ-1-ナフチルアミン",FALSE,FALSE,FALSE,FALSE,FALSE,FALSE,FALSE,FALSE,FALSE,FALSE,TRUE,FALSE,FALSE,FALSE,FALSE,FALSE,東京化成工業株式会社,-,,5,g,1,0,,,,,"(R)-(-)-1,2,3,4-テトラヒドロ-1-ナフチルアミン",,,"(R)-(-)-1,2,3,4-Tetrahydro-1-naphthylamine",,,東京化成工業株式会社,,-,-,5,g,g,1.04,-,-,-,-,,,, 23357-46-2,YR6EG,T2926,6700,,,,,,,,単位管理,Unit Management,－,－,-,-,,,-,-,,,,,,,,,,,,,,,,,
"(R)-(-)-1-Cyclohexylethylamine, ChiPros(R), produced by BASF, 99%",FALSE,FALSE,FALSE,TRUE,FALSE,FALSE,FALSE,FALSE,FALSE,FALSE,FALSE,FALSE,FALSE,FALSE,FALSE,FALSE,Aldrich,-, 5913-13-3,25,g,1,0,,,,,,,,"(R)-(-)-1-Cyclohexylethylamine, ChiPros(R), produced by BASF, 99%",,,Aldrich,,-,-,25,g,g,0.866,室温,,,,,,, 5913-13-3,,726680,,,,,,,,,単位管理,Unit Management,－,－,-,-,,,-,-,,,,,,,,,,,,,,,,,
(R)-(-)-2-アミノ-1-ブタノール,FALSE,FALSE,FALSE,FALSE,TRUE,FALSE,FALSE,FALSE,FALSE,FALSE,FALSE,FALSE,FALSE,FALSE,FALSE,FALSE,東京化成工業株式会社,-, 5856-63-3,5,ml,2,0,,,,,(R)-(-)-2-アミノ-1-ブタノール,,,(R)-(-)-2-Amino-1-butanol,,,東京化成工業株式会社,,-,-,5,ml,ml,0.95,-,-,-,-,,,, 5856-63-3,A09EM,A0972,3400,,,,,,,,単位管理,Unit Management,－,－,-,-,,,-,-,,,,,,,,,,,,,,,,,
(R)-(-)-2-アミノ-1-ブタノール(5g),FALSE,FALSE,FALSE,FALSE,TRUE,FALSE,FALSE,FALSE,FALSE,FALSE,TRUE,FALSE,FALSE,FALSE,FALSE,FALSE,富士フイルムワコーケミカル(株),-, 5856-63-3,5,g,1,0,,,,,(R)-(-)-2-アミノ-1-ブタノール(5g),,,(R)-(-)-2-Amino-1-butanol,,,富士フイルムワコーケミカル(株),,-,-,5,g,g,0.947,室温,,-,-,,,, 5856-63-3,4.99E+12,326-54361,5000,C4H11NO,,,,94+%(NMR),,mp. -2℃ bp. 172～174℃,単位管理,Unit Management,－,－,-,-,,,-,-,,,,,,,,,,,,,,,,,
(R)-(-)-カルボン,FALSE,FALSE,FALSE,FALSE,FALSE,FALSE,FALSE,FALSE,FALSE,FALSE,TRUE,FALSE,FALSE,FALSE,FALSE,FALSE,東京化成工業株式会社,-, 6485-40-1,25,ml,2,0,,,,,(R)-(-)-カルボン,,,(R)-(-)-Carvone,,,東京化成工業株式会社,,-,-,25,ml,ml,0.96,-,-,-,-,,,, 6485-40-1,C2NKM,C0703,2300,,,,,,,,単位管理,Unit Management,－,－,-,-,,,-,-,,,,,,,,,,,,,,,,,
(R)-(-)-テトラヒドロフルフリルアミン,FALSE,FALSE,FALSE,FALSE,FALSE,FALSE,FALSE,FALSE,FALSE,FALSE,TRUE,FALSE,FALSE,FALSE,FALSE,FALSE,東京化成工業株式会社,-, 7202-43-9,200,mg,1,0,,,,,(R)-(-)-テトラヒドロフルフリルアミン,,,(R)-(-)-Tetrahydrofurfurylamine,,,東京化成工業株式会社,,-,-,200,mg,mg,0.98,-,-,-,-,,,, 7202-43-9,UNOUD,T2551,3900,,,,,,,,単位管理,Unit Management,－,－,-,-,,,-,-,,,,,,,,,,,,,,,,,
(R)-(+)-1-(1-ナフチル)エチルアミン,FALSE,FALSE,FALSE,FALSE,FALSE,FALSE,TRUE,FALSE,FALSE,FALSE,FALSE,FALSE,FALSE,FALSE,FALSE,FALSE,東京化成工業株式会社,SU, 3886-70-2,1,g,1,0,,,,,(R)-(+)-1-(1-ナフチル)エチルアミン,,,(R)-(+)-1-(1-Naphthyl)ethylamine,,,東京化成工業株式会社,,SU,,1,g,g,1.07,冷蔵貯蔵,,-,-,,,, 3886-70-2,H9VBG,N0482,5000,,,,,,,,単位管理,Unit Management,－,－,-,-,,,-,-,,,,,,,,,,,,,,,,,
(R)-(+)-1-(4-ブロモフェニル)エチルアミン,FALSE,FALSE,FALSE,FALSE,FALSE,TRUE,FALSE,FALSE,FALSE,FALSE,FALSE,FALSE,FALSE,FALSE,FALSE,FALSE,東京化成工業株式会社,-, 45791-36-4,1,g,1,0,,,,,(R)-(+)-1-(4-ブロモフェニル)エチルアミン,,,(R)-(+)-1-(4-Bromophenyl)ethylamine,,,東京化成工業株式会社,,-,-,1,g,g,1.39,冷蔵貯蔵,,-,-,,,, 45791-36-4,WU0BG,B3672,5600,,,,,,,,単位管理,Unit Management,－,－,-,-,,,-,-,,,,,,,,,,,,,,,,,
(R)-(＋)-1-(4-メトキシフェニル)エチルアミン,FALSE,FALSE,FALSE,FALSE,FALSE,FALSE,FALSE,FALSE,FALSE,FALSE,TRUE,FALSE,FALSE,FALSE,FALSE,FALSE,ArkP,-, 22038-86-4,5,g,1,0,,,,,(R)-(＋)-1-(4-メトキシフェニル)エチルアミン,,,(R)-(＋)-1-(4-Methoxyphenyl)ethylamine,,,ArkP,,-,-,5,g,g,1,-,-,,,,,, 22038-86-4,37RO8,AK-34162,10000,,,,,97%,,,単位管理,Unit Management,－,－,-,-,,,-,-,,,,,,,,,,,,,,,,,
(R)-(+)-1-(p-トリル)エチルアミン,FALSE,FALSE,FALSE,FALSE,FALSE,FALSE,TRUE,FALSE,FALSE,FALSE,FALSE,FALSE,FALSE,FALSE,FALSE,FALSE,東京化成工業株式会社,ＥＰ, 4187-38-6,5,ml,1,0,,,,,(R)-(+)-1-(p-トリル)エチルアミン,,,(R)-(+)-1-(p-Tolyl)ethylamine,,,東京化成工業株式会社,,ＥＰ,,5,ml,ml,0.94,-,-,-,-,,,, 4187-38-6,LOLEM,T1380,19500,,-,-,,,,,単位管理,Unit Management,本,本,-,-,,,-,-,,,,,,,,,,,,,,,,,
(R)-(+)-1-フェニルエチルアミン,FALSE,FALSE,FALSE,FALSE,TRUE,FALSE,FALSE,FALSE,FALSE,FALSE,FALSE,FALSE,FALSE,FALSE,FALSE,FALSE,東京化成工業株式会社,-, 3886-69-9,25,ml,1,0,,,,,(R)-(+)-1-フェニルエチルアミン,,,(R)-(+)-1-Phenylethylamine,,,東京化成工業株式会社,,-,-,25,ml,ml,0.95,-,-,-,-,,,, 3886-69-9,I4GKM,P0794,4600,,,,,,,,単位管理,Unit Management,－,－,-,-,,,-,-,,,,,,,,,,,,,,,,,
(R)-(+)-4-クロロ-3-ヒドロキシブチロニトリル,FALSE,FALSE,FALSE,FALSE,FALSE,FALSE,FALSE,FALSE,TRUE,FALSE,FALSE,FALSE,FALSE,FALSE,FALSE,FALSE,東京化成工業株式会社,-, 84367-31-7,1,g,1,0,,,,,(R)-(+)-4-クロロ-3-ヒドロキシブチロニトリル,,,(R)-(+)-4-Chloro-3-hydroxybutyronitrile,,,東京化成工業株式会社,,-,-,1,g,g,1.25,-,-,-,-,,,, 84367-31-7,ZB2BG,C2763,4700,,,,,,,,単位管理,Unit Management,－,－,-,-,,,-,-,,,,,,,,,,,,,,,,,
(R)-(+)-N-ベンジル-1-フェニルエチルアミン,FALSE,FALSE,FALSE,FALSE,TRUE,FALSE,FALSE,FALSE,FALSE,FALSE,FALSE,FALSE,FALSE,FALSE,FALSE,FALSE,東京化成工業株式会社,-, 38235-77-7,5,ml,1,0,,,,,(R)-(+)-N-ベンジル-1-フェニルエチルアミン,,,(R)-(+)-N-Benzyl-1-phenylethylamine,,,東京化成工業株式会社,,-,-,5,ml,ml,1.01,-,-,-,-,,,, 38235-77-7,CIBEM,B1528,3500,,,,,,,,単位管理,Unit Management,－,－,-,-,,,-,-,,,,,,,,,,,,,,,,,
(R)-(+)-β-メチルフェネチルアミン,FALSE,FALSE,FALSE,FALSE,FALSE,FALSE,FALSE,FALSE,FALSE,FALSE,TRUE,FALSE,FALSE,FALSE,FALSE,FALSE,東京化成工業株式会社,-, 28163-64-6,5,g,1,0,,,,,(R)-(+)-β-メチルフェネチルアミン,,,(R)-(+)-beta-Methylphenethylamine,,,東京化成工業株式会社,,-,-,5,g,g,0.95,-,-,-,-,,,, 28163-64-6,SB6EG,M1746,10400,,,,,,,,単位管理,Unit Management,－,－,-,-,,,-,-,,,,,,,,,,,,,,,,,
(S)-(-)-1-フェニルエチルアミン,FALSE,FALSE,FALSE,FALSE,FALSE,TRUE,FALSE,FALSE,FALSE,FALSE,FALSE,FALSE,FALSE,FALSE,FALSE,FALSE,東京化成工業株式会社,-, 2627-86-3,25,ml,1,0,,,,,(S)-(-)-1-フェニルエチルアミン,,,(S)-(-)-1-Phenylethylamine,,,東京化成工業株式会社,,-,-,25,ml,ml,0.95,-,-,-,-,,,, 2627-86-3,I4FKM,P0793,4300,,,,,,,,単位管理,Unit Management,－,－,-,-,,,-,-,,,,,,,,,,,,,,,,,
(S)-(-)-2-ピロリドン-5-カルボン酸 (25g),FALSE,TRUE,FALSE,FALSE,FALSE,FALSE,FALSE,FALSE,FALSE,FALSE,FALSE,FALSE,FALSE,FALSE,FALSE,FALSE,富士フイルム和光純薬(株),和光特級, 98-79-3,25,g,1,0,,,,,(S)-(-)-2-ピロリドン-5-カルボン酸 (25g),,,(S)-(-)-2-Pyrrolidone-5-carboxylic Acid,,,富士フイルム和光純薬(株),,和光特級,,25,g,g,1,室温,,-,-,,,, 98-79-3,4.99E+12,169-17192,3800,C5H7NO3,,,,98+%(Titration),,mp. 157 - 165℃ ,単位管理,Unit Management,－,－,-,-,,,-,-,,,,,,,,,,,,,,,,,
"(S)-(-)-9,10-Difluoro-2,3-dihydro-3-methyl-7-oxo-7H-pyrido[1,2,3-de]-1,4-benzoxazine-6-carboxylic acid, 97%",FALSE,TRUE,FALSE,FALSE,FALSE,FALSE,FALSE,FALSE,FALSE,FALSE,FALSE,FALSE,FALSE,FALSE,FALSE,FALSE,Aldrich,-, 100986-89-8,1,g,1,0,,,,,,,,"(S)-(-)-9,10-Difluoro-2,3-dihydro-3-methyl-7-oxo-7H-pyrido[1,2,3-de]-1,4-benzoxazine-6-carboxylic acid, 97%",,,Aldrich,,-,-,1,g,g,1,室温,,-,-,,,, 100986-89-8,,570877,,,-,-,,,,,単位管理,Unit Management,本,本,-,-,,,-,-,,,,,,,,,,,,,,,,,
(S)-(-)-N-ベンジル-1-フェニルエチルアミン,FALSE,FALSE,FALSE,FALSE,FALSE,TRUE,FALSE,FALSE,FALSE,FALSE,FALSE,FALSE,FALSE,FALSE,FALSE,FALSE,東京化成工業株式会社,-, 17480-69-2,5,ml,1,0,,,,,(S)-(-)-N-ベンジル-1-フェニルエチルアミン,,,(S)-(-)-N-Benzyl-1-phenylethylamine,,,東京化成工業株式会社,,-,-,5,ml,ml,1.01,-,-,-,-,,,, 17480-69-2,CICEM,B1529,3500,,,,,,,,単位管理,Unit Management,－,－,-,-,,,-,-,,,,,,,,,,,,,,,,,
"(S)-(+)-1-Benzyl-3-aminopyrrolidine, 97%",FALSE,FALSE,FALSE,FALSE,FALSE,FALSE,FALSE,FALSE,FALSE,FALSE,TRUE,FALSE,FALSE,FALSE,FALSE,FALSE,Aldrich,-, 114715-38-7,1,g,1,0,,,,,,,,"(S)-(+)-1-Benzyl-3-aminopyrrolidine, 97%",,,Aldrich,,-,-,1,g,g,1,室温,,-,-,,,, 114715-38-7,,536598,,,,,,,,,単位管理,Unit Management,－,－,-,-,,,-,-,,,,,,,,,,,,,,,,,
"(S)-(+)-1-Cyclohexylethylamine, ChiPros(R), produced by BASF, 99%",FALSE,FALSE,FALSE,FALSE,FALSE,FALSE,FALSE,FALSE,FALSE,FALSE,TRUE,FALSE,FALSE,FALSE,FALSE,FALSE,Aldrich,produced by BASF, 17430-98-7,25,g,1,0,,,,,,,,"(S)-(+)-1-Cyclohexylethylamine, ChiPros(R), produced by BASF, 99%",,,Aldrich,,produced by BASF,,25,g,g,0.856,室温,,-,-,,,, 17430-98-7,,726796,,,,,,,,,単位管理,Unit Management,－,－,-,-,,,-,-,,,,,,,,,,,,,,,,,
(S)-(+)-2-(6-メトキシ-2-ナフチル)プロピオン酸,FALSE,FALSE,FALSE,FALSE,FALSE,FALSE,FALSE,FALSE,FALSE,FALSE,FALSE,FALSE,TRUE,FALSE,FALSE,FALSE,東京化成工業株式会社,-, 22204-53-1,25,g,2,0,,,,,(S)-(+)-2-(6-メトキシ-2-ナフチル)プロピオン酸,,,(S)-(+)-2-(6-Methoxy-2-naphthyl)propionic Acid,,,東京化成工業株式会社,,-,-,25,g,g,1,-,-,-,-,,,, 22204-53-1,HUVKG,M1021,9000,,,,,,,,単位管理,Unit Management,－,－,-,-,,,-,-,,,,,,,,,,,,,,,,,
(S)-(+)-2-アミノ-1-ブタノール,FALSE,FALSE,FALSE,FALSE,FALSE,FALSE,FALSE,FALSE,FALSE,FALSE,TRUE,FALSE,FALSE,FALSE,FALSE,FALSE,東京化成工業株式会社,-, 5856-62-2,5,ml,2,0,,,,,(S)-(+)-2-アミノ-1-ブタノール,,,(S)-(+)-2-Amino-1-butanol,,,東京化成工業株式会社,,-,-,5,ml,ml,0.94,-,-,-,-,,,, 5856-62-2,A1AEM,A0973,8700,,,,,,,,単位管理,Unit Management,－,－,-,-,,,-,-,,,,,,,,,,,,,,,,,
(S)-(+)-2-ﾌｪﾆﾙｸﾞﾘｼﾉｰﾙ,FALSE,FALSE,FALSE,FALSE,TRUE,FALSE,TRUE,FALSE,FALSE,FALSE,FALSE,FALSE,FALSE,FALSE,FALSE,FALSE,Aldrich,-, 20989-17-7,5,g,1,0,,,,,(S)-(+)-2-ﾌｪﾆﾙｸﾞﾘｼﾉｰﾙ,,,"(S)-(+)-2-Phenylglycinol, 98%",,,Aldrich,,-,-,5,g,g,1,室温,,-,-,,,, 20989-17-7,,282693,,,,,,,,,単位管理,Unit Management,－,－,-,-,,,-,-,,,,,,,,,,,,,,,,,
(Ｓ)－(＋)－２－フェニルグリシノール,FALSE,FALSE,FALSE,FALSE,FALSE,FALSE,TRUE,FALSE,FALSE,FALSE,FALSE,FALSE,FALSE,FALSE,FALSE,FALSE,Aldrich,-, 20989-17-7,5,g,0,1,,,,,(Ｓ)－(＋)－２－フェニルグリシノール,,,"(S)-(+)-2-PHENYLGLYCINOL, 98%",,,Aldrich,,-,-,5,g,g,1,室温,,-,-,,,, 20989-17-7,,282693,,,-,-,,,,,単位管理,Unit Management,本,本,-,-,,,-,-,,,,,,,,,,,,,,,,,
(S)-(+)-イブプロフェン,FALSE,TRUE,FALSE,FALSE,FALSE,FALSE,FALSE,FALSE,FALSE,FALSE,FALSE,FALSE,FALSE,FALSE,FALSE,FALSE,東京化成工業株式会社,-, 51146-56-6,1,g,1,0,,,,,(S)-(+)-イブプロフェン,,,(S)-(+)-Ibuprofen,,,東京化成工業株式会社,,-,-,1,g,g,1,-,-,-,-,,,, 51146-56-6,OC4BG,I0549,1900,,,,,,,,単位管理,Unit Management,－,－,-,-,,,-,-,,,,,,,,,,,,,,,,,
(S)-1-フェニル-2-(p-トリル)エチルアミン,FALSE,FALSE,FALSE,FALSE,TRUE,FALSE,FALSE,FALSE,FALSE,FALSE,FALSE,FALSE,FALSE,FALSE,FALSE,FALSE,東京化成工業株式会社,-, 30339-30-1,25,g,3,0,,,,,(S)-1-フェニル-2-(p-トリル)エチルアミン,,,(S)-1-Phenyl-2-(p-tolyl)ethylamine,,,東京化成工業株式会社,,-,-,25,g,g,1.02,-,-,-,-,,,, 30339-30-1,JDGKG,P1118,72400,,,,,,,,単位管理,Unit Management,－,－,-,-,,,-,-,,,,,,,,,,,,,,,,,
(S)-2-(tert-ブトキシカルボニルアミノ)酪酸,FALSE,TRUE,FALSE,FALSE,FALSE,FALSE,FALSE,FALSE,FALSE,FALSE,FALSE,FALSE,FALSE,FALSE,FALSE,FALSE,東京化成工業株式会社,-, 34306-42-8,5,g,1,0,,,,,(S)-2-(tert-ブトキシカルボニルアミノ)酪酸,,,(S)-2-(tert-Butoxycarbonylamino)butyric Acid,,,東京化成工業株式会社,,-,-,5,g,g,1,-,-,-,-,,,, 34306-42-8,3LAEG,B5115,3100,,,,,,,,単位管理,Unit Management,－,－,-,-,,,-,-,,,,,,,,,,,,,,,,,
(S)-3-ｱﾐﾉ-3-ﾌｪﾆﾙﾌﾟﾛﾊﾟﾝ-1-ｵｰﾙ,FALSE,FALSE,FALSE,TRUE,FALSE,FALSE,FALSE,FALSE,FALSE,FALSE,FALSE,FALSE,FALSE,FALSE,FALSE,FALSE,Thermo Fisher Scientific Inc.,-, 82769-76-4,1,g,1,0,,,,,(S)-3-ｱﾐﾉ-3-ﾌｪﾆﾙﾌﾟﾛﾊﾟﾝ-1-ｵｰﾙ,,,(S)-3-Amino-3-phenylpropan-1-ol,,,Thermo Fisher Scientific Inc.,,-,-,1,g,g,1,-,-,-,-,,,, 82769-76-4,,36217-2A,86350,C9H13NO,ガラスビン,,,,151.2054,,単位管理,Unit Management,－,－,-,-,,,-,-,,,,,,,,,C9／H13／N1／O1,,,,,,,,
1-(2-シアノエチル)-2-フェニルイミダゾール,FALSE,FALSE,TRUE,FALSE,FALSE,FALSE,FALSE,FALSE,FALSE,FALSE,FALSE,FALSE,FALSE,FALSE,FALSE,FALSE,東京化成工業株式会社,-, 23996-12-5,25,g,1,0,,,,,1-(2-シアノエチル)-2-フェニルイミダゾール,,,1-(2-Cyanoethyl)-2-phenylimidazole,,,東京化成工業株式会社,,-,-,25,g,g,1,-,-,-,-,,,, 23996-12-5,RGUKG,C1964,5400,,,,,,,,単位管理,Unit Management,－,－,-,-,,,-,-,,,,,,,,,,,,,,,,,
"1-(2-ヒドロキシエチル)-3,3-ジメチルインドリノ-6'-ニトロベンゾピリロスピラン",FALSE,FALSE,FALSE,TRUE,TRUE,TRUE,FALSE,FALSE,FALSE,TRUE,FALSE,FALSE,TRUE,FALSE,FALSE,FALSE,東京化成工業株式会社,-, 16111-07-2,5,g,8,0,,,,,"1-(2-ヒドロキシエチル)-3,3-ジメチルインドリノ-6'-ニトロベンゾピリロスピラン",,,"1-(2-Hydroxyethyl)-3,3-dimethylindolino-6'-nitrobenzopyrylospiran",,,東京化成工業株式会社,,-,-,5,g,g,1,-,-,-,-,,,, 16111-07-2,P7MEG,H1042,47100,,,,,,,,単位管理,Unit Management,－,－,-,-,,,-,-,,,,,,,,,,,,,,,,,
1-(2-ピリジル)ピペラジン,FALSE,FALSE,FALSE,FALSE,FALSE,TRUE,FALSE,FALSE,FALSE,FALSE,FALSE,FALSE,FALSE,FALSE,FALSE,FALSE,東京化成工業株式会社,-, 34803-66-2,5,g,1,0,,,,,1-(2-ピリジル)ピペラジン,,,1-(2-Pyridyl)piperazine,,,東京化成工業株式会社,,-,-,5,g,g,1.12,-,-,-,-,,,, 34803-66-2,JA3EG,P1033,4000,,,,,,,,単位管理,Unit Management,－,－,-,-,,,-,-,,,,,,,,,,,,,,,,,
1-(2-ﾋﾟﾘｼﾞﾙｱｿﾞ)-2-ﾅﾌﾄｰﾙ,FALSE,TRUE,FALSE,FALSE,FALSE,FALSE,FALSE,FALSE,FALSE,FALSE,FALSE,FALSE,FALSE,FALSE,FALSE,FALSE,関東化学株式会社,鹿特級, 85-85-8,5,g,2,0,,,,,1-(2-ﾋﾟﾘｼﾞﾙｱｿﾞ)-2-ﾅﾌﾄｰﾙ,PAN,,1-(2-Pyridylazo)-2-naphthol,PAN,,関東化学株式会社,"Kanto Chemical Co., Inc.",鹿特級,,5,g,g,1,-,-,-,-,,,, 85-85-8,3249250P,32492-50,20500,C5H4NN:NC10H6OH,ガラスビン,,,,249.2668,mp.139℃～144℃,単位管理,Unit Management,－,－,-,-,,,-,-,,,,,,,85858.jpg,,C15／H11／N3／O1,,,,,,,,
1-(3-ジメチルアミノプロピル)-3-エチルカルボジイミド,FALSE,FALSE,FALSE,FALSE,FALSE,FALSE,FALSE,FALSE,FALSE,FALSE,FALSE,FALSE,FALSE,FALSE,FALSE,TRUE,東京化成工業株式会社,-, 1892-57-5,25,g,1,0,,,,,1-(3-ジメチルアミノプロピル)-3-エチルカルボジイミド,,,1-(3-Dimethylaminopropyl)-3-ethylcarbodiimide,,,東京化成工業株式会社,,-,-,25,g,g,0.88,冷凍保存(-20℃),,-,-,,,, 1892-57-5,WXCKG,D4029,18300,,,,,,,,単位管理,Unit Management,－,－,-,-,,,-,-,,,,,,,,,,,,,,,,,
1-(4-ニトロフェニル)ピペラジン,FALSE,FALSE,FALSE,FALSE,FALSE,TRUE,FALSE,FALSE,FALSE,FALSE,FALSE,FALSE,FALSE,FALSE,FALSE,FALSE,東京化成工業株式会社,-, 6269-89-2,5,g,1,0,,,,,1-(4-ニトロフェニル)ピペラジン,,,1-(4-Nitrophenyl)piperazine,,,東京化成工業株式会社,,-,-,5,g,g,1,-,-,-,-,,,, 6269-89-2,PVYEG,N0694,3700,,,,,,,,単位管理,Unit Management,－,－,-,-,,,-,-,,,,,,,,,,,,,,,,,
1-(o-トリル)ビグアニド,FALSE,TRUE,FALSE,FALSE,FALSE,FALSE,FALSE,FALSE,FALSE,FALSE,FALSE,FALSE,FALSE,FALSE,FALSE,FALSE,東京化成工業株式会社,-, 93-69-6,25,g,1,0,,,,,1-(o-トリル)ビグアニド,,,1-(o-Tolyl)biguanide,,,東京化成工業株式会社,,-,-,25,g,g,1,-,-,-,-,,,, 93-69-6,KUZKG,T0314,3500,,,,,,,,単位管理,Unit Management,－,－,-,-,,,-,-,,,,,,,,,,,,,,,,,
"1,1,1,3,3,3-ヘキサフルオロプロパン-2-オール",FALSE,FALSE,FALSE,FALSE,FALSE,TRUE,FALSE,FALSE,FALSE,FALSE,FALSE,FALSE,FALSE,FALSE,FALSE,FALSE,東京化成工業株式会社,-, 920-66-1,25,g,1,0,,,,,"1,1,1,3,3,3-ヘキサフルオロプロパン-2-オール",,,"1,1,1,3,3,3-Hexafluoropropan-2-ol",,,東京化成工業株式会社,,-,-,25,g,g,1.62,-,-,-,-,,,, 920-66-1,GBCKG,H0424,7400,,,,,,,,単位管理,Unit Management,－,－,-,-,,,-,-,,,,,,,,,,,,,,,,,
"1,1,1-トリス(4-ヒドロキシフェニル)エタン",FALSE,TRUE,FALSE,FALSE,FALSE,FALSE,FALSE,FALSE,FALSE,FALSE,FALSE,FALSE,FALSE,FALSE,FALSE,FALSE,東京化成工業株式会社,-, 27955-94-8,25,g,1,0,,,,,"1,1,1-トリス(4-ヒドロキシフェニル)エタン",,,"1,1,1-Tris(4-hydroxyphenyl)ethane",,,東京化成工業株式会社,,-,-,25,g,g,1,-,-,-,-,,,, 27955-94-8,LK3KG,T1254,5300,,,,,,,,単位管理,Unit Management,－,－,-,-,,,-,-,,,,,,,,,,,,,,,,,
"1,10-フェナントロリン",FALSE,TRUE,FALSE,FALSE,FALSE,FALSE,FALSE,FALSE,FALSE,FALSE,FALSE,FALSE,FALSE,FALSE,FALSE,FALSE,Aldrich,-, 66-71-7,5,g,1,0,,,,,"1,10-フェナントロリン",,,"1,10-PHENANTHROLINE, 99+%",,,Aldrich,,-,-,5,g,g,1,室温,,-,-,,,, 66-71-7,,131377,,,-,-,,99+%,,,単位管理,Unit Management,本,本,-,-,,,-,-,,,,,,,,,,,,,,,,,
"1,1-シクロブタンジカルボン酸",FALSE,FALSE,FALSE,FALSE,FALSE,FALSE,FALSE,FALSE,FALSE,FALSE,FALSE,FALSE,TRUE,FALSE,FALSE,FALSE,東京化成工業株式会社,-, 5445-51-2,5,g,1,0,,,,,"1,1-シクロブタンジカルボン酸",,,"1,1-Cyclobutanedicarboxylic Acid",,,東京化成工業株式会社,,-,-,5,g,g,1,-,-,-,-,,,, 5445-51-2,C4HEG,C0769,2600,,,,,,,,単位管理,Unit Management,－,－,-,-,,,-,-,,,,,,,,,,,,,,,,,
"1,1-ジメチルビグアニド塩酸塩 (25g)",FALSE,FALSE,FALSE,FALSE,FALSE,FALSE,FALSE,TRUE,TRUE,FALSE,FALSE,FALSE,FALSE,FALSE,FALSE,FALSE,(株)ワコーケミカル (和光純薬取扱),-, 1115-70-4,25,g,1,2,,,,,"1,1-ジメチルビグアニド塩酸塩 (25g)",,,"1,1-Dimethylbiguanide Hydrochloride",,,(株)ワコーケミカル (和光純薬取扱),,-,-,25,g,g,1,室温,,-,-,,,, 1115-70-4,4.99E+12,328-22392,13000,(CH3)2NC(=NH)NHC(=NH)NH2・HCl,-,-,,97+%,,mp. 223～226℃ ,単位管理,Unit Management,本,本,-,-,,,-,-,,,,,,,,,,,,,,,,,
"1,1-ビス(4-ヒドロキシフェニル)シクロヘキサン",TRUE,FALSE,FALSE,FALSE,FALSE,FALSE,FALSE,FALSE,FALSE,FALSE,FALSE,FALSE,FALSE,FALSE,FALSE,FALSE,東京化成工業株式会社,-, 843-55-0,25,g,0,1,,,,,"1,1-ビス(4-ヒドロキシフェニル)シクロヘキサン",,,"1,1-Bis(4-hydroxyphenyl)cyclohexane",,,東京化成工業株式会社,,-,-,25,g,g,1,-,-,-,-,,,, 843-55-0,LWPKG,B1568,3500,,,,,,,,単位管理,Unit Management,－,－,-,-,,,-,-,,,,,,,,,,,,,,,,,
"1,2,4,5-テトラメチルイミダゾール",FALSE,FALSE,TRUE,FALSE,FALSE,FALSE,FALSE,FALSE,FALSE,FALSE,FALSE,FALSE,FALSE,FALSE,FALSE,FALSE,東京化成工業株式会社,-, 1739-83-9,25,g,1,0,,,,,"1,2,4,5-テトラメチルイミダゾール",,,"1,2,4,5-Tetramethylimidazole",,,東京化成工業株式会社,,-,-,25,g,g,1,-,-,-,-,,,, 1739-83-9,LC8KG,T0971,26200,,,,,,,,単位管理,Unit Management,－,－,-,-,,,-,-,,,,,,,,,,,,,,,,,
"1,2,4,5-ベンゼンテトラカルボン酸二無水物 (25g)",FALSE,FALSE,FALSE,FALSE,FALSE,FALSE,FALSE,FALSE,FALSE,FALSE,FALSE,FALSE,FALSE,FALSE,FALSE,TRUE,富士フイルム和光純薬(株),-, 89-32-7,25,g,1,0,,,,,"1,2,4,5-ベンゼンテトラカルボン酸二無水物 (25g)",,,"1,2,4,5-Benzenetetracarboxylic Dianhydride",,,富士フイルム和光純薬(株),,-,-,25,g,g,1,室温,,-,-,,,, 89-32-7,4.99E+12,161-06782,2920,C10H2O6,,,,85+%(NMR),,mp. 約 287℃ bp. 397 - 400℃,単位管理,Unit Management,－,－,-,-,,,-,-,,,,,,,,,,,,,,,,,
"1,2,4-ﾄﾘｱｿﾞ-ﾙ",TRUE,FALSE,FALSE,FALSE,FALSE,FALSE,FALSE,FALSE,FALSE,FALSE,FALSE,FALSE,FALSE,FALSE,FALSE,FALSE,東京化成工業株式会社,活性化剤, 288-88-0,25,g,1,0,,,,,"1,2,4-ﾄﾘｱｿﾞ-ﾙ",,,"1,2,4-Triazole",,,東京化成工業株式会社,,活性化剤,,25,g,g,1,-,-,-,-,,,, 288-88-0,KVPKG,T0340,2650,,ガラスビン,,,,,,単位管理,Unit Management,本,本,-,-,,,-,-,10,,,,ra,,,,,,,,,,,,
"1,2-エタンジスルホン酸二水和物",TRUE,FALSE,FALSE,FALSE,FALSE,FALSE,FALSE,FALSE,FALSE,FALSE,FALSE,FALSE,FALSE,FALSE,FALSE,FALSE,東京化成工業株式会社,-, 5982-56-9,5,g,1,0,,,,,"1,2-エタンジスルホン酸二水和物",,,"1,2-Ethanedisulfonic AcidDihydrate",,,東京化成工業株式会社,,-,-,5,g,g,1,-,-,-,-,,,, 5982-56-9,MHLEG,E0453,6000,,,,,,,,単位管理,Unit Management,－,－,-,-,,,-,-,,,,,,,,,,,,,,,,,
"1,2-ジ(4-ピリジル)エタン",TRUE,FALSE,FALSE,FALSE,FALSE,FALSE,FALSE,FALSE,FALSE,FALSE,FALSE,FALSE,FALSE,FALSE,FALSE,FALSE,東京化成工業株式会社,-, 4916-57-8,5,g,3,0,,,,,"1,2-ジ(4-ピリジル)エタン",,,"1,2-Di(4-pyridyl)ethane",,,東京化成工業株式会社,,-,-,5,g,g,1,-,-,-,-,,,, 4916-57-8,US8EG,D3752,16800,,,,,,,,単位管理,Unit Management,－,－,-,-,,,-,-,,,,,,,,,,,,,,,,,
"1,2-ジメチル-5-ニトロイミダゾール",FALSE,FALSE,TRUE,FALSE,FALSE,FALSE,FALSE,FALSE,FALSE,FALSE,FALSE,FALSE,FALSE,FALSE,FALSE,FALSE,東京化成工業株式会社,-, 551-92-8,25,g,1,0,,,,,"1,2-ジメチル-5-ニトロイミダゾール",,,"1,2-Dimethyl-5-nitroimidazole",,,東京化成工業株式会社,,-,-,25,g,g,1,冷蔵貯蔵,,-,-,,,, 551-92-8,EQOKG,D1564,3800,,,,,,,,単位管理,Unit Management,－,－,-,-,,,-,-,,,,,,,,,,,,,,,,,
"1,2-ジメチルイミダゾール",FALSE,FALSE,TRUE,FALSE,FALSE,FALSE,FALSE,FALSE,FALSE,FALSE,FALSE,FALSE,FALSE,FALSE,FALSE,FALSE,東京化成工業株式会社,-, 1739-84-0,25,g,1,0,,,,,"1,2-ジメチルイミダゾール",,,"1,2-Dimethylimidazole",,,東京化成工業株式会社,,-,-,25,g,g,1,-,-,-,-,,,, 1739-84-0,EQMKG,D1562,2600,,,,,,,,単位管理,Unit Management,－,－,-,-,,,-,-,,,,,,,,,,,,,,,,,
１，２－ジメチルイミダゾール,FALSE,FALSE,TRUE,FALSE,FALSE,FALSE,FALSE,FALSE,FALSE,FALSE,FALSE,FALSE,FALSE,FALSE,FALSE,FALSE,Aldrich,-, 1739-84-0,5,g,1,0,,,,,１，２－ジメチルイミダゾール,,,"1,2-DIMETHYLIMIDAZOLE, 98%",,,Aldrich,,-,-,5,g,g,1,室温,,-,-,,,, 1739-84-0,,136131,,,-,-,,,,,単位管理,Unit Management,本,本,-,-,,,-,-,,,,,,,,,,,,,,,,,
"1,2-ｼﾞﾒﾄｷｼｴﾀﾝ",FALSE,FALSE,FALSE,FALSE,FALSE,FALSE,FALSE,FALSE,FALSE,FALSE,TRUE,FALSE,FALSE,FALSE,FALSE,FALSE,東京化成工業株式会社,有機化合物, 110-71-4,500,ml,1,0,,,,,"1,2-ｼﾞﾒﾄｷｼｴﾀﾝ",,,"1,2-Dimethoxyethane",,,東京化成工業株式会社,,有機化合物,,500,ml,ml,0.87,-,-,-,-,1,661,100, 110-71-4,D0VKM,D0634,4400,,ガラスビン,,,,,,単位管理,Unit Management,本,本,-,-,,,-,-,10,,,,ｆｇ,,,,,,,,,,,,
１，２－ジヨードエタン,FALSE,FALSE,FALSE,TRUE,FALSE,FALSE,FALSE,FALSE,FALSE,FALSE,FALSE,FALSE,FALSE,FALSE,FALSE,FALSE,Aldrich,-, 624-73-7,5,g,1,0,,,,,１，２－ジヨードエタン,,,"1,2-DIIODOETHANE, 99%",,,Aldrich,,-,-,5,g,g,1,冷蔵貯蔵,,-,-,,,, 624-73-7,,D122807,,,-,-,,,,,単位管理,Unit Management,本,本,-,-,,,-,-,,,,,,,,,,,,,,,,,
"1,2-ﾌﾟﾛﾊﾟﾝｼﾞｵｰﾙ",FALSE,FALSE,FALSE,FALSE,FALSE,FALSE,FALSE,FALSE,FALSE,FALSE,TRUE,FALSE,FALSE,FALSE,FALSE,FALSE,関東化学株式会社,特級, 57-55-6,500,ml,1,0,,,,,"1,2-ﾌﾟﾛﾊﾟﾝｼﾞｵｰﾙ","1,2-ｼﾞﾋﾄﾞﾛｷｼﾌﾟﾛﾊﾟﾝ",ﾌﾟﾛﾋﾟﾚﾝｸﾞﾘｺｰﾙ,"1,2-Propanediol","1,2-Dihydroxypropane",Propylene glycol,関東化学株式会社,"Kanto Chemical Co., Inc.",特級,,500,ml,ml,1.036,-,-,-,-,,,, 57-55-6,3245800M,32458-00,2000,CH3CH(OH)CH2OH,ガラスビン,,"無色,粘性,液体",>99.0%(GC),76.0944,bp.188.2℃ mp.-60℃ d(25/4℃) 1.036 Fp.98.9℃,単位管理,Unit Management,－,－,-,-,,,-,-,,,,,,,,,C3／H8／O2,,,,,,,,
"1,3,3-トリメチル-2-メチレンインドリン",FALSE,FALSE,FALSE,FALSE,FALSE,TRUE,FALSE,FALSE,FALSE,FALSE,FALSE,FALSE,FALSE,FALSE,FALSE,FALSE,東京化成工業株式会社,-, 118-12-7,25,ml,1,0,,,,,"1,3,3-トリメチル-2-メチレンインドリン",,,"1,3,3-Trimethyl-2-methyleneindoline",,,東京化成工業株式会社,,-,-,25,ml,ml,0.98,-,-,-,-,,,, 118-12-7,LAOKM,T0879,2500,,,,,,,,単位管理,Unit Management,－,－,-,-,,,-,-,,,,,,,,,,,,,,,,,
"1',3',3'-ﾄﾘﾒﾁﾙ-6-ﾋﾄﾞﾛｷｼｽﾋﾟﾛ(2H-1-ﾍﾞﾝｿﾞﾋﾟﾗﾝ-2,2'-ｲﾝﾄﾞﾘﾝ)",TRUE,FALSE,FALSE,FALSE,FALSE,FALSE,FALSE,FALSE,FALSE,FALSE,FALSE,FALSE,FALSE,FALSE,FALSE,FALSE,Thermo Fisher Scientific Inc.,-, 23001-29-8,5,g,1,0,,,,,"1',3',3'-ﾄﾘﾒﾁﾙ-6-ﾋﾄﾞﾛｷｼｽﾋﾟﾛ(2H-1-ﾍﾞﾝｿﾞﾋﾟﾗﾝ-2,2'-ｲﾝﾄﾞﾘﾝ)",,,"1',3',3'-Trimethyl-6-hydroxyspiro(2H-1-benzopyran-2,2'-indoline)",,,Thermo Fisher Scientific Inc.,,-,-,5,g,g,1,-,-,-,-,,,, 23001-29-8,,42192-1A,56430,C19H19NO2,ガラスビン,,,,293.3587,,単位管理,Unit Management,－,－,-,-,,,-,-,,,,,,,23001298.jpg,,C19／H19／N1／O2,,,,,,,,
"1,3,3-トリメチルインドリノ-6'-ニトロベンゾピリロスピラン",FALSE,FALSE,FALSE,FALSE,FALSE,TRUE,FALSE,FALSE,FALSE,FALSE,FALSE,FALSE,FALSE,FALSE,FALSE,FALSE,東京化成工業株式会社,-, 1498-88-0,1,g,3,0,,,,,"1,3,3-トリメチルインドリノ-6'-ニトロベンゾピリロスピラン",,,"1,3,3-Trimethylindolino-6'-nitrobenzopyrylospiran",,,東京化成工業株式会社,,-,-,1,g,g,1,-,-,-,-,,,, 1498-88-0,KWFBG,T0366,7100,,,,,,,,単位管理,Unit Management,－,－,-,-,,,-,-,,,,,,,,,,,,,,,,,
"1,3,3-トリメチルインドリノ-6'-ブロモベンゾピリロスピラン",FALSE,FALSE,FALSE,FALSE,FALSE,TRUE,FALSE,FALSE,FALSE,FALSE,FALSE,FALSE,FALSE,FALSE,FALSE,FALSE,東京化成工業株式会社,-, 16650-14-9,1,g,1,0,,,,,"1,3,3-トリメチルインドリノ-6'-ブロモベンゾピリロスピラン",,,"1,3,3-Trimethylindolino-6'-bromobenzopyrylospiran",,,東京化成工業株式会社,,-,-,1,g,g,1,-,-,-,-,,,, 16650-14-9,KWJBG,T0370,19000,,,,,,,,単位管理,Unit Management,－,－,-,-,,,-,-,,,,,,,,,,,,,,,,,
"1,3,3-トリメチルインドリノ-β-ナフトピリロスピラン",FALSE,FALSE,FALSE,FALSE,FALSE,TRUE,FALSE,FALSE,FALSE,FALSE,FALSE,FALSE,FALSE,FALSE,FALSE,FALSE,東京化成工業株式会社,-, 1592-43-4,1,g,1,0,,,,,"1,3,3-トリメチルインドリノ-β-ナフトピリロスピラン",,,"1,3,3-Trimethylindolino-beta-naphthopyrylospiran",,,東京化成工業株式会社,,-,-,1,g,g,1,-,-,-,-,,,, 1592-43-4,KX0BG,T0423,6300,,,,,,,,単位管理,Unit Management,－,－,-,-,,,-,-,,,,,,,,,,,,,,,,,
"1,3,3-トリメチルインドリノベンゾピリロスピラン",FALSE,FALSE,FALSE,FALSE,FALSE,TRUE,FALSE,FALSE,FALSE,FALSE,FALSE,FALSE,FALSE,FALSE,FALSE,FALSE,東京化成工業株式会社,-, 1485-92-3,1,g,1,0,,,,,"1,3,3-トリメチルインドリノベンゾピリロスピラン",,,"1,3,3-Trimethylindolinobenzopyrylospiran",,,東京化成工業株式会社,,-,-,1,g,g,1,-,-,-,-,,,, 1485-92-3,KVTBG,T0344,12400,,,,,,,,単位管理,Unit Management,－,－,-,-,,,-,-,,,,,,,,,,,,,,,,,
"1,3,5-ｼｸﾛﾍｷｻﾝﾄﾘｶﾙﾎﾞﾝ酸",TRUE,FALSE,FALSE,FALSE,FALSE,FALSE,FALSE,FALSE,FALSE,FALSE,FALSE,FALSE,FALSE,FALSE,FALSE,FALSE,Aldrich,-, 16526-68-4,10,g,1,0,,,,,"1,3,5-ｼｸﾛﾍｷｻﾝﾄﾘｶﾙﾎﾞﾝ酸",,,"1,3,5-Cyclohexanetricarboxylic acid, cis 95 %",,,Aldrich,,-,-,10,g,g,1,室温,,-,-,,,, 16526-68-4,,344346,,,,,,,,,単位管理,Unit Management,－,－,-,-,,,-,-,,,,,,,,,,,,,,,,,
"1,3,5-トリアジン",FALSE,TRUE,FALSE,FALSE,FALSE,FALSE,FALSE,FALSE,FALSE,FALSE,FALSE,FALSE,FALSE,FALSE,FALSE,FALSE,東京化成工業株式会社,-, 290-87-9,5,g,1,0,,,,,"1,3,5-トリアジン",,,"1,3,5-Triazine",,,東京化成工業株式会社,,-,-,5,g,g,1,-,-,-,-,,,, 290-87-9,KVOEG,T0339,15500,,,,,,,,単位管理,Unit Management,－,－,-,-,,,-,-,,,,,,,,,,,,,,,,,
"1,3,5-ベンゼントリカルボン酸 (25g)",TRUE,FALSE,FALSE,FALSE,FALSE,FALSE,FALSE,FALSE,FALSE,FALSE,FALSE,FALSE,FALSE,FALSE,FALSE,FALSE,富士フイルム和光純薬(株),和光特級, 554-95-0,25,g,1,0,,,,,"1,3,5-ベンゼントリカルボン酸 (25g)",,,"1,3,5-Benzenetricarboxylic Acid",,,富士フイルム和光純薬(株),,和光特級,,25,g,g,1,室温,,-,-,,,, 554-95-0,4.99E+12,204-03642,19400,C6H3(COOH)3,,,,98+%(Titration),,mp. ＞300～330℃ ,単位管理,Unit Management,－,－,-,-,,,-,-,,,,,,,,,,,,,,,,,
"1,3-ジ(4-ピリジル)プロパン",TRUE,FALSE,FALSE,FALSE,FALSE,FALSE,FALSE,FALSE,FALSE,FALSE,FALSE,FALSE,FALSE,FALSE,FALSE,FALSE,東京化成工業株式会社,-, 17252-51-6,25,g,1,0,,,,,"1,3-ジ(4-ピリジル)プロパン",,,"1,3-Di(4-pyridyl)propane",,,東京化成工業株式会社,,-,-,25,g,g,1,-,-,-,-,,,, 17252-51-6,D9BKG,D0938,9900,,,,,,,,単位管理,Unit Management,－,－,-,-,,,-,-,,,,,,,,,,,,,,,,,
"1,3-ジ(o-トリル)チオ尿素",TRUE,FALSE,FALSE,FALSE,FALSE,FALSE,FALSE,FALSE,FALSE,FALSE,FALSE,FALSE,FALSE,FALSE,FALSE,FALSE,東京化成工業株式会社,-, 137-97-3,25,g,1,0,,,,,"1,3-ジ(o-トリル)チオ尿素",,,"1,3-Di(o-tolyl)thiourea",,,東京化成工業株式会社,,-,-,25,g,g,1,-,-,-,-,,,, 137-97-3,D5JKG,D0802,4200,,,,,,,,単位管理,Unit Management,－,－,-,-,,,-,-,,,,,,,,,,,,,,,,,
"1,3-ジ-4-ピペリジルプロパン",TRUE,FALSE,FALSE,FALSE,FALSE,FALSE,FALSE,FALSE,FALSE,FALSE,FALSE,FALSE,FALSE,FALSE,FALSE,FALSE,東京化成工業株式会社,-, 16898-52-5,25,g,1,0,,,,,"1,3-ジ-4-ピペリジルプロパン",,,"1,3-Di-4-piperidylpropane",,,東京化成工業株式会社,,-,-,25,g,g,1,-,-,-,-,,,, 16898-52-5,DREKG,D0293,5100,,,,,,,,単位管理,Unit Management,－,－,-,-,,,-,-,,,,,,,,,,,,,,,,,
"1,3-ジ-o-トリルグアニジン",TRUE,FALSE,FALSE,FALSE,FALSE,FALSE,FALSE,FALSE,FALSE,FALSE,FALSE,FALSE,FALSE,FALSE,FALSE,FALSE,東京化成工業株式会社,-, 97-39-2,25,g,1,0,,,,,"1,3-ジ-o-トリルグアニジン",,,"1,3-Di-o-tolylguanidine",,,東京化成工業株式会社,,-,-,25,g,g,1,-,-,-,-,,,, 97-39-2,D9QKG,D0953,2200,,,,,,,,単位管理,Unit Management,－,－,-,-,,,-,-,,,,,,,,,,,,,,,,,
"1,3-ジオキサン",FALSE,FALSE,FALSE,FALSE,FALSE,FALSE,FALSE,TRUE,FALSE,FALSE,FALSE,FALSE,FALSE,FALSE,FALSE,FALSE,東京化成工業株式会社,-, 505-22-6,25,ml,2,0,,,,,"1,3-ジオキサン",,,"1,3-Dioxane",,,東京化成工業株式会社,,-,-,25,ml,ml,1.04,-,-,-,-,,,, 505-22-6,D64KM,D0859,10700,,,,,,,,単位管理,Unit Management,－,－,-,-,,,-,-,,,,,,,,,,,,,,,,,
"1,3-ジフェニルグアニジン",FALSE,FALSE,TRUE,FALSE,FALSE,FALSE,FALSE,FALSE,FALSE,FALSE,FALSE,FALSE,FALSE,FALSE,FALSE,FALSE,東京化成工業株式会社,-, 102-06-7,25,g,1,0,,,,,"1,3-ジフェニルグアニジン",,,"1,3-Diphenylguanidine",,,東京化成工業株式会社,,-,-,25,g,g,1,-,-,-,-,2,205,100, 102-06-7,D3CKG,D0723,1900,,,,,,,,単位管理,Unit Management,－,－,-,-,,,-,-,,,,,,,,,,,,,,,,,
"1,3-ジブロモプロパン",FALSE,FALSE,FALSE,FALSE,FALSE,FALSE,FALSE,FALSE,FALSE,FALSE,TRUE,FALSE,FALSE,FALSE,FALSE,FALSE,東京化成工業株式会社,-, 109-64-8,25,g,4,0,,,,,"1,3-ジブロモプロパン",,,"1,3-Dibromopropane",,,東京化成工業株式会社,,-,-,25,g,g,1.98,-,-,-,-,,,, 109-64-8,DOVKG,D0202,2000,,,,,,,,単位管理,Unit Management,－,－,-,-,,,-,-,,,,,,,,,,,,,,,,,
"1,3-ジメチルナフタレン",TRUE,FALSE,FALSE,FALSE,FALSE,FALSE,FALSE,FALSE,FALSE,FALSE,FALSE,FALSE,FALSE,FALSE,FALSE,FALSE,東京化成工業株式会社,-, 575-41-7,1,g,1,0,,,,,"1,3-ジメチルナフタレン",,,"1,3-Dimethylnaphthalene",,,東京化成工業株式会社,,-,-,1,g,g,1.01,-,-,-,-,,,, 575-41-7,D6BBG,D0830,6600,,,,,,,,単位管理,Unit Management,－,－,-,-,,,-,-,,,,,,,,,,,,,,,,,
１，３－ジヨードベンゼン,FALSE,FALSE,FALSE,FALSE,FALSE,TRUE,FALSE,FALSE,FALSE,FALSE,FALSE,FALSE,FALSE,FALSE,FALSE,FALSE,Aldrich,-, 626-00-6,5,g,1,0,,,,,１，３－ジヨードベンゼン,,,"1,3-DIIODOBENZENE, 98%",,,Aldrich,,-,-,5,g,g,1,室温,,-,-,,,, 626-00-6,,475262,,,-,-,,,,,単位管理,Unit Management,本,本,-,-,,,-,-,,,,,,,,,,,,,,,,,
"1,3-ビス(ヘキサフルオロ-α-ヒドロキシイソプロピル)ベンゼン",FALSE,FALSE,FALSE,TRUE,TRUE,FALSE,FALSE,FALSE,FALSE,FALSE,FALSE,FALSE,FALSE,FALSE,FALSE,FALSE,東京化成工業株式会社,-, 802-93-7,5,g,1,0,,,,,"1,3-ビス(ヘキサフルオロ-α-ヒドロキシイソプロピル)ベンゼン",,,"1,3-Bis(hexafluoro-alpha-hydroxyisopropyl)benzene",,,東京化成工業株式会社,,-,-,5,g,g,1.66,-,-,-,-,,,, 802-93-7,CE4EG,B1403,6900,,,,,,,,単位管理,Unit Management,－,－,-,-,,,-,-,,,,,,,,,,,,,,,,,
"1,3-プロパンスルトン",FALSE,TRUE,FALSE,FALSE,FALSE,FALSE,FALSE,FALSE,FALSE,FALSE,FALSE,FALSE,FALSE,FALSE,FALSE,FALSE,東京化成工業株式会社,-, 1120-71-4,25,g,1,0,,,,,"1,3-プロパンスルトン",,,"1,3-Propanesultone",,,東京化成工業株式会社,,-,-,25,g,g,1,冷蔵貯蔵,,-,-,,,, 1120-71-4,IREKG,P0324,3200,,,,,,,,単位管理,Unit Management,－,－,-,-,,,-,-,,,,,,,,,,,,,,,,,
"1,3-ベンゼンジボロン酸(1g)",FALSE,FALSE,TRUE,FALSE,FALSE,FALSE,FALSE,FALSE,FALSE,FALSE,FALSE,FALSE,FALSE,FALSE,FALSE,FALSE,Thermo Scientific (旧Alfa Aesar(AFA)),-, 4612-28-6,1,g,1,0,,,,,"1,3-ベンゼンジボロン酸(1g)",,,"1,3-Benzenediboronic Acid",,,Thermo Scientific (旧Alfa Aesar(AFA)),,-,-,1,g,g,1,室温,,-,-,1,405,100, 4612-28-6,,B24903,19100,C6H8B2O4,,,,,,,単位管理,Unit Management,－,－,-,-,,,-,-,,,,,,,,,,,,,,,,,
"1,4-アンドロスタジエン-3,17-ジオン",FALSE,FALSE,FALSE,FALSE,FALSE,FALSE,FALSE,FALSE,TRUE,FALSE,FALSE,FALSE,FALSE,FALSE,FALSE,FALSE,東京化成工業株式会社,-, 897-06-3,5,g,1,0,,,,,"1,4-アンドロスタジエン-3,17-ジオン",,,"1,4-Androstadiene-3,17-dione",,,東京化成工業株式会社,,-,-,5,g,g,1,-,-,-,-,,,, 897-06-3,AX1EG,A0856,16000,,,,,,,,単位管理,Unit Management,－,－,-,-,,,-,-,,,,,,,,,,,,,,,,,
"1,4-ジアザビシクロ[2.2.2]オクタン (25g)",FALSE,FALSE,FALSE,FALSE,FALSE,TRUE,FALSE,FALSE,FALSE,FALSE,FALSE,FALSE,FALSE,FALSE,FALSE,FALSE,富士フイルム和光純薬(株),和光一級, 280-57-9,25,g,2,0,,,,,"1,4-ジアザビシクロ[2.2.2]オクタン (25g)",,,"1,4-Diazabicyclo[2.2.2]octane",,,富士フイルム和光純薬(株),,和光一級,,25,g,g,1.14,室温,,-,-,,,, 280-57-9,4.99E+12,049-25712,2250,C6H12N2,,,,95+%(Titration),,mp. 約158℃ bp. 174℃,単位管理,Unit Management,－,－,-,-,,,-,-,,,,,,,,,,,,,,,,,
"1,4-ジアセチルベンゼン",TRUE,FALSE,FALSE,FALSE,FALSE,FALSE,FALSE,FALSE,FALSE,FALSE,FALSE,FALSE,FALSE,FALSE,FALSE,FALSE,東京化成工業株式会社,-, 1009-61-6,25,g,1,0,,,,,"1,4-ジアセチルベンゼン",,,"1,4-Diacetylbenzene",,,東京化成工業株式会社,,-,-,25,g,g,1,-,-,-,-,,,, 1009-61-6,DK3KG,D0066,20700,,,,,,,,単位管理,Unit Management,－,－,-,-,,,-,-,,,,,,,,,,,,,,,,,
"1,4-ジニトロベンゼン",TRUE,FALSE,FALSE,FALSE,FALSE,FALSE,FALSE,FALSE,FALSE,FALSE,FALSE,FALSE,FALSE,FALSE,FALSE,FALSE,東京化成工業株式会社,-, 100-25-4,5,g,0,2,,,,,"1,4-ジニトロベンゼン",,,"1,4-Dinitrobenzene",,,東京化成工業株式会社,,-,-,5,g,g,1,-,-,-,-,,,, 100-25-4,D50EG,D0819,6700,,,,,,,,単位管理,Unit Management,－,－,-,-,,,-,-,,,,,,,,,,,,,,,,,
"1,4-ジヨードベンゼン",FALSE,FALSE,FALSE,FALSE,FALSE,TRUE,FALSE,FALSE,FALSE,FALSE,FALSE,FALSE,FALSE,FALSE,FALSE,FALSE,東京化成工業株式会社,-, 624-38-4,5,g,1,0,,,,,"1,4-ジヨードベンゼン",,,"1,4-Diiodobenzene",,,東京化成工業株式会社,,-,-,5,g,g,1,-,-,-,-,,,, 624-38-4,DZ5EG,D0608,3700,,,,,,,,単位管理,Unit Management,－,－,-,-,,,-,-,,,,,,,,,,,,,,,,,
"1,4-ビス(ヘキサフルオロ-2-ヒドロキシイソプロピル)ベンゼン (5g)",FALSE,FALSE,FALSE,FALSE,FALSE,FALSE,FALSE,TRUE,FALSE,FALSE,FALSE,FALSE,FALSE,FALSE,FALSE,FALSE,和光純薬工業(株),和光特級, 1992-15-0,5,g,1,0,,,,,"1,4-ビス(ヘキサフルオロ-2-ヒドロキシイソプロピル)ベンゼン (5g)",,,"1,4-Bis(hexafluoro-2-hydroxyisopropyl)benzene",,,和光純薬工業(株),,和光特級,,5,g,g,1,室温,,-,-,,,, 1992-15-0,4.99E+12,026-11491,5000,C12H6F12O2,-,-,,98.0+% Capillary GC),410.16,mp. 78.7℃,単位管理,Unit Management,本,本,-,-,,,-,-,,,,,,,,,,,,,,,,,
"1,4-ビス(ヘキサフルオロ-α-ヒドロキシイソプロピル)ベンゼン水和物",FALSE,FALSE,FALSE,FALSE,FALSE,TRUE,FALSE,FALSE,FALSE,FALSE,FALSE,FALSE,FALSE,FALSE,FALSE,FALSE,東京化成工業株式会社,-, 1992-15-0,5,g,1,0,,,,,"1,4-ビス(ヘキサフルオロ-α-ヒドロキシイソプロピル)ベンゼン水和物",,,"1,4-Bis(hexafluoro-alpha-hydroxyisopropyl)benzene Hydrate",,,東京化成工業株式会社,,-,-,5,g,g,1,-,-,-,-,,,, 1992-15-0,CFKEG,B1419,8600,,-,-,,,,,単位管理,Unit Management,本,本,-,-,,,-,-,,,,,,,,,,,,,,,,,
"1,4-フェニレンジアミン",FALSE,FALSE,FALSE,FALSE,FALSE,FALSE,TRUE,FALSE,FALSE,TRUE,FALSE,FALSE,FALSE,FALSE,FALSE,FALSE,東京化成工業株式会社,-, 106-50-3,25,g,2,0,,,,,"1,4-フェニレンジアミン",,,"1,4-Phenylenediamine",,,東京化成工業株式会社,,-,-,25,g,g,1,-,-,-,-,1,348,100, 106-50-3,IM4KG,P0170,2600,,,,,,,,単位管理,Unit Management,－,－,-,-,,,-,-,,,,,,,,,,,,,,,,,
"1,4-フェニレンジボロン酸",FALSE,TRUE,FALSE,FALSE,FALSE,FALSE,FALSE,FALSE,FALSE,FALSE,FALSE,FALSE,FALSE,FALSE,FALSE,FALSE,東京化成工業株式会社,-, 4612-26-4,1,g,1,0,,,,,"1,4-フェニレンジボロン酸",,,"1,4-Phenylenediboronic Acid(contains varying amounts of Anhydride)",,,東京化成工業株式会社,,-,-,1,g,g,1,-,-,-,-,1,405,100, 4612-26-4,OL5BG,P1358,4200,,,,,,,,単位管理,Unit Management,－,－,-,-,,,-,-,,,,,,,,,,,,,,,,,
"1,4-ベンゾキノン",TRUE,FALSE,FALSE,FALSE,FALSE,FALSE,FALSE,FALSE,FALSE,FALSE,FALSE,FALSE,FALSE,FALSE,FALSE,FALSE,東京化成工業株式会社,-, 106-51-4,25,g,1,0,,,,,"1,4-ベンゾキノン",,,"1,4-Benzoquinone",,,東京化成工業株式会社,,-,-,25,g,g,1,冷蔵貯蔵,,-,-,,,, 106-51-4,BEPKG,B0089,3100,,,,,,,,単位管理,Unit Management,－,－,-,-,,,-,-,,,,,,,,,,,,,,,,,
"1,5-ジメチルナフタレン",TRUE,FALSE,FALSE,FALSE,FALSE,FALSE,FALSE,FALSE,FALSE,FALSE,FALSE,FALSE,FALSE,FALSE,FALSE,FALSE,東京化成工業株式会社,-, 571-61-9,1,g,1,0,,,,,"1,5-ジメチルナフタレン",,,"1,5-Dimethylnaphthalene",,,東京化成工業株式会社,,-,-,1,g,g,1,-,-,-,-,,,, 571-61-9,O5DBG,D2764,6800,,,,,,,,単位管理,Unit Management,－,－,-,-,,,-,-,,,,,,,,,,,,,,,,,
"1,5-ナフタレンジスルホン酸四水和物",FALSE,FALSE,FALSE,FALSE,FALSE,FALSE,FALSE,FALSE,FALSE,FALSE,FALSE,FALSE,TRUE,FALSE,FALSE,FALSE,東京化成工業株式会社,-, 211366-30-2,25,g,1,0,,,,,"1,5-ナフタレンジスルホン酸四水和物",,,"1,5-Naphthalenedisulfonic AcidTetrahydrate",,,東京化成工業株式会社,,-,-,25,g,g,1,-,-,-,-,,,, 211366-30-2,RPYKG,N0763,2600,,,,,,,,単位管理,Unit Management,－,－,-,-,,,-,-,,,,,,,,,,,,,,,,,
"1,8-ジアザビシクロ[5.4.0]-7-ウンデセン",FALSE,FALSE,FALSE,FALSE,FALSE,TRUE,FALSE,FALSE,FALSE,FALSE,FALSE,FALSE,FALSE,FALSE,FALSE,FALSE,東京化成工業株式会社,-, 6674-22-2,25,g,1,0,,,,,"1,8-ジアザビシクロ[5.4.0]-7-ウンデセン",,,"1,8-Diazabicyclo[5.4.0]-7-undecene",,,東京化成工業株式会社,,-,-,25,g,g,1.02,-,-,-,-,,,, 6674-22-2,EIJKG,D1270,2100,,,,,,,,単位管理,Unit Management,－,－,-,-,,,-,-,,,,,,,,,,,,,,,,,
"1,8-ビス(ジメチルアミノ)ナフタレン",TRUE,FALSE,FALSE,FALSE,FALSE,FALSE,FALSE,FALSE,FALSE,FALSE,FALSE,FALSE,FALSE,FALSE,FALSE,FALSE,東京化成工業株式会社,SU, 20734-58-1,5,g,1,0,,,,,"1,8-ビス(ジメチルアミノ)ナフタレン",,,"1,8-Bis(dimethylamino)naphthalene[for Dehydrohalogenation]",,,東京化成工業株式会社,,SU,,5,g,g,1,-,-,-,-,,,, 20734-58-1,B4HEG,B1018,11000,,,,,,,,単位管理,Unit Management,－,－,-,-,,,-,-,,,,,,,,,,,,,,,,,
15-ｸﾗｳﾝ-5,FALSE,FALSE,FALSE,FALSE,FALSE,FALSE,FALSE,FALSE,FALSE,FALSE,TRUE,FALSE,FALSE,FALSE,FALSE,FALSE,Thermo Fisher Scientific Inc.,-, 33100-27-5,5,g,1,0,,,,,15-ｸﾗｳﾝ-5,,,15-Crown-5,,,Thermo Fisher Scientific Inc.,,-,-,5,g,g,1.109,-,-,-,-,,,, 33100-27-5,,18286-1A,6710,C10H20O5,ガラスビン,,,,220.2626,bp.100℃～135℃(0.2mm) d1.109,単位管理,Unit Management,－,－,-,-,,,-,-,,,,,,,33100275.jpg,,C10／H20／O5,,,,,,,,
1H-テトラゾール,FALSE,FALSE,FALSE,FALSE,FALSE,TRUE,FALSE,FALSE,FALSE,FALSE,FALSE,FALSE,FALSE,FALSE,FALSE,FALSE,東京化成工業株式会社,SU, 288-94-8,5,g,1,0,,,,,1H-テトラゾール,,,1H-Tetrazole[Coupling Agent],,,東京化成工業株式会社,,SU,,5,g,g,1,冷蔵貯蔵,,-,-,,,, 288-94-8,LEIEG,T1017,9500,,,,,,,,単位管理,Unit Management,－,－,-,-,,,-,-,,,,,,,,,,,,,,,,,
1-インダノン,TRUE,FALSE,FALSE,FALSE,FALSE,FALSE,FALSE,FALSE,FALSE,FALSE,FALSE,FALSE,FALSE,FALSE,FALSE,FALSE,東京化成工業株式会社,-, 83-33-0,5,g,2,0,,,,,1-インダノン,,,1-Indanone,,,東京化成工業株式会社,,-,-,5,g,g,1,-,-,-,-,,,, 83-33-0,GLXEG,I0013,3200,,,,,,,,単位管理,Unit Management,－,－,-,-,,,-,-,,,,,,,,,,,,,,,,,
1-エチルイミダゾール,TRUE,FALSE,FALSE,FALSE,FALSE,FALSE,FALSE,FALSE,FALSE,FALSE,FALSE,FALSE,FALSE,FALSE,FALSE,FALSE,東京化成工業株式会社,-, 7098-07-9,25,g,1,0,,,,,1-エチルイミダゾール,,,1-Ethylimidazole,,,東京化成工業株式会社,,-,-,25,g,g,1,-,-,-,-,,,, 7098-07-9,FBWKG,E0132,4400,,,,,,,,単位管理,Unit Management,－,－,-,-,,,-,-,,,,,,,,,,,,,,,,,
1-ｴﾁﾙｰ3-(3-ｼﾞﾒﾁﾙｱﾐﾉﾌﾟﾛﾋﾟﾙ)ｶﾙﾎﾞｼﾞｲﾐﾄﾞ塩酸塩,FALSE,FALSE,FALSE,FALSE,TRUE,FALSE,FALSE,FALSE,FALSE,FALSE,FALSE,FALSE,FALSE,FALSE,FALSE,FALSE,東京化成工業株式会社,SU, 25952-53-8,25,g,2,0,,,,,1-ｴﾁﾙｰ3-(3-ｼﾞﾒﾁﾙｱﾐﾉﾌﾟﾛﾋﾟﾙ)ｶﾙﾎﾞｼﾞｲﾐﾄﾞ塩酸塩,,,,,,東京化成工業株式会社,,SU,,25,g,g,1,不活性ガス充填、冷蔵、密閉保管,,-,-,,,, 25952-53-8,,D1601,,,ガラスビン,,固体,,191.7,,単位管理,Unit Management,－,－,-,-,,,-,-,0,,99,99,,,,,C8／CL1／H18／N3,,,,,,,,
1-エチルピペラジン,FALSE,FALSE,FALSE,FALSE,FALSE,TRUE,FALSE,FALSE,FALSE,FALSE,FALSE,FALSE,FALSE,FALSE,FALSE,FALSE,東京化成工業株式会社,-, 5308-25-8,25,ml,1,0,,,,,1-エチルピペラジン,,,1-Ethylpiperazine,,,東京化成工業株式会社,,-,-,25,ml,ml,0.9,-,-,-,-,,,, 5308-25-8,FH3KM,E0355,2600,,,,,,,,単位管理,Unit Management,－,－,-,-,,,-,-,,,,,,,,,,,,,,,,,
１‐シクロプロピル‐６，７‐ジフルオロ‐８‐メトキシ‐４‐オキソ‐３‐キノリンカルボン酸,FALSE,FALSE,FALSE,FALSE,FALSE,TRUE,FALSE,FALSE,FALSE,FALSE,FALSE,FALSE,FALSE,FALSE,FALSE,FALSE,ArkP,-, 112811-72-0,1,g,1,0,,,,,１‐シクロプロピル‐６，７‐ジフルオロ‐８‐メトキシ‐４‐オキソ‐３‐キノリンカルボン酸,,,"1‐Cyclopropyl‐6,7‐difluoro‐8‐methoxy‐4‐oxo‐3‐quinolinecarboxylic Acid",,,ArkP,,-,-,1,g,g,1,-,-,,,,,, 112811-72-0,34SHT,AK-32865,7000,,,,,95%,,,単位管理,Unit Management,－,－,-,-,,,-,-,,,,,,,,,,,,,,,,,
1-ナフチルアミン,FALSE,FALSE,FALSE,FALSE,FALSE,TRUE,FALSE,FALSE,FALSE,FALSE,FALSE,FALSE,FALSE,FALSE,FALSE,FALSE,東京化成工業株式会社,-, 134-32-7,25,g,1,0,,,,,1-ナフチルアミン,,,1-Naphthylamine,,,東京化成工業株式会社,,-,-,25,g,g,1,-,-,-,-,,,, 134-32-7,HXXKG,N0052,6000,,,,,,,,単位管理,Unit Management,－,－,-,-,,,-,-,,,,,,,,,,,,,,,,,
1-ナフトアルデヒド,TRUE,FALSE,FALSE,FALSE,FALSE,FALSE,FALSE,FALSE,FALSE,FALSE,FALSE,FALSE,FALSE,FALSE,FALSE,FALSE,東京化成工業株式会社,-, 66-77-3,25,ml,1,0,,,,,1-ナフトアルデヒド,,,1-Naphthaldehyde,,,東京化成工業株式会社,,-,-,25,ml,ml,1.15,-,-,-,-,,,, 66-77-3,HWJKM,N0002,3100,,,,,,,,単位管理,Unit Management,－,－,-,-,,,-,-,,,,,,,,,,,,,,,,,
1-ﾆﾄﾛｿ-2-ﾅﾌﾄｰﾙ,TRUE,FALSE,FALSE,FALSE,FALSE,FALSE,FALSE,FALSE,FALSE,FALSE,FALSE,FALSE,FALSE,FALSE,FALSE,FALSE,Aldrich,-, 131-91-9,25,g,1,0,,,,,1-ﾆﾄﾛｿ-2-ﾅﾌﾄｰﾙ,,,"1-Nitroso-2-naphthol, 97%",,,Aldrich,,-,-,25,g,g,1,室温,,-,-,,,, 131-91-9,,114693,,,,,,,,,単位管理,Unit Management,－,－,-,-,,,-,-,,,,,,,,,,,,,,,,,
1-ヒドロキシ-2-ナフトエ酸,TRUE,FALSE,FALSE,FALSE,FALSE,FALSE,FALSE,FALSE,FALSE,FALSE,FALSE,FALSE,FALSE,FALSE,FALSE,FALSE,東京化成工業株式会社,-, 86-48-6,25,g,1,0,,,,,1-ヒドロキシ-2-ナフトエ酸,,,1-Hydroxy-2-naphthoic Acid,,,東京化成工業株式会社,,-,-,25,g,g,1,-,-,-,-,,,, 86-48-6,F7BKG,H0279,2900,,,,,,,,単位管理,Unit Management,－,－,-,-,,,-,-,,,,,,,,,,,,,,,,,
1-フェニルピペラジン,FALSE,FALSE,FALSE,FALSE,FALSE,TRUE,FALSE,FALSE,FALSE,FALSE,FALSE,FALSE,FALSE,FALSE,FALSE,FALSE,東京化成工業株式会社,-, 92-54-6,25,g,1,0,,,,,1-フェニルピペラジン,,,1-Phenylpiperazine,,,東京化成工業株式会社,,-,-,25,g,g,1.07,-,-,-,-,,,, 92-54-6,I9MKG,P0980,7200,,,,,,,,単位管理,Unit Management,－,－,-,-,,,-,-,,,,,,,,,,,,,,,,,
1-ブチルイミダゾール,TRUE,FALSE,FALSE,FALSE,FALSE,FALSE,FALSE,FALSE,FALSE,FALSE,FALSE,FALSE,FALSE,FALSE,FALSE,FALSE,東京化成工業株式会社,-, 4316-42-1,25,g,1,0,,,,,1-ブチルイミダゾール,,,1-Butylimidazole,,,東京化成工業株式会社,,-,-,25,g,g,0.95,-,-,-,-,,,, 4316-42-1,P3UKG,B2345,5400,,,,,,,,単位管理,Unit Management,－,－,-,-,,,-,-,,,,,,,,,,,,,,,,,
1-プロパノール,FALSE,FALSE,FALSE,FALSE,FALSE,FALSE,FALSE,FALSE,FALSE,FALSE,TRUE,FALSE,FALSE,FALSE,FALSE,FALSE,東京化成工業株式会社,-, 71-23-8,500,ml,1,0,,,,,1-プロパノール,,,1-Propanol,,,東京化成工業株式会社,,-,-,500,ml,ml,0.8,-,-,-,-,,,, 71-23-8,IV1YM,P0491,2100,,,,,,,,単位管理,Unit Management,－,－,-,-,,,-,-,,,,,,,,,,,,,,,,,
1-ブロモブタン,TRUE,FALSE,FALSE,FALSE,FALSE,FALSE,FALSE,FALSE,FALSE,FALSE,FALSE,FALSE,FALSE,FALSE,FALSE,FALSE,東京化成工業株式会社,-, 109-65-9,25,g,1,0,,,,,1-ブロモブタン,,,1-Bromobutane,,,東京化成工業株式会社,,-,-,25,g,g,1.28,-,-,-,-,,,, 109-65-9,BRRKG,B0560,2300,,,,,,,,単位管理,Unit Management,－,－,-,-,,,-,-,,,,,,,,,,,,,,,,,
1-ﾍｷｻﾅｰﾙ,FALSE,FALSE,FALSE,FALSE,FALSE,FALSE,FALSE,FALSE,FALSE,FALSE,TRUE,FALSE,FALSE,FALSE,FALSE,FALSE,関東化学株式会社,鹿特級, 66-25-1,25,ml,1,0,,,,,1-ﾍｷｻﾅｰﾙ,n-ｶﾌﾟﾛﾝｱﾙﾃﾞﾋﾄﾞ,n-ﾍｷｼﾙｱﾙﾃﾞﾋﾄﾞ,1-Hexanal,n-Capronaldehyde,n-Hexylaldehyde,関東化学株式会社,"Kanto Chemical Co., Inc.",鹿特級,,25,ml,ml,0.816,-,-,-,-,,,, 66-25-1,0712630J,07126-30,3300,CH3(CH2)4CHO,ガラスビン,,,>98.0%(GC),100.1588,bp.131℃ d0.813～0.819 Fp.28℃,単位管理,Unit Management,－,－,-,-,,,-,-,,,,,,,,,C6／H12／O1,,,,,,,,
1-ヘキサノール,FALSE,FALSE,FALSE,FALSE,FALSE,TRUE,FALSE,FALSE,FALSE,FALSE,FALSE,FALSE,FALSE,FALSE,FALSE,FALSE,東京化成工業株式会社,-, 111-27-3,25,ml,1,0,,,,,1-ヘキサノール,,,1-Hexanol,,,東京化成工業株式会社,,-,-,25,ml,ml,0.82,-,-,-,-,,,, 111-27-3,F26KM,H0130,2100,,,,,,,,単位管理,Unit Management,－,－,-,-,,,-,-,,,,,,,,,,,,,,,,,
1-ベンジル-2-メチルイミダゾール,FALSE,FALSE,TRUE,FALSE,FALSE,FALSE,FALSE,FALSE,FALSE,FALSE,FALSE,FALSE,FALSE,FALSE,FALSE,FALSE,東京化成工業株式会社,-, 13750-62-4,100,g,2,0,,,,,1-ベンジル-2-メチルイミダゾール,,,1-Benzyl-2-methylimidazole,,,東京化成工業株式会社,,-,-,100,g,g,1,-,-,-,-,,,, 13750-62-4,B0ASG,B0867,9500,,,,,,,,単位管理,Unit Management,－,－,-,-,,,-,-,,,,,,,,,,,,,,,,,
1-メチルイミダゾール,FALSE,FALSE,TRUE,FALSE,FALSE,FALSE,FALSE,FALSE,FALSE,FALSE,FALSE,FALSE,FALSE,FALSE,FALSE,FALSE,東京化成工業株式会社,-, 616-47-7,25,g,1,0,,,,,1-メチルイミダゾール,,,1-Methylimidazole,,,東京化成工業株式会社,,-,-,25,g,g,1.04,-,-,-,-,,,, 616-47-7,HGNKG,M0508,2100,,,,,,,,単位管理,Unit Management,－,－,-,-,,,-,-,,,,,,,,,,,,,,,,,
1-メチルピペラジン,FALSE,FALSE,FALSE,FALSE,FALSE,TRUE,FALSE,FALSE,FALSE,FALSE,FALSE,FALSE,FALSE,FALSE,FALSE,FALSE,東京化成工業株式会社,-, 109-01-3,25,ml,1,0,,,,,1-メチルピペラジン,,,1-Methylpiperazine,,,東京化成工業株式会社,,-,-,25,ml,ml,0.91,-,-,-,-,,,, 109-01-3,HHWKM,M0553,1900,,,,,,,,単位管理,Unit Management,－,－,-,-,,,-,-,,,,,,,,,,,,,,,,,
1-ヨードブタン,FALSE,FALSE,FALSE,FALSE,FALSE,TRUE,FALSE,FALSE,FALSE,FALSE,FALSE,FALSE,FALSE,FALSE,FALSE,FALSE,東京化成工業株式会社,-, 542-69-8,25,g,1,0,,,,,1-ヨードブタン,,,1-Iodobutane(stabilized with Copper chip),,,東京化成工業株式会社,,-,-,25,g,g,1.62,-,-,-,-,,,, 542-69-8,GM3KG,I0055,2300,,,,,,,,単位管理,Unit Management,－,－,-,-,,,-,-,,,,,,,,,,,,,,,,,
"2-(2,6-ジクロロアニリノ)フェニル酢酸",TRUE,FALSE,FALSE,FALSE,FALSE,FALSE,FALSE,FALSE,FALSE,FALSE,FALSE,FALSE,FALSE,FALSE,FALSE,FALSE,東京化成工業株式会社,-, 15307-86-5,25,g,1,0,,,,,"2-(2,6-ジクロロアニリノ)フェニル酢酸",,,"2-(2,6-Dichloroanilino)phenylacetic Acid",,,東京化成工業株式会社,,-,-,25,g,g,1,-,-,-,-,,,, 15307-86-5,UR0KG,D3748,6300,,,,,,,,単位管理,Unit Management,－,－,-,-,,,-,-,,,,,,,,,,,,,,,,,
"2-(2-Methylaminoethyl)pyridine, 97%",FALSE,FALSE,FALSE,FALSE,FALSE,FALSE,FALSE,TRUE,TRUE,FALSE,FALSE,FALSE,FALSE,FALSE,FALSE,FALSE,Aldrich,-, 5638-76-6,25,g,1,0,,,,,,,,"2-(2-Methylaminoethyl)pyridine, 97%",,,Aldrich,,-,-,25,g,g,0.984,室温,,-,-,,,, 5638-76-6,,M28804,,,,,,,,,単位管理,Unit Management,－,－,-,-,,,-,-,,,,,,,,,,,,,,,,,
"2-(2-Methylaminoethyl)pyridine, 97%",FALSE,FALSE,FALSE,FALSE,FALSE,FALSE,FALSE,TRUE,FALSE,FALSE,FALSE,FALSE,FALSE,FALSE,FALSE,FALSE,Aldrich,-, 5638-76-6,5,g,3,0,,,,,,,,"2-(2-Methylaminoethyl)pyridine, 97%",,,Aldrich,,-,-,5,g,g,0.984,室温,,-,-,,,, 5638-76-6,,M28804,,,,,,,,,単位管理,Unit Management,－,－,-,-,,,-,-,,,,,,,,,,,,,,,,,
2-(2-アミノエチル)ピリジン,FALSE,FALSE,FALSE,FALSE,FALSE,FALSE,FALSE,FALSE,FALSE,FALSE,TRUE,FALSE,FALSE,FALSE,FALSE,FALSE,東京化成工業株式会社,-, 2706-56-1,5,g,1,0,,,,,2-(2-アミノエチル)ピリジン,,,2-(2-Aminoethyl)pyridine,,,東京化成工業株式会社,,-,-,5,g,g,1.03,-,-,-,-,,,, 2706-56-1,S3DEG,A1999,5900,,,,,,,,単位管理,Unit Management,－,－,-,-,,,-,-,,,,,,,,,,,,,,,,,
2-(2-アミノエチルアミノ)エタノール,FALSE,FALSE,FALSE,FALSE,FALSE,FALSE,FALSE,FALSE,FALSE,FALSE,FALSE,FALSE,TRUE,FALSE,FALSE,FALSE,東京化成工業株式会社,-, 111-41-1,25,ml,1,0,,,,,2-(2-アミノエチルアミノ)エタノール,,,2-(2-Aminoethylamino)ethanol,,,東京化成工業株式会社,,-,-,25,ml,ml,1.03,-,-,-,-,,,, 111-41-1,AIKKM,A0299,1900,,,,,,,,単位管理,Unit Management,－,－,-,-,,,-,-,,,,,,,,,,,,,,,,,
2-(3-トリフルオロメチルアニリノ)安息香酸,FALSE,FALSE,FALSE,FALSE,FALSE,FALSE,FALSE,FALSE,TRUE,FALSE,FALSE,FALSE,FALSE,FALSE,FALSE,FALSE,東京化成工業株式会社,-, 530-78-9,25,g,2,0,,,,,2-(3-トリフルオロメチルアニリノ)安息香酸,,,2-(3-Trifluoromethylanilino)benzoic Acid,,,東京化成工業株式会社,,-,-,25,g,g,1,-,-,-,-,,,, 530-78-9,SLXKG,T2354,6300,,,,,,,,単位管理,Unit Management,－,－,-,-,,,-,-,,,,,,,,,,,,,,,,,
"2-(4-スルホフェニルアゾ)-1,8-ジヒドロキシナフタレン-3,6-ジスルホン酸三ナトリウム",FALSE,TRUE,FALSE,FALSE,FALSE,FALSE,FALSE,FALSE,FALSE,FALSE,FALSE,FALSE,FALSE,FALSE,FALSE,FALSE,東京化成工業株式会社,SU, 23647-14-5,5,g,1,0,,,,,"2-(4-スルホフェニルアゾ)-1,8-ジヒドロキシナフタレン-3,6-ジスルホン酸三ナトリウム",,,"Trisodium 2-(4-Sulfophenylazo)-1,8-dihydroxynaphthalene-3,6-disulfonate",,,東京化成工業株式会社,,SU,,5,g,g,1,-,-,-,-,,,, 23647-14-5,DZ1EG,D0604,5300,,,,,,,,単位管理,Unit Management,－,－,-,-,,,-,-,,,,,,,,,,,,,,,,,
2-(4'-ヒドロキシフェニルアゾ)安息香酸 (5g),TRUE,FALSE,FALSE,FALSE,FALSE,FALSE,FALSE,FALSE,FALSE,FALSE,FALSE,FALSE,FALSE,FALSE,FALSE,FALSE,(株)ワコーケミカル (和光純薬取扱),-, 1634-82-8,5,g,1,0,,,,,2-(4'-ヒドロキシフェニルアゾ)安息香酸 (5g),,,2-(4'-Hydroxyphenylazo)benzoic Acid,,,(株)ワコーケミカル (和光純薬取扱),,-,-,5,g,g,1,室温,,-,-,,,, 1634-82-8,4.99E+12,323-38131,5100,C13H10N2O3,-,-,,93+%(NMR),,mp. 205～207℃ ,単位管理,Unit Management,本,本,-,-,,,-,-,,,,,,,,,,,,,,,,,
2-(ジメチルアミノ)エタノール,TRUE,FALSE,FALSE,FALSE,FALSE,FALSE,FALSE,FALSE,FALSE,FALSE,FALSE,FALSE,FALSE,FALSE,FALSE,FALSE,東京化成工業株式会社,-, 108-01-0,25,ml,1,0,,,,,2-(ジメチルアミノ)エタノール,,,2-(Dimethylamino)ethanol,,,東京化成工業株式会社,,-,-,25,ml,ml,0.89,-,-,-,-,,,, 108-01-0,D1AKM,D0649,1900,,,,,,,,単位管理,Unit Management,－,－,-,-,,,-,-,,,,,,,,,,,,,,,,,
2-(ブロモメチル)ピリジン臭化水素酸塩,TRUE,FALSE,FALSE,FALSE,FALSE,FALSE,FALSE,FALSE,FALSE,FALSE,FALSE,FALSE,FALSE,FALSE,FALSE,FALSE,東京化成工業株式会社,-, 31106-82-8,5,g,1,0,,,,,2-(ブロモメチル)ピリジン臭化水素酸塩,,,2-(Bromomethyl)pyridine Hydrobromide,,,東京化成工業株式会社,,-,-,5,g,g,1,-,-,-,-,,,, 31106-82-8,XCFEG,B3772,8200,,,,,,,,単位管理,Unit Management,－,－,-,-,,,-,-,,,,,,,,,,,,,,,,,
2-(メチルアミノ)エタノール,TRUE,FALSE,FALSE,FALSE,FALSE,FALSE,FALSE,FALSE,FALSE,FALSE,FALSE,FALSE,FALSE,FALSE,FALSE,FALSE,東京化成工業株式会社,-, 109-83-1,25,ml,1,0,,,,,2-(メチルアミノ)エタノール,,,2-(Methylamino)ethanol,,,東京化成工業株式会社,,-,-,25,ml,ml,0.94,-,-,-,-,,,, 109-83-1,G6KKM,M0144,1900,,,,,,,,単位管理,Unit Management,－,－,-,-,,,-,-,,,,,,,,,,,,,,,,,
"2,2,6,6-テトラメチル-4-ピペリドン",FALSE,FALSE,FALSE,TRUE,FALSE,FALSE,FALSE,FALSE,FALSE,FALSE,FALSE,FALSE,FALSE,FALSE,FALSE,FALSE,東京化成工業株式会社,-, 826-36-8,25,g,1,0,,,,,"2,2,6,6-テトラメチル-4-ピペリドン",,,"2,2,6,6-Tetramethyl-4-piperidone",,,東京化成工業株式会社,,-,-,25,g,g,1,冷蔵貯蔵,,-,-,,,, 826-36-8,LZ2KG,T1424,2600,,,,,,,,単位管理,Unit Management,－,－,-,-,,,-,-,,,,,,,,,,,,,,,,,
"2,2'-ジピリジルアミン",TRUE,FALSE,FALSE,FALSE,FALSE,FALSE,FALSE,FALSE,FALSE,FALSE,FALSE,FALSE,FALSE,FALSE,FALSE,FALSE,東京化成工業株式会社,-, 1202-34-2,25,g,0,1,,,,,"2,2'-ジピリジルアミン",,,"2,2'-Dipyridylamine",,,東京化成工業株式会社,,-,-,25,g,g,1,-,-,-,-,,,, 1202-34-2,EGLKG,D1200,37700,,,,,,,,単位管理,Unit Management,－,－,-,-,,,-,-,,,,,,,,,,,,,,,,,
"2,2'-ビイミダゾ-ル (1g)",FALSE,FALSE,FALSE,FALSE,FALSE,FALSE,FALSE,FALSE,FALSE,FALSE,FALSE,FALSE,TRUE,FALSE,FALSE,FALSE,MATRIX SCIENTIFIC (和光純薬取扱),-, 492-98-8,1,g,1,0,,,,,"2,2'-ビイミダゾ-ル (1g)",,,"2,2'-Biimidazole",,,MATRIX SCIENTIFIC (和光純薬取扱),,-,-,1,g,g,1,室温,,-,-,,,, 492-98-8,,7513,23900,C6H6N4,,,,,,mp. ＞350℃ ,単位管理,Unit Management,－,－,-,-,,,-,-,,,,,,,,,,,,,,,,,
"2,2-ビス(3-アミノ-4-ヒドロキシフェニル)ヘキサフルオロプロパン",TRUE,FALSE,FALSE,FALSE,FALSE,FALSE,FALSE,FALSE,FALSE,FALSE,FALSE,FALSE,FALSE,FALSE,FALSE,FALSE,東京化成工業株式会社,-, 83558-87-6,5,g,1,0,,,,,"2,2-ビス(3-アミノ-4-ヒドロキシフェニル)ヘキサフルオロプロパン",,,"2,2-Bis(3-amino-4-hydroxyphenyl)hexafluoropropane",,,東京化成工業株式会社,,-,-,5,g,g,1,-,-,-,-,,,, 83558-87-6,CFGEG,B1415,5400,,,,,,,,単位管理,Unit Management,－,－,-,-,,,-,-,,,,,,,,,,,,,,,,,
"2,2-ビス(4-アミノフェニル)ヘキサフルオロプロパン",TRUE,FALSE,FALSE,FALSE,FALSE,FALSE,FALSE,FALSE,FALSE,FALSE,FALSE,FALSE,FALSE,FALSE,FALSE,FALSE,東京化成工業株式会社,-, 1095-78-9,5,g,1,0,,,,,"2,2-ビス(4-アミノフェニル)ヘキサフルオロプロパン",,,"2,2-Bis(4-aminophenyl)hexafluoropropane",,,東京化成工業株式会社,,-,-,5,g,g,1,-,-,-,-,,,, 1095-78-9,CE1EG,B1400,15400,,,,,,,,単位管理,Unit Management,－,－,-,-,,,-,-,,,,,,,,,,,,,,,,,
"2,2-ビス(4-カルボキシフェニル)ヘキサフルオロプロパン",TRUE,FALSE,FALSE,FALSE,FALSE,FALSE,FALSE,FALSE,FALSE,FALSE,FALSE,FALSE,FALSE,FALSE,FALSE,FALSE,東京化成工業株式会社,-, 1171-47-7,5,g,1,0,,,,,"2,2-ビス(4-カルボキシフェニル)ヘキサフルオロプロパン",,,"2,2-Bis(4-carboxyphenyl)hexafluoropropane",,,東京化成工業株式会社,,-,-,5,g,g,1,-,-,-,-,,,, 1171-47-7,CE2EG,B1401,5800,,,,,,,,単位管理,Unit Management,－,－,-,-,,,-,-,,,,,,,,,,,,,,,,,
"2,2-ビス(4-グリシジルオキシフェニル)プロパン",TRUE,FALSE,FALSE,FALSE,FALSE,FALSE,FALSE,FALSE,FALSE,FALSE,FALSE,FALSE,FALSE,FALSE,FALSE,FALSE,東京化成工業株式会社,-, 1675-54-3,25,g,1,0,,,,,"2,2-ビス(4-グリシジルオキシフェニル)プロパン",,,"2,2-Bis(4-glycidyloxyphenyl)propane",,,東京化成工業株式会社,,-,-,25,g,g,1.17,-,-,-,-,,,, 1675-54-3,NC2KG,B1796,4600,,,,,,,,単位管理,Unit Management,－,－,-,-,,,-,-,,,,,,,,,,,,,,,,,
"2,2-ビス(4-ヒドロキシフェニル)プロパン",TRUE,FALSE,FALSE,FALSE,FALSE,FALSE,FALSE,FALSE,FALSE,FALSE,FALSE,FALSE,FALSE,FALSE,FALSE,FALSE,東京化成工業株式会社,-, 80-05-7,25,g,2,0,,,,,"2,2-ビス(4-ヒドロキシフェニル)プロパン",,,"2,2-Bis(4-hydroxyphenyl)propane",,,東京化成工業株式会社,,-,-,25,g,g,1,-,-,-,-,1,37,100, 80-05-7,BPXKG,B0494,1900,,,,,,,,単位管理,Unit Management,－,－,-,-,,,-,-,,,,,,,,,,,,,,,,,
"2,2'-ﾋﾞﾋﾟﾘｼﾞﾙ",TRUE,FALSE,FALSE,FALSE,FALSE,FALSE,FALSE,FALSE,FALSE,FALSE,FALSE,FALSE,FALSE,FALSE,FALSE,FALSE,関東化学株式会社,特級, 366-18-7,1,g,1,0,,,,,"2,2'-ﾋﾞﾋﾟﾘｼﾞﾙ","2,2'-ﾋﾞﾋﾟﾘｼﾞﾝ","2,2'-ｼﾞﾋﾟﾘｼﾞﾙ","2,2'-Bipyridyl","2,2'-Bipyridine","2,2'-Dipyridyl",関東化学株式会社,"Kanto Chemical Co., Inc.",特級,,1,g,g,1,-,-,-,-,,,, 366-18-7,1048560O,10485-60,2300,C10H8N2,ガラスビン,,"白～極薄黄･極薄紅,結晶",>99.5%(T),156.1836,bp.272℃～273℃ mp.69.7℃,単位管理,Unit Management,－,－,-,-,,,-,-,,,,,,,366187.jpg,,C10／H8／N2,,,,,,,,
"2,2'-ビピリジル",FALSE,FALSE,FALSE,FALSE,FALSE,FALSE,FALSE,FALSE,FALSE,FALSE,FALSE,FALSE,TRUE,FALSE,FALSE,FALSE,ナカライテスク（株）,特級(ＧＲ), 366-18-7,5,g,1,0,,,,,"2,2'-ビピリジル",,,"2,2'-Bipyridyl",,,ナカライテスク（株）,,特級(ＧＲ),,5,g,g,1,-,-,-,-,,,, 366-18-7,0U1SK,14020-94,3100,(C5H4N)2,,,,≧99.5%(T),156.18,mp. 71℃ bp. 273℃,単位管理,Unit Management,－,－,-,-,,,-,-,,,,,,,,,,,,,,,,,
"2,2'-ビピリジル1,1'-ジオキシド",FALSE,FALSE,FALSE,FALSE,FALSE,FALSE,FALSE,FALSE,FALSE,FALSE,FALSE,FALSE,TRUE,FALSE,FALSE,FALSE,東京化成工業株式会社,-, 7275-43-6,5,g,2,0,,,,,"2,2'-ビピリジル1,1'-ジオキシド",,,"2,2'-Bipyridyl 1,1'-Dioxide",,,東京化成工業株式会社,,-,-,5,g,g,1,-,-,-,-,,,, 7275-43-6,XPBEG,B3859,10800,,,,,,,,単位管理,Unit Management,－,－,-,-,,,-,-,,,,,,,,,,,,,,,,,
"2,2'-ビフェニルジカルボン酸",TRUE,FALSE,FALSE,FALSE,FALSE,FALSE,FALSE,FALSE,FALSE,FALSE,FALSE,FALSE,FALSE,FALSE,FALSE,FALSE,東京化成工業株式会社,-, 482-05-3,25,g,1,0,,,,,"2,2'-ビフェニルジカルボン酸",,,"2,2'-Biphenyldicarboxylic Acid",,,東京化成工業株式会社,,-,-,25,g,g,1,-,-,-,-,,,, 482-05-3,D69KG,D0864,13100,,,,,,,,単位管理,Unit Management,－,－,-,-,,,-,-,,,,,,,,,,,,,,,,,
"2,3,3-トリメチルインドレニン",FALSE,TRUE,FALSE,FALSE,FALSE,FALSE,FALSE,FALSE,FALSE,FALSE,FALSE,FALSE,FALSE,FALSE,FALSE,FALSE,東京化成工業株式会社,-, 1640-39-7,25,ml,2,0,,,,,"2,3,3-トリメチルインドレニン",,,"2,3,3-Trimethylindolenine",,,東京化成工業株式会社,,-,-,25,ml,ml,0.99,-,-,-,-,,,, 1640-39-7,K7JKM,T0766,5800,,,,,,,,単位管理,Unit Management,－,－,-,-,,,-,-,,,,,,,,,,,,,,,,,
"2,3,4,5,6-ペンタフルオロスチレン",FALSE,FALSE,FALSE,FALSE,FALSE,FALSE,FALSE,FALSE,FALSE,FALSE,FALSE,FALSE,FALSE,FALSE,FALSE,TRUE,東京化成工業株式会社,-, 653-34-9,5,g,1,0,,,,,"2,3,4,5,6-ペンタフルオロスチレン",,,"2,3,4,5,6-Pentafluorostyrene(stabilized with TBC)",,,東京化成工業株式会社,,-,-,5,g,g,1.43,冷蔵貯蔵,,-,-,,,, 653-34-9,I6CEG,P0862,7600,,,,,,,,単位管理,Unit Management,－,－,-,-,,,-,-,,,,,,,,,,,,,,,,,
"2,3,4-トリヒドロキシベンズアルデヒド",FALSE,TRUE,FALSE,FALSE,FALSE,FALSE,FALSE,FALSE,FALSE,FALSE,FALSE,FALSE,FALSE,FALSE,FALSE,FALSE,東京化成工業株式会社,-, 2144-08-3,5,g,1,0,,,,,"2,3,4-トリヒドロキシベンズアルデヒド",,,"2,3,4-Trihydroxybenzaldehyde",,,東京化成工業株式会社,,-,-,5,g,g,1,-,-,-,-,,,, 2144-08-3,R6GEG,T2158,3200,,,,,,,,単位管理,Unit Management,－,－,-,-,,,-,-,,,,,,,,,,,,,,,,,
"2,3,5,6-テトラメチルピラジン (25g)",FALSE,TRUE,FALSE,FALSE,FALSE,FALSE,FALSE,FALSE,FALSE,FALSE,FALSE,FALSE,FALSE,FALSE,FALSE,FALSE,富士フイルムワコーケミカル(株) (和光純薬取扱),-, 1124-11-4,25,g,1,0,,,,,"2,3,5,6-テトラメチルピラジン (25g)",,,"2,3,5,6-Tetramethylpyrazine",,,富士フイルムワコーケミカル(株) (和光純薬取扱),,-,-,25,g,g,1,室温,,-,-,,,, 1124-11-4,4.99E+12,324-64252,7590,C8H12N2,,,,97+%(NMR),,mp. 84～86℃ bp. 190℃,単位管理,Unit Management,－,－,-,-,,,-,-,,,,,,,,,,,,,,,,,
"2,3-ｼﾞﾋﾄﾞﾛｷｼ安息香酸",FALSE,FALSE,FALSE,FALSE,FALSE,FALSE,FALSE,FALSE,FALSE,FALSE,FALSE,FALSE,TRUE,FALSE,FALSE,FALSE,関東化学株式会社,鹿特級, 303-38-8,5,g,1,0,,,,,"2,3-ｼﾞﾋﾄﾞﾛｷｼ安息香酸",o-ﾋﾟﾛｶﾃｷｭ酸,,"2,3-Dihydroxybenzoic acid",o-Pyrocatechuic acid,,関東化学株式会社,"Kanto Chemical Co., Inc.",鹿特級,,5,g,g,1,-,-,-,-,,,, 303-38-8,0715650O,07156-50,11000,(HO)2C6H3COOH,ガラスビン,,,>97.0%(T),154.1197,mp.203℃～213℃,単位管理,Unit Management,－,－,-,-,,,-,-,,,,,,,,,C7／H6／O4,,,,,,,,
"2,3-ジメチルアントラセン",TRUE,FALSE,FALSE,FALSE,FALSE,FALSE,FALSE,FALSE,FALSE,FALSE,FALSE,FALSE,FALSE,FALSE,FALSE,FALSE,東京化成工業株式会社,-, 613-06-9,200,mg,2,0,,,,,"2,3-ジメチルアントラセン",,,"2,3-Dimethylanthracene",,,東京化成工業株式会社,,-,-,200,mg,mg,1,-,-,-,-,,,, 613-06-9,QMMUD,D2979,24200,,,,,,,,単位管理,Unit Management,－,－,-,-,,,-,-,,,,,,,,,,,,,,,,,
"2,3-ジメチルナフタレン",TRUE,FALSE,FALSE,FALSE,FALSE,FALSE,FALSE,FALSE,FALSE,FALSE,FALSE,FALSE,FALSE,FALSE,FALSE,FALSE,東京化成工業株式会社,-, 581-40-8,1,g,1,0,,,,,"2,3-ジメチルナフタレン",,,"2,3-Dimethylnaphthalene",,,東京化成工業株式会社,,-,-,1,g,g,1,-,-,-,-,,,, 581-40-8,D33BG,D0750,12200,,,,,,,,単位管理,Unit Management,－,－,-,-,,,-,-,,,,,,,,,,,,,,,,,
"2,3-ビス(2,4,5-トリメチル-3-チエニル)マレイミド",FALSE,TRUE,FALSE,FALSE,FALSE,FALSE,FALSE,FALSE,FALSE,FALSE,FALSE,FALSE,FALSE,FALSE,FALSE,FALSE,東京化成工業株式会社,-, 220191-36-6,100,mg,2,0,,,,,"2,3-ビス(2,4,5-トリメチル-3-チエニル)マレイミド",,,"2,3-Bis(2,4,5-trimethyl-3-thienyl)maleimide",,,東京化成工業株式会社,,-,-,100,mg,mg,1,-,-,-,-,,,, 220191-36-6,CIISD,B1535,11600,,,,,,,,単位管理,Unit Management,－,－,-,-,,,-,-,,,,,,,,,,,,,,,,,
"2,3-ピリジンジカルボン酸",FALSE,FALSE,FALSE,FALSE,FALSE,FALSE,FALSE,FALSE,FALSE,FALSE,FALSE,FALSE,TRUE,FALSE,FALSE,FALSE,東京化成工業株式会社,-, 89-00-9,25,g,0,1,,,,,"2,3-ピリジンジカルボン酸",,,"2,3-Pyridinedicarboxylic Acid",,,東京化成工業株式会社,,-,-,25,g,g,1,-,-,-,-,,,, 89-00-9,IXOKG,P0550,4700,,,,,,,,単位管理,Unit Management,－,－,-,-,,,-,-,,,,,,,,,,,,,,,,,
"2,4,6-トリ(4-ピリジル)-1,3,5-トリアジン (昇華精製品)",FALSE,TRUE,FALSE,FALSE,FALSE,FALSE,FALSE,FALSE,FALSE,FALSE,FALSE,FALSE,FALSE,FALSE,FALSE,FALSE,東京化成工業株式会社,-, 42333-78-8,1,g,2,0,,,,,"2,4,6-トリ(4-ピリジル)-1,3,5-トリアジン (昇華精製品)",,,"2,4,6-Tri(4-pyridyl)-1,3,5-triazine(purified by sublimation)",,,東京化成工業株式会社,,-,-,1,g,g,1,-,-,-,-,,,, 42333-78-8,PDPBG,T1937,8100,,,,,,,,単位管理,Unit Management,－,－,-,-,,,-,-,,,,,,,,,,,,,,,,,
"2,4,6-トリブロモアニリン",FALSE,TRUE,FALSE,FALSE,FALSE,FALSE,FALSE,FALSE,FALSE,FALSE,FALSE,FALSE,FALSE,FALSE,FALSE,FALSE,東京化成工業株式会社,-, 147-82-0,25,g,1,0,,,,,"2,4,6-トリブロモアニリン",,,"2,4,6-Tribromoaniline",,,東京化成工業株式会社,,-,-,25,g,g,1,-,-,-,-,,,, 147-82-0,LGHKG,T1088,3600,,,,,,,,単位管理,Unit Management,－,－,-,-,,,-,-,,,,,,,,,,,,,,,,,
"2',4',6'-トリメチルアセトフェノン",FALSE,FALSE,FALSE,FALSE,FALSE,FALSE,FALSE,FALSE,FALSE,FALSE,TRUE,FALSE,FALSE,FALSE,FALSE,FALSE,東京化成工業株式会社,-, 1667-01-2,25,ml,1,0,,,,,"2',4',6'-トリメチルアセトフェノン",,,"2',4',6'-Trimethylacetophenone",,,東京化成工業株式会社,,-,-,25,ml,ml,0.98,-,-,-,-,,,, 1667-01-2,LHAKM,T1117,10300,,,,,,,,単位管理,Unit Management,－,－,-,-,,,-,-,,,,,,,,,,,,,,,,,
"2,4-ジアミノ-6-ヒドロキシピリミジン",FALSE,TRUE,FALSE,FALSE,FALSE,FALSE,FALSE,FALSE,FALSE,FALSE,FALSE,FALSE,FALSE,FALSE,FALSE,FALSE,東京化成工業株式会社,-, 56-06-4,25,g,1,0,,,,,"2,4-ジアミノ-6-ヒドロキシピリミジン",,,"2,4-Diamino-6-hydroxypyrimidine",,,東京化成工業株式会社,,-,-,25,g,g,1,-,-,-,-,,,, 56-06-4,EJYKG,D1321,4000,,,,,,,,単位管理,Unit Management,－,－,-,-,,,-,-,,,,,,,,,,,,,,,,,
"2,4-ジクロロ-6-メチルアニリン (1g)",FALSE,TRUE,FALSE,FALSE,FALSE,FALSE,FALSE,FALSE,FALSE,FALSE,FALSE,FALSE,FALSE,FALSE,FALSE,FALSE,富士フイルムワコーケミカル(株) (和光純薬取扱),-, 30273-00-8,1,g,1,0,,,,,"2,4-ジクロロ-6-メチルアニリン (1g)",,,"2,4-Dichloro-6-methylaniline",,,富士フイルムワコーケミカル(株) (和光純薬取扱),,-,-,1,g,g,1,室温,,-,-,,,, 30273-00-8,4.99E+12,320-92501,4620,C7H7Cl2N,,,,97+%(GC),,mp. 43 - 45℃ ,単位管理,Unit Management,－,－,-,-,,,-,-,,,,,,,,,,,,,,,,,
"2,4-ジクロロフェノキシ酢酸ナトリウム一水和物",FALSE,TRUE,FALSE,FALSE,FALSE,FALSE,FALSE,FALSE,FALSE,FALSE,FALSE,FALSE,FALSE,FALSE,FALSE,FALSE,東京化成工業株式会社,-, 7084-86-8,25,g,1,0,,,,,"2,4-ジクロロフェノキシ酢酸ナトリウム一水和物",,,"Sodium 2,4-DichlorophenoxyacetateMonohydrate",,,東京化成工業株式会社,,-,-,25,g,g,1,-,-,-,-,,,, 7084-86-8,EJWKG,D1319,3200,,,,,,,,単位管理,Unit Management,－,－,-,-,,,-,-,,,,,,,,,,,,,,,,,
"2,4-ジヒドロキシベンズアルデヒド",TRUE,FALSE,FALSE,FALSE,FALSE,FALSE,FALSE,FALSE,FALSE,FALSE,FALSE,FALSE,FALSE,FALSE,FALSE,FALSE,東京化成工業株式会社,-, 95-01-2,25,g,2,0,,,,,"2,4-ジヒドロキシベンズアルデヒド",,,"2,4-Dihydroxybenzaldehyde",,,東京化成工業株式会社,,-,-,25,g,g,1,-,-,-,-,,,, 95-01-2,DYXKG,D0564,4900,,,,,,,,単位管理,Unit Management,－,－,-,-,,,-,-,,,,,,,,,,,,,,,,,
"2,4-ｼﾞﾋﾄﾞﾛｷｼ安息香酸",FALSE,FALSE,FALSE,FALSE,FALSE,FALSE,FALSE,FALSE,FALSE,FALSE,FALSE,FALSE,TRUE,FALSE,FALSE,FALSE,関東化学株式会社,鹿特級, 89-86-1,25,g,1,0,,,,,"2,4-ｼﾞﾋﾄﾞﾛｷｼ安息香酸",β-ﾚｿﾙｼﾝ酸,,"2,4-Dihydroxybenzoic acid",β-Resorcylic acid,,関東化学株式会社,"Kanto Chemical Co., Inc.",鹿特級,,25,g,g,1,-,-,-,-,,,, 89-86-1,1027530I,10275-30,4300,(OH)2C6H3COOH,ガラスビン,,,>97.0%(T),154.1197,mp.213℃,単位管理,Unit Management,－,－,-,-,,,-,-,,,,,,,,,C7／H6／O4,,,,,,,,
"2,4'-ビピリジル",TRUE,FALSE,FALSE,TRUE,FALSE,FALSE,FALSE,FALSE,FALSE,FALSE,FALSE,FALSE,FALSE,FALSE,FALSE,FALSE,東京化成工業株式会社,-, 581-47-5,1,g,2,0,,,,,"2,4'-ビピリジル",,,"2,4'-Bipyridyl",,,東京化成工業株式会社,,-,-,1,g,g,1,-,-,-,-,,,, 581-47-5,BZ6BG,B0863,6000,,,,,,,,単位管理,Unit Management,－,－,-,-,,,-,-,,,,,,,,,,,,,,,,,
"2,4-ピリジンジカルボン酸水和物",FALSE,FALSE,FALSE,FALSE,FALSE,FALSE,FALSE,FALSE,FALSE,FALSE,FALSE,FALSE,TRUE,FALSE,FALSE,FALSE,東京化成工業株式会社,-, 499-80-9,25,g,1,0,,,,,"2,4-ピリジンジカルボン酸水和物",,,"2,4-Pyridinedicarboxylic Acid Hydrate",,,東京化成工業株式会社,,-,-,25,g,g,1,-,-,-,-,,,, 499-80-9,IXRKG,P0553,24600,,-,-,,,,,単位管理,Unit Management,本,本,-,-,,,-,-,,,,,,,,,,,,,,,,,
"2,5-Diiodopyridine, 95%",FALSE,FALSE,FALSE,FALSE,FALSE,FALSE,FALSE,FALSE,FALSE,FALSE,FALSE,FALSE,FALSE,FALSE,FALSE,TRUE,Aldrich,-, 116195-81-4,5,g,1,0,,,,,,,,"2,5-Diiodopyridine, 95%",,,Aldrich,,-,-,5,g,g,1,室温,,-,-,,,, 116195-81-4,4.55E+12,652733,,,,,,,,,単位管理,Unit Management,－,－,-,-,,,-,-,,,,,,,,,,,,,,,,,
"2,5-ｼﾞﾋﾄﾞﾛｷｼﾍﾞﾝｽﾞｱﾙﾃﾞﾋﾄﾞ",FALSE,FALSE,FALSE,FALSE,FALSE,TRUE,FALSE,FALSE,FALSE,FALSE,FALSE,FALSE,TRUE,FALSE,FALSE,FALSE,Aldrich,-, 1194-98-5,5,g,2,0,,,,,"2,5-ｼﾞﾋﾄﾞﾛｷｼﾍﾞﾝｽﾞｱﾙﾃﾞﾋﾄﾞ",,,"2,5-Dihydroxybenzaldehyde, 98%",,,Aldrich,,-,-,5,g,g,1,室温,,-,-,,,, 1194-98-5,,D108200,,,,,,,,,単位管理,Unit Management,－,－,-,-,,,-,-,,,,,,,,,,,,,,,,,
"2,5-ジヒドロキシ安息香酸",FALSE,TRUE,FALSE,FALSE,FALSE,FALSE,FALSE,FALSE,FALSE,FALSE,FALSE,FALSE,TRUE,FALSE,FALSE,FALSE,東京化成工業株式会社,-, 490-79-9,25,g,2,0,,,,,"2,5-ジヒドロキシ安息香酸",,,"2,5-Dihydroxybenzoic Acid",,,東京化成工業株式会社,,-,-,25,g,g,1,-,-,-,-,,,, 490-79-9,DY2KG,D0569,5100,,,,,,,,単位管理,Unit Management,－,－,-,-,,,-,-,,,,,,,,,,,,,,,,,
"2,5-ジメチルチオフェン",FALSE,FALSE,FALSE,FALSE,FALSE,FALSE,FALSE,FALSE,FALSE,FALSE,TRUE,FALSE,FALSE,FALSE,FALSE,FALSE,東京化成工業株式会社,-, 638-02-8,5,ml,1,0,,,,,"2,5-ジメチルチオフェン",,,"2,5-Dimethylthiophene",,,東京化成工業株式会社,,-,-,5,ml,ml,0.99,-,-,-,-,,,, 638-02-8,ERFEM,D1591,3600,,,,,,,,単位管理,Unit Management,－,－,-,-,,,-,-,,,,,,,,,,,,,,,,,
"2,5-ジメチルチオフェン",FALSE,FALSE,FALSE,FALSE,FALSE,FALSE,FALSE,FALSE,FALSE,FALSE,TRUE,FALSE,FALSE,FALSE,FALSE,FALSE,東京化成工業株式会社,-, 638-02-8,25,ml,1,0,,,,,"2,5-ジメチルチオフェン",,,"2,5-Dimethylthiophene",,,東京化成工業株式会社,,-,-,25,ml,ml,0.99,-,-,-,-,,,, 638-02-8,ERFKM,D1591,10500,,,,,,,,単位管理,Unit Management,－,－,-,-,,,-,-,,,,,,,,,,,,,,,,,
"2,5-ジメトキシアニリン",FALSE,FALSE,FALSE,TRUE,FALSE,FALSE,FALSE,FALSE,FALSE,FALSE,FALSE,FALSE,FALSE,FALSE,FALSE,FALSE,東京化成工業株式会社,-, 102-56-7,25,g,1,0,,,,,"2,5-ジメトキシアニリン",,,"2,5-Dimethoxyaniline",,,東京化成工業株式会社,,-,-,25,g,g,1,-,-,-,-,,,, 102-56-7,EZTKG,D1893,2800,,,,,,,,単位管理,Unit Management,－,－,-,-,,,-,-,,,,,,,,,,,,,,,,,
"2,6-ジ-O-メチル-β-シクロデキストリン",TRUE,FALSE,FALSE,FALSE,FALSE,FALSE,FALSE,FALSE,FALSE,FALSE,FALSE,FALSE,FALSE,FALSE,FALSE,FALSE,東京化成工業株式会社,-, 51166-71-3,5,g,1,0,,,,,"2,6-ジ-O-メチル-β-シクロデキストリン",,,"2,6-Di-O-methyl-beta-cyclodextrin",,,東京化成工業株式会社,,-,-,5,g,g,1,-,-,-,-,,,, 51166-71-3,8RZEG,D5992,4000,,,,,,,,単位管理,Unit Management,－,－,-,-,,,-,-,,,,,,,,,,,,,,,,,
２，６－ジアミノアントラキノン,FALSE,FALSE,FALSE,FALSE,TRUE,FALSE,FALSE,FALSE,FALSE,FALSE,FALSE,FALSE,FALSE,FALSE,FALSE,FALSE,Aldrich,-, 131-14-6,5,g,1,0,,,,,２，６－ジアミノアントラキノン,,,"2,6-DIAMINOANTHRAQUINONE, 97%",,,Aldrich,,-,-,5,g,g,1,室温,,-,-,,,, 131-14-6,,D12007,,,-,-,,,,,単位管理,Unit Management,本,本,-,-,,,-,-,,,,,,,,,,,,,,,,,
"2,6-ジアミノピリジン",FALSE,FALSE,FALSE,FALSE,FALSE,FALSE,TRUE,FALSE,FALSE,FALSE,FALSE,FALSE,FALSE,FALSE,FALSE,FALSE,東京化成工業株式会社,-, 141-86-6,25,g,1,0,,,,,"2,6-ジアミノピリジン",,,"2,6-Diaminopyridine",,,東京化成工業株式会社,,-,-,25,g,g,1,-,-,-,-,,,, 141-86-6,EFBKG,D1154,3800,,,,,,,,単位管理,Unit Management,－,－,-,-,,,-,-,,,,,,,,,,,,,,,,,
"2,6-ジクロロピリジン",FALSE,FALSE,FALSE,TRUE,FALSE,FALSE,FALSE,FALSE,FALSE,FALSE,FALSE,FALSE,FALSE,FALSE,FALSE,FALSE,東京化成工業株式会社,-, 2402-78-0,25,g,1,0,,,,,"2,6-ジクロロピリジン",,,"2,6-Dichloropyridine",,,東京化成工業株式会社,,-,-,25,g,g,1,-,-,-,-,,,, 2402-78-0,DUNKG,D0410,2100,,,,,,,,単位管理,Unit Management,－,－,-,-,,,-,-,,,,,,,,,,,,,,,,,
"2,6-ジヒドロキシピリジン塩酸塩",TRUE,FALSE,FALSE,FALSE,FALSE,FALSE,FALSE,FALSE,FALSE,FALSE,FALSE,FALSE,FALSE,FALSE,FALSE,FALSE,東京化成工業株式会社,-, 10357-84-3,25,g,0,1,,,,,"2,6-ジヒドロキシピリジン塩酸塩",,,"2,6-Dihydroxypyridine Hydrochloride",,,東京化成工業株式会社,,-,-,25,g,g,1,-,-,-,-,,,, 10357-84-3,E3FKG,D2025,19800,,-,-,,,,,単位管理,Unit Management,本,本,-,-,,,-,-,,,,,,,,,,,,,,,,,
"2,6-ジヒドロキシ安息香酸 (25g)",TRUE,FALSE,FALSE,FALSE,FALSE,FALSE,FALSE,FALSE,FALSE,FALSE,FALSE,FALSE,FALSE,FALSE,FALSE,FALSE,富士フイルム和光純薬(株),-, 303-07-1,25,g,1,0,,,,,"2,6-ジヒドロキシ安息香酸 (25g)",,,"2,6-Dihydroxybenzoic Acid",,,富士フイルム和光純薬(株),,-,-,25,g,g,1,室温,,-,-,,,, 303-07-1,4.99E+12,043-02272,11600,(HO)2C6H3COOH,,,,95+%(Titration),,mp. 約160℃ (分解) ,単位管理,Unit Management,－,－,-,-,,,-,-,,,,,,,,,,,,,,,,,
"2,6-ｼﾞﾌﾞﾛﾓ-4-ﾒﾁﾙｱﾆﾘﾝ",TRUE,FALSE,FALSE,FALSE,FALSE,FALSE,FALSE,FALSE,FALSE,FALSE,FALSE,FALSE,FALSE,FALSE,FALSE,FALSE,関東化学株式会社,-, 6968-24-7,5,g,5,0,,,,,"2,6-ｼﾞﾌﾞﾛﾓ-4-ﾒﾁﾙｱﾆﾘﾝ",,,"2,6-Dibromo-4-methylaniline",,,関東化学株式会社,"Kanto Chemical Co., Inc.",-,-,5,g,g,1,-,-,-,-,,,, 6968-24-7,1010152A,10101-52,3300,C7H7Br2N,ガラスビン,,,>95.0%(HLC),264.9449,mp.73℃～76℃,単位管理,Unit Management,－,－,-,-,,,-,-,,,,,,,,,Br2／C7／H7／N1,,,,,,,,
"2,6-ジメチルナフタレン",TRUE,FALSE,FALSE,FALSE,FALSE,FALSE,FALSE,FALSE,FALSE,FALSE,FALSE,FALSE,FALSE,FALSE,FALSE,FALSE,東京化成工業株式会社,-, 581-42-0,1,g,1,0,,,,,"2,6-ジメチルナフタレン",,,"2,6-Dimethylnaphthalene",,,東京化成工業株式会社,,-,-,1,g,g,1,-,-,-,-,,,, 581-42-0,D34BG,D0751,5600,,,,,,,,単位管理,Unit Management,本,本,-,-,,,-,-,,,,,,,,,,,,,,,,,
"2,6-ジメチルフェノール",TRUE,FALSE,FALSE,FALSE,FALSE,FALSE,FALSE,FALSE,FALSE,FALSE,FALSE,FALSE,FALSE,FALSE,FALSE,FALSE,東京化成工業株式会社,-, 576-26-1,25,g,2,0,,,,,"2,6-ジメチルフェノール",,,"2,6-Dimethylphenol",,,東京化成工業株式会社,,-,-,25,g,g,1,冷蔵貯蔵,,-,-,1,79,100, 576-26-1,D4TKG,D0776,2100,,,,,,,,単位管理,Unit Management,－,－,-,-,,,-,-,,,,,,,,,,,,,,,,,
"2,6-ﾋﾟﾘｼﾞﾝｼﾞﾒﾀﾉｰﾙ",FALSE,FALSE,TRUE,FALSE,FALSE,FALSE,FALSE,FALSE,FALSE,FALSE,FALSE,FALSE,FALSE,FALSE,FALSE,FALSE,Aldrich,-, 1195-59-1,100,g,1,0,,,,,"2,6-ﾋﾟﾘｼﾞﾝｼﾞﾒﾀﾉｰﾙ",,,"2,6-Pyridinedimethanol, 98%",,,Aldrich,,-,-,100,g,g,1,室温,,-,-,,,, 1195-59-1,,154369,,,,,,,,,単位管理,Unit Management,－,－,-,-,,,-,-,,,,,,,,,,,,,,,,,
2-[4-(ブロモメチル)フェニル]プロピオン酸,FALSE,FALSE,FALSE,TRUE,FALSE,FALSE,FALSE,FALSE,FALSE,FALSE,FALSE,FALSE,FALSE,FALSE,FALSE,FALSE,東京化成工業株式会社,-, 111128-12-2,5,g,1,0,,,,,2-[4-(ブロモメチル)フェニル]プロピオン酸,,,2-[4-(Bromomethyl)phenyl]propionic Acid,,,東京化成工業株式会社,,-,-,5,g,g,1,-,-,-,-,,,, 111128-12-2,ORJEG,B2101,2000,,,,,,,,単位管理,Unit Management,－,－,-,-,,,-,-,,,,,,,,,,,,,,,,,
"2-Amino-1-butanol, 97%",FALSE,FALSE,FALSE,FALSE,FALSE,FALSE,FALSE,FALSE,FALSE,FALSE,FALSE,FALSE,FALSE,FALSE,FALSE,TRUE,Aldrich,-, 96-20-8,5,ml,2,0,,,,,,,,"2-Amino-1-butanol, 97%",,,Aldrich,,-,-,5,ml,ml,0.943,室温,,-,-,,,, 96-20-8,,A43804,,,-,-,,,,,単位管理,Unit Management,本,本,-,-,,,-,-,,,,,,,,,,,,,,,,,
"2-AMINO-3,5,6-TRIFLUOROTEREPHTHALONITRILE",FALSE,FALSE,FALSE,FALSE,FALSE,FALSE,TRUE,FALSE,FALSE,FALSE,FALSE,FALSE,FALSE,FALSE,FALSE,FALSE,Aldrich,-, 133622-66-9,1,g,1,0,,,,,"2-AMINO-3,5,6-TRIFLUOROTEREPHTHALONITRILE",,,"2-AMINO-3,5,6-TRIFLUOROTEREPHTHALONITRILE",,,Aldrich,,-,-,1,g,g,1,室温,,-,-,,,, 133622-66-9,,364436,,,-,-,,,,,単位管理,Unit Management,本,本,-,-,,,-,-,,,,,,,,,,,,,,,,,
"2-AMINOANTHRACENE, TECH., 90%",TRUE,FALSE,FALSE,FALSE,FALSE,FALSE,FALSE,FALSE,FALSE,FALSE,FALSE,FALSE,FALSE,FALSE,FALSE,FALSE,Aldrich,-, 613-13-8,1,g,1,0,,,,,"2-AMINOANTHRACENE, TECH., 90%",,,"2-AMINOANTHRACENE, TECH., 90%",,,Aldrich,,-,-,1,g,g,1,室温,,-,-,,,, 613-13-8,,A38800,,,-,-,,,,,単位管理,Unit Management,本,本,-,-,,,-,-,,,,,,,,,,,,,,,,,
"2-NITROCINNAMIC ACID, 97%, PREDOMINANTLY TRANS",TRUE,FALSE,FALSE,FALSE,FALSE,FALSE,FALSE,FALSE,FALSE,FALSE,FALSE,FALSE,FALSE,FALSE,FALSE,FALSE,Aldrich,-, 612-41-9,5,g,1,0,,,,,"2-NITROCINNAMIC ACID, 97%, PREDOMINANTLY TRANS",,,"2-NITROCINNAMIC ACID, 97%, PREDOMINANTLY TRANS",,,Aldrich,,-,-,5,g,g,1,冷暗貯蔵,,-,-,,,, 612-41-9,,N16401,,,-,-,,,,,単位管理,Unit Management,本,本,-,-,,,-,-,,,,,,,,,,,,,,,,,
2-アセトアミドピリジン,FALSE,FALSE,TRUE,FALSE,FALSE,FALSE,FALSE,FALSE,FALSE,FALSE,FALSE,FALSE,FALSE,FALSE,FALSE,FALSE,東京化成工業株式会社,-, 5231-96-9,1,g,1,0,,,,,2-アセトアミドピリジン,,,2-Acetamidopyridine,,,東京化成工業株式会社,,-,-,1,g,g,1,-,-,-,-,,,, 5231-96-9,R6HBG,A1911,3300,,,,,,,,単位管理,Unit Management,－,－,-,-,,,-,-,,,,,,,,,,,,,,,,,
2-アミノ-2-メチル-1-プロパノール (25mL),TRUE,FALSE,FALSE,FALSE,FALSE,FALSE,FALSE,FALSE,FALSE,FALSE,FALSE,FALSE,FALSE,FALSE,FALSE,FALSE,富士フイルム和光純薬(株),和光一級, 124-68-5,25,ml,1,0,,,,,2-アミノ-2-メチル-1-プロパノール (25mL),,,2-Amino-2-methyl-1-propanol,,,富士フイルム和光純薬(株),,和光一級,,25,ml,ml,0.934,室温,,-,-,,,, 124-68-5,4.99E+12,010-02583,2530,(CH3)2C(NH2)CH2OH,,,,93+%(Capillary GC),,mp. 20 - 26℃ bp. 約164℃,単位管理,Unit Management,－,－,-,-,,,-,-,,,,,,,,,,,,,,,,,
2-アミノ-3-ヒドロキシピリジン,FALSE,FALSE,FALSE,FALSE,FALSE,FALSE,FALSE,FALSE,FALSE,FALSE,FALSE,FALSE,TRUE,FALSE,FALSE,FALSE,東京化成工業株式会社,-, 16867-03-1,25,g,1,0,,,,,2-アミノ-3-ヒドロキシピリジン,,,2-Amino-3-hydroxypyridine,,,東京化成工業株式会社,,-,-,25,g,g,1,冷蔵貯蔵,,-,-,,,, 16867-03-1,A4IKG,A1089,9900,,,,,,,,単位管理,Unit Management,－,－,-,-,,,-,-,,,,,,,,,,,,,,,,,
2-ｱﾐﾉ-3-ﾋﾄﾞﾛｷｼﾋﾟﾘｼﾞﾝ,FALSE,FALSE,FALSE,FALSE,FALSE,FALSE,FALSE,FALSE,FALSE,FALSE,FALSE,FALSE,TRUE,FALSE,FALSE,FALSE,ACROS,-, 16867-03-1,5,g,1,0,,,,,2-ｱﾐﾉ-3-ﾋﾄﾞﾛｷｼﾋﾟﾘｼﾞﾝ,,,2-Amino-3-hydroxypyridine,,,ACROS,,-,-,5,g,g,1,冷暗貯蔵,,-,-,,,, 16867-03-1,,15357-2A,4000,HO(C5H3N)NH2,-,-,,98%,,mp. 172-174℃,単位管理,Unit Management,本,本,-,-,,,-,-,,,,,,,,,,,,,,,,,
2-アミノ-3-ヒドロキシ安息香酸,TRUE,FALSE,FALSE,FALSE,FALSE,FALSE,FALSE,FALSE,FALSE,FALSE,FALSE,FALSE,FALSE,FALSE,FALSE,FALSE,東京化成工業株式会社,-, 548-93-6,5,g,1,0,,,,,2-アミノ-3-ヒドロキシ安息香酸,,,2-Amino-3-hydroxybenzoic Acid,,,東京化成工業株式会社,,-,-,5,g,g,1,-,-,-,-,,,, 548-93-6,AI1EG,A0316,45400,,,,,,,,単位管理,Unit Management,－,－,-,-,,,-,-,,,,,,,,,,,,,,,,,
2-アミノ-3-メチルピリジン,FALSE,FALSE,FALSE,TRUE,FALSE,FALSE,FALSE,FALSE,FALSE,FALSE,FALSE,FALSE,FALSE,FALSE,FALSE,FALSE,東京化成工業株式会社,-, 1603-40-3,25,g,1,0,,,,,2-アミノ-3-メチルピリジン,,,2-Amino-3-methylpyridine,,,東京化成工業株式会社,,-,-,25,g,g,1,-,-,-,-,,,, 1603-40-3,ALDKG,A0400,3400,,,,,,,,単位管理,Unit Management,－,－,-,-,,,-,-,,,,,,,,,,,,,,,,,
2-アミノ-4-フェニルフェノール,FALSE,FALSE,FALSE,FALSE,FALSE,FALSE,FALSE,FALSE,FALSE,FALSE,FALSE,FALSE,TRUE,FALSE,FALSE,FALSE,東京化成工業株式会社,-, 1134-36-7,1,g,1,0,,,,,2-アミノ-4-フェニルフェノール,,,2-Amino-4-phenylphenol,,,東京化成工業株式会社,,-,-,1,g,g,1,-,-,-,-,,,, 1134-36-7,ALABG,A0397,6800,,,,,,,,単位管理,Unit Management,－,－,-,-,,,-,-,,,,,,,,,,,,,,,,,
2-アミノ-4-メチルピリジン,TRUE,FALSE,FALSE,FALSE,FALSE,FALSE,FALSE,FALSE,FALSE,FALSE,FALSE,FALSE,FALSE,FALSE,FALSE,FALSE,東京化成工業株式会社,-, 695-34-1,25,g,1,0,,,,,2-アミノ-4-メチルピリジン,,,2-Amino-4-methylpyridine,,,東京化成工業株式会社,,-,-,25,g,g,1,-,-,-,-,,,, 695-34-1,ALFKG,A0402,3700,,,,,,,,単位管理,Unit Management,－,－,-,-,,,-,-,,,,,,,,,,,,,,,,,
2-アミノ-4-メチルピリミジン,TRUE,FALSE,FALSE,FALSE,FALSE,FALSE,FALSE,FALSE,FALSE,FALSE,FALSE,FALSE,FALSE,FALSE,FALSE,FALSE,東京化成工業株式会社,-, 108-52-1,5,g,1,0,,,,,2-アミノ-4-メチルピリミジン,,,2-Amino-4-methylpyrimidine,,,東京化成工業株式会社,,-,-,5,g,g,1,-,-,-,-,,,, 108-52-1,OWTEG,A1474,2700,,,,,,,,単位管理,Unit Management,－,－,-,-,,,-,-,,,,,,,,,,,,,,,,,
2-アミノ-5-ヒドロキシ安息香酸,FALSE,FALSE,FALSE,FALSE,FALSE,FALSE,FALSE,FALSE,FALSE,FALSE,FALSE,FALSE,TRUE,FALSE,FALSE,FALSE,東京化成工業株式会社,-, 394-31-0,25,g,1,0,,,,,2-アミノ-5-ヒドロキシ安息香酸,,,2-Amino-5-hydroxybenzoic Acid,,,東京化成工業株式会社,,-,-,25,g,g,1,-,-,-,-,,,, 394-31-0,GG3KG,H0631,11800,,,,,,,,単位管理,Unit Management,－,－,-,-,,,-,-,,,,,,,,,,,,,,,,,
2-アミノ-5-メチルピリジン,TRUE,FALSE,FALSE,FALSE,FALSE,FALSE,FALSE,FALSE,FALSE,FALSE,FALSE,FALSE,FALSE,FALSE,FALSE,FALSE,東京化成工業株式会社,-, 1603-41-4,25,g,1,0,,,,,2-アミノ-5-メチルピリジン,,,2-Amino-5-methylpyridine,,,東京化成工業株式会社,,-,-,25,g,g,1,-,-,-,-,,,, 1603-41-4,AULKG,A0732,5300,,,,,,,,単位管理,Unit Management,－,－,-,-,,,-,-,,,,,,,,,,,,,,,,,
2-アミノ-6-メチルピリジン,TRUE,FALSE,FALSE,FALSE,FALSE,FALSE,FALSE,FALSE,FALSE,FALSE,FALSE,FALSE,FALSE,FALSE,FALSE,FALSE,東京化成工業株式会社,-, 1824-81-3,25,g,1,0,,,,,2-アミノ-6-メチルピリジン,,,2-Amino-6-methylpyridine,,,東京化成工業株式会社,,-,-,25,g,g,1,-,-,-,-,,,, 1824-81-3,ALGKG,A0403,2700,,,,,,,,単位管理,Unit Management,－,－,-,-,,,-,-,,,,,,,,,,,,,,,,,
2-アミノアントラキノン,TRUE,FALSE,FALSE,FALSE,FALSE,FALSE,FALSE,FALSE,FALSE,FALSE,FALSE,FALSE,FALSE,FALSE,FALSE,FALSE,東京化成工業株式会社,-, 117-79-3,25,g,1,0,,,,,2-アミノアントラキノン,,,2-Aminoanthraquinone,,,東京化成工業株式会社,,-,-,25,g,g,1,-,-,-,-,,,, 117-79-3,AHCKG,A0255,2800,,-,-,,,,,単位管理,Unit Management,本,本,-,-,,,-,-,,,,,,,,,,,,,,,,,
2-アミノエタノール (100mL),FALSE,FALSE,FALSE,FALSE,FALSE,TRUE,FALSE,FALSE,FALSE,FALSE,FALSE,FALSE,FALSE,FALSE,FALSE,FALSE,富士フイルム和光純薬(株),試薬特級 [JISマーク認定品目], 141-43-5,100,ml,1,0,,,,,2-アミノエタノール (100mL),,,2-Aminoethanol,,,富士フイルム和光純薬(株),,試薬特級 [JISマーク認定品目],,100,ml,ml,1.01,室温,,-,-,1,20,100, 141-43-5,4.99E+12,016-12453,1620,H2NCH2CH2OH,,,,99+%(GC),,mp. 10.53℃ bp. 約171℃,単位管理,Unit Management,－,－,-,-,,,-,-,,,,,,,,,,,,,,,,,
2-アミノエタンスルホン酸,TRUE,FALSE,FALSE,FALSE,FALSE,FALSE,FALSE,FALSE,FALSE,FALSE,FALSE,FALSE,FALSE,FALSE,FALSE,FALSE,東京化成工業株式会社,-, 107-35-7,25,g,2,0,,,,,2-アミノエタンスルホン酸,,,2-Aminoethanesulfonic Acid,,,東京化成工業株式会社,,-,-,25,g,g,1,-,-,-,-,,,, 107-35-7,AIGKG,A0295,1900,,,,,,,,単位管理,Unit Management,－,－,-,-,,,-,-,,,,,,,,,,,,,,,,,
2-アミノテレフタル酸,FALSE,FALSE,FALSE,FALSE,FALSE,FALSE,FALSE,FALSE,FALSE,FALSE,FALSE,FALSE,TRUE,FALSE,FALSE,FALSE,東京化成工業株式会社,-, 10312-55-7,25,g,1,0,,,,,2-アミノテレフタル酸,,,2-Aminoterephthalic Acid,,,東京化成工業株式会社,,-,-,25,g,g,1,-,-,-,-,,,, 10312-55-7,MVRKG,A1291,11200,,,,,,,,単位管理,Unit Management,－,－,-,-,,,-,-,,,,,,,,,,,,,,,,,
2-アミノピラジン,FALSE,TRUE,FALSE,FALSE,FALSE,FALSE,FALSE,FALSE,FALSE,FALSE,FALSE,FALSE,FALSE,FALSE,FALSE,FALSE,東京化成工業株式会社,-, 5049-61-6,25,g,1,0,,,,,2-アミノピラジン,,,2-Aminopyrazine,,,東京化成工業株式会社,,-,-,25,g,g,1,-,-,-,-,,,, 5049-61-6,A1QKG,A0989,9100,,,,,,,,単位管理,Unit Management,－,－,-,-,,,-,-,,,,,,,,,,,,,,,,,
2-アミノピリジン,FALSE,FALSE,FALSE,FALSE,FALSE,TRUE,FALSE,FALSE,FALSE,FALSE,FALSE,FALSE,TRUE,FALSE,FALSE,FALSE,東京化成工業株式会社,-, 504-29-0,25,g,1,2,,,,,2-アミノピリジン,,,2-Aminopyridine,,,東京化成工業株式会社,,-,-,25,g,g,1,冷蔵貯蔵,,-,-,,,, 504-29-0,ALOKG,A0411,2000,,,,,,,,単位管理,Unit Management,－,－,-,-,,,-,-,,,,,,,,,,,,,,,,,
2-アミノピリミジン,TRUE,FALSE,FALSE,FALSE,FALSE,FALSE,FALSE,FALSE,FALSE,FALSE,FALSE,FALSE,TRUE,FALSE,FALSE,FALSE,東京化成工業株式会社,-, 109-12-6,25,g,1,0,,,,,2-アミノピリミジン,,,2-Aminopyrimidine,,,東京化成工業株式会社,,-,-,25,g,g,1,-,-,-,-,,,, 109-12-6,ALPKG,A0412,4800,,,,,,,,単位管理,Unit Management,－,－,-,-,,,-,-,,,,,,,,,,,,,,,,,
2-アミノフェノール,TRUE,FALSE,FALSE,FALSE,FALSE,FALSE,FALSE,FALSE,FALSE,FALSE,FALSE,FALSE,FALSE,FALSE,FALSE,FALSE,東京化成工業株式会社,-, 95-55-6,25,g,1,0,,,,,2-アミノフェノール,,,2-Aminophenol,,,東京化成工業株式会社,,-,-,25,g,g,1,-,-,-,-,1,570,100, 95-55-6,AJKKG,A0335,2400,,,,,,,,単位管理,Unit Management,－,－,-,-,,,-,-,,,,,,,,,,,,,,,,,
2-ｱﾐﾉﾍﾟﾘﾐｼﾞﾝ ｼｭｳｶｽｲｿｻﾝｴﾝ,TRUE,FALSE,FALSE,FALSE,FALSE,FALSE,FALSE,FALSE,FALSE,FALSE,FALSE,FALSE,FALSE,FALSE,FALSE,FALSE,東京化成工業株式会社,-, 40835-96-9,1,g,3,0,,,,,2-ｱﾐﾉﾍﾟﾘﾐｼﾞﾝ ｼｭｳｶｽｲｿｻﾝｴﾝ,,,2-Aminoperimidine Hydrobromide [Precipitation reagent for SO4.],,,東京化成工業株式会社,,-,-,1,g,g,1,-,-,-,-,,,, 40835-96-9,A91BG,A5133,2000,,-,-,,,,,単位管理,Unit Management,本,本,-,-,,,-,-,,,,,,,,,,,,,,,,,
2-アミノペリミジン塩酸塩,FALSE,TRUE,FALSE,FALSE,FALSE,FALSE,FALSE,FALSE,FALSE,FALSE,FALSE,FALSE,FALSE,FALSE,FALSE,FALSE,和光純薬工業(株),-, 70456-77-8,1,g,5,0,,,,,2-アミノペリミジン塩酸塩,,,2-Aminoperimidine Hydrochloride,,,和光純薬工業(株),,-,-,1,g,g,1,-,-,-,-,,,, 70456-77-8,4.99E+12,347-03961,0,,-,-,,,,,単位管理,Unit Management,本,本,-,-,,,-,-,,,,,,,,,,,,,,,,,
2-アミノベンズアミド,FALSE,FALSE,FALSE,TRUE,FALSE,FALSE,FALSE,FALSE,FALSE,FALSE,FALSE,FALSE,TRUE,FALSE,FALSE,FALSE,東京化成工業株式会社,-, 88-68-6,25,g,2,0,,,,,2-アミノベンズアミド,,,2-Aminobenzamide,,,東京化成工業株式会社,,-,-,25,g,g,1,-,-,-,-,,,, 88-68-6,AHJKG,A0262,5700,,,,,,,,単位管理,Unit Management,－,－,-,-,,,-,-,,,,,,,,,,,,,,,,,
2-アミノベンゾイミダゾール,TRUE,FALSE,FALSE,FALSE,FALSE,FALSE,FALSE,FALSE,FALSE,FALSE,FALSE,FALSE,FALSE,FALSE,FALSE,FALSE,東京化成工業株式会社,-, 934-32-7,5,g,1,0,,,,,2-アミノベンゾイミダゾール,,,2-Aminobenzimidazole,,,東京化成工業株式会社,,-,-,5,g,g,1,-,-,-,-,,,, 934-32-7,AXVEG,A0850,4500,,,,,,,,単位管理,Unit Management,－,－,-,-,,,-,-,,,,,,,,,,,,,,,,,
2-イソプロピルイミダゾール,FALSE,FALSE,TRUE,FALSE,FALSE,FALSE,FALSE,FALSE,FALSE,FALSE,FALSE,FALSE,FALSE,FALSE,FALSE,FALSE,東京化成工業株式会社,-, 36947-68-9,25,g,1,0,,,,,2-イソプロピルイミダゾール,,,2-Isopropylimidazole,,,東京化成工業株式会社,,-,-,25,g,g,1,-,-,-,-,,,, 36947-68-9,GT9KG,I0313,2200,,,,,,,,単位管理,Unit Management,－,－,-,-,,,-,-,,,,,,,,,,,,,,,,,
2-インダノン,FALSE,FALSE,FALSE,TRUE,FALSE,FALSE,FALSE,FALSE,FALSE,FALSE,FALSE,FALSE,FALSE,FALSE,FALSE,FALSE,東京化成工業株式会社,-, 615-13-4,5,g,1,0,,,,,2-インダノン,,,2-Indanone,,,東京化成工業株式会社,,-,-,5,g,g,1,冷蔵貯蔵,,-,-,,,, 615-13-4,R0YEG,I0649,3600,,,,,,,,単位管理,Unit Management,－,－,-,-,,,-,-,,,,,,,,,,,,,,,,,
2-エチル-4-メチルイミダゾール,TRUE,FALSE,FALSE,FALSE,FALSE,FALSE,FALSE,FALSE,FALSE,FALSE,FALSE,FALSE,FALSE,FALSE,FALSE,FALSE,東京化成工業株式会社,-, 931-36-2,25,g,1,0,,,,,2-エチル-4-メチルイミダゾール,,,2-Ethyl-4-methylimidazole,,,東京化成工業株式会社,,-,-,25,g,g,1,-,-,-,-,,,, 931-36-2,FEOKG,E0232,2800,,,,,,,,単位管理,Unit Management,－,－,-,-,,,-,-,,,,,,,,,,,,,,,,,
2-エチルイミダゾール,TRUE,FALSE,FALSE,FALSE,FALSE,FALSE,FALSE,FALSE,FALSE,FALSE,FALSE,FALSE,FALSE,FALSE,FALSE,FALSE,東京化成工業株式会社,-, 1072-62-4,25,g,1,0,,,,,2-エチルイミダゾール,,,2-Ethylimidazole,,,東京化成工業株式会社,,-,-,25,g,g,1,-,-,-,-,,,, 1072-62-4,FEPKG,E0233,2600,,,,,,,,単位管理,Unit Management,－,－,-,-,,,-,-,,,,,,,,,,,,,,,,,
"2-エトキシ-6,9-ジアミノアクリジン乳酸塩一水和物 (5g)",FALSE,FALSE,FALSE,FALSE,FALSE,FALSE,TRUE,FALSE,FALSE,FALSE,FALSE,FALSE,FALSE,FALSE,FALSE,FALSE,富士フイルム和光純薬(株),和光特級, 6402-23-9,5,g,1,0,,,,,"2-エトキシ-6,9-ジアミノアクリジン乳酸塩一水和物 (5g)",,,"2-Ethoxy-6,9-diamino-acridine Lactate Monohydrate",,,富士フイルム和光純薬(株),,和光特級,,5,g,g,1,冷蔵貯蔵,,-,-,,,, 6402-23-9,4.99E+12,053-02491,4140,C15H15N3O・C3H6O3・H2O,,,,99+%(Titration),,mp. 約245℃ (dec.) ,単位管理,Unit Management,－,－,-,-,,,-,-,,,,,,,,,,,,,,,,,
2-エトキシベンズアミド,FALSE,FALSE,FALSE,FALSE,FALSE,FALSE,FALSE,FALSE,FALSE,FALSE,FALSE,FALSE,TRUE,FALSE,FALSE,FALSE,東京化成工業株式会社,-, 938-73-8,25,g,1,0,,,,,2-エトキシベンズアミド,,,2-Ethoxybenzamide,,,東京化成工業株式会社,,-,-,25,g,g,1,-,-,-,-,,,, 938-73-8,FEEKG,E0222,2500,,,,,,,,単位管理,Unit Management,－,－,-,-,,,-,-,,,,,,,,,,,,,,,,,
2-キノリノール,FALSE,TRUE,FALSE,FALSE,FALSE,FALSE,FALSE,FALSE,FALSE,FALSE,FALSE,FALSE,FALSE,FALSE,FALSE,FALSE,東京化成工業株式会社,-, 59-31-4,1,g,1,0,,,,,2-キノリノール,,,2-Quinolinol,,,東京化成工業株式会社,,-,-,1,g,g,1,-,-,-,-,,,, 59-31-4,F70BG,H0304,4900,,,,,,,,単位管理,Unit Management,－,－,-,-,,,-,-,,,,,,,,,,,,,,,,,
2-ｸﾛﾛ-5-ﾆﾄﾛけい皮酸,TRUE,FALSE,FALSE,FALSE,FALSE,FALSE,FALSE,FALSE,FALSE,FALSE,FALSE,FALSE,FALSE,FALSE,FALSE,FALSE,ACROS,-, 36015-19-7,5,g,1,0,,,,,2-ｸﾛﾛ-5-ﾆﾄﾛけい皮酸,,,2-Chloro-5-nitrocinnamic acid,,,ACROS,,-,-,5,g,g,1,冷暗貯蔵,,-,-,,,, 36015-19-7,,30585-1A,14000,ClC6H3(NO2)CH:CHCO2H,-,-,,98%,227.6012,mp. 218-220℃,単位管理,Unit Management,本,本,-,-,,,-,-,,,,,,,,,C9／CL1／H6／N1／O4,0.5,g,g,0.5,g,g,,
2-クロロ-5-メチルチオフェン,FALSE,FALSE,FALSE,FALSE,FALSE,FALSE,FALSE,FALSE,FALSE,FALSE,TRUE,FALSE,FALSE,FALSE,FALSE,FALSE,東京化成工業株式会社,-, 17249-82-0,5,g,1,0,,,,,2-クロロ-5-メチルチオフェン,,,2-Chloro-5-methylthiophene,,,東京化成工業株式会社,,-,-,5,g,g,1.21,-,-,-,-,,,, 17249-82-0,U7JEG,C2324,9400,,,,,,,,単位管理,Unit Management,－,－,-,-,,,-,-,,,,,,,,,,,,,,,,,
2-クロロピリジン,FALSE,FALSE,FALSE,TRUE,FALSE,FALSE,FALSE,FALSE,FALSE,FALSE,FALSE,FALSE,FALSE,FALSE,FALSE,FALSE,東京化成工業株式会社,-, 109-09-1,25,g,1,0,,,,,2-クロロピリジン,,,2-Chloropyridine,,,東京化成工業株式会社,,-,-,25,g,g,1.21,-,-,-,-,,,, 109-09-1,CQVKG,C0279,2100,,,,,,,,重量管理,Weight Management,g,g,天秤＆ｷｰﾎﾞｰﾄﾞ入力,keyboard to input port and balance,g,g,持出／返却,Check-out/Return,,,,,,,,,,,,,,,,,
2-クロロベンジルブロミド,FALSE,FALSE,FALSE,FALSE,FALSE,FALSE,FALSE,FALSE,FALSE,FALSE,FALSE,TRUE,FALSE,FALSE,FALSE,FALSE,東京化成工業株式会社,-, 611-17-6,5,g,1,0,,,,,2-クロロベンジルブロミド,,,2-Chlorobenzyl Bromide,,,東京化成工業株式会社,,-,-,5,g,g,1.58,-,-,-,-,,,, 611-17-6,NIUEG,C1443,2600,,,,,,,,単位管理,Unit Management,－,－,-,-,,,-,-,,,,,,,,,,,,,,,,,
2-シアノピリジン,FALSE,FALSE,FALSE,FALSE,FALSE,FALSE,TRUE,FALSE,FALSE,FALSE,FALSE,FALSE,FALSE,FALSE,FALSE,FALSE,東京化成工業株式会社,-, 100-70-9,25,g,1,0,,,,,2-シアノピリジン,,,2-Cyanopyridine,,,東京化成工業株式会社,,-,-,25,g,g,1,-,-,-,-,,,, 100-70-9,CVRKG,C0455,2100,,,,,,,,単位管理,Unit Management,－,－,-,-,,,-,-,,,,,,,,,,,,,,,,,
2-ナフタレンスルホン酸水和物,TRUE,FALSE,FALSE,FALSE,FALSE,FALSE,FALSE,FALSE,FALSE,FALSE,FALSE,FALSE,FALSE,FALSE,FALSE,FALSE,東京化成工業株式会社,-, 76530-12-6,25,g,1,0,,,,,2-ナフタレンスルホン酸水和物,,,2-Naphthalenesulfonic AcidHydrate,,,東京化成工業株式会社,,-,-,25,g,g,1,-,-,-,-,,,, 76530-12-6,BJEKG,B0258,3300,,,,,,,,単位管理,Unit Management,－,－,-,-,,,-,-,,,,,,,,,,,,,,,,,
2-ニトロアニリン,TRUE,FALSE,FALSE,FALSE,FALSE,FALSE,FALSE,FALSE,FALSE,FALSE,FALSE,FALSE,FALSE,FALSE,FALSE,FALSE,東京化成工業株式会社,-, 88-74-4,25,g,1,0,,,,,2-ニトロアニリン,,,2-Nitroaniline,,,東京化成工業株式会社,,-,-,25,g,g,1,-,-,-,-,1,312,100, 88-74-4,HZRKG,N0118,2400,,,,,,,,単位管理,Unit Management,－,－,-,-,,,-,-,,,,,,,,,,,,,,,,,
2-ニトロソ-1-ナフトール,TRUE,FALSE,FALSE,FALSE,FALSE,FALSE,FALSE,FALSE,FALSE,FALSE,FALSE,FALSE,FALSE,FALSE,FALSE,FALSE,東京化成工業株式会社,-, 132-53-6,5,g,1,0,,,,,2-ニトロソ-1-ナフトール,,,2-Nitroso-1-naphthol,,,東京化成工業株式会社,,-,-,5,g,g,1,-,-,-,-,,,, 132-53-6,H3WEG,N0267,4800,,,,,,,,単位管理,Unit Management,－,－,-,-,,,-,-,,,,,,,,,,,,,,,,,
2-ピコリルアミン,FALSE,FALSE,FALSE,FALSE,FALSE,FALSE,FALSE,FALSE,FALSE,FALSE,TRUE,FALSE,FALSE,FALSE,FALSE,FALSE,東京化成工業株式会社,-, 3731-51-9,25,g,1,0,,,,,2-ピコリルアミン,,,2-Picolylamine,,,東京化成工業株式会社,,-,-,25,g,g,1.07,-,-,-,-,,,, 3731-51-9,A6HKG,A1161,9200,,,,,,,,単位管理,Unit Management,－,－,-,-,,,-,-,,,,,,,,,,,,,,,,,
2-ピコリンアミド,FALSE,FALSE,FALSE,FALSE,FALSE,FALSE,FALSE,FALSE,FALSE,FALSE,FALSE,FALSE,TRUE,FALSE,FALSE,FALSE,東京化成工業株式会社,-, 1452-77-3,25,g,1,0,,,,,2-ピコリンアミド,,,2-Picolinamide,,,東京化成工業株式会社,,-,-,25,g,g,1,-,-,-,-,,,, 1452-77-3,ITWKG,P0414,12300,,,,,,,,単位管理,Unit Management,－,－,-,-,,,-,-,,,,,,,,,,,,,,,,,
2-ヒドロキシ-1-ナフトアルデヒド (25g),FALSE,FALSE,FALSE,FALSE,FALSE,FALSE,FALSE,FALSE,FALSE,FALSE,FALSE,FALSE,TRUE,FALSE,FALSE,FALSE,(株)ワコーケミカル (和光純薬取扱),-, 708-06-5,25,g,1,0,,,,,2-ヒドロキシ-1-ナフトアルデヒド (25g),,,2-Hydroxy-1-naphthaldehyde,,,(株)ワコーケミカル (和光純薬取扱),,-,-,25,g,g,1,室温,,,,,,, 708-06-5,4.99E+12,324-21032,3700,C11H8O2,,,,96+%,,mp. 82℃ bp. 192℃/27mm,単位管理,Unit Management,－,－,-,-,,,-,-,,,,,,,,,,,,,,,,,
2-ヒドロキシ-3-ニトロピリジン,TRUE,FALSE,FALSE,FALSE,FALSE,FALSE,FALSE,FALSE,FALSE,FALSE,FALSE,FALSE,FALSE,FALSE,FALSE,FALSE,東京化成工業株式会社,-, 6332-56-5,5,g,1,0,,,,,2-ヒドロキシ-3-ニトロピリジン,,,2-Hydroxy-3-nitropyridine,,,東京化成工業株式会社,,-,-,5,g,g,1,-,-,-,-,,,, 6332-56-5,O5MEG,H0999,3100,,,,,,,,単位管理,Unit Management,－,－,-,-,,,-,-,,,,,,,,,,,,,,,,,
2-ヒドロキシ-4-メトキシベンズアルデヒド,TRUE,FALSE,FALSE,FALSE,FALSE,FALSE,FALSE,FALSE,FALSE,FALSE,FALSE,FALSE,FALSE,FALSE,FALSE,FALSE,東京化成工業株式会社,-, 673-22-3,5,g,1,0,,,,,2-ヒドロキシ-4-メトキシベンズアルデヒド,,,2-Hydroxy-4-methoxybenzaldehyde,,,東京化成工業株式会社,,-,-,5,g,g,1,-,-,-,-,,,, 673-22-3,GIYEG,H0699,5000,,,,,,,,単位管理,Unit Management,－,－,-,-,,,-,-,,,,,,,,,,,,,,,,,
2-ヒドロキシ-5-ニトロ-m-アニスアルデヒド,TRUE,FALSE,FALSE,FALSE,FALSE,FALSE,FALSE,FALSE,FALSE,FALSE,FALSE,FALSE,FALSE,FALSE,FALSE,FALSE,東京化成工業株式会社,-, 17028-61-4,5,g,1,0,,,,,2-ヒドロキシ-5-ニトロ-m-アニスアルデヒド,,,2-Hydroxy-5-nitro-m-anisaldehyde,,,東京化成工業株式会社,,-,-,5,g,g,1,-,-,-,-,,,, 17028-61-4,GALEG,H0397,9300,,,,,,,,単位管理,Unit Management,－,－,-,-,,,-,-,,,,,,,,,,,,,,,,,
2-ﾋﾄﾞﾛｷｼ-5-ﾆﾄﾛﾍﾞﾝｽﾞｱﾙﾃﾞﾋﾄﾞ,FALSE,FALSE,FALSE,FALSE,FALSE,FALSE,FALSE,FALSE,FALSE,FALSE,FALSE,FALSE,TRUE,FALSE,FALSE,FALSE,Aldrich,-, 97-51-8,5,g,1,0,,,,,2-ﾋﾄﾞﾛｷｼ-5-ﾆﾄﾛﾍﾞﾝｽﾞｱﾙﾃﾞﾋﾄﾞ,,,"2-Hydroxy-5-nitrobenzaldehyde, 98%",,,Aldrich,,-,-,5,g,g,1,室温,,-,-,,,, 97-51-8,,275352,,,,,,,,,単位管理,Unit Management,－,－,-,-,,,-,-,,,,,,,,,,,,,,,,,
2'-ヒドロキシ-5'-メチルアセトフェノン,TRUE,FALSE,FALSE,FALSE,FALSE,FALSE,FALSE,FALSE,FALSE,FALSE,FALSE,FALSE,FALSE,FALSE,FALSE,FALSE,東京化成工業株式会社,-, 1450-72-2,5,g,1,0,,,,,2'-ヒドロキシ-5'-メチルアセトフェノン,,,2'-Hydroxy-5'-methylacetophenone,,,東京化成工業株式会社,,-,-,5,g,g,1,-,-,-,-,,,, 1450-72-2,GLBEG,H0790,4300,,,,,,,,単位管理,Unit Management,－,－,-,-,,,-,-,,,,,,,,,,,,,,,,,
2-ヒドロキシ-5-メチルピリジン,TRUE,FALSE,FALSE,FALSE,FALSE,FALSE,FALSE,FALSE,FALSE,FALSE,FALSE,FALSE,FALSE,FALSE,FALSE,FALSE,東京化成工業株式会社,-, 1003-68-5,5,g,1,0,,,,,2-ヒドロキシ-5-メチルピリジン,,,2-Hydroxy-5-methylpyridine,,,東京化成工業株式会社,,-,-,5,g,g,1,-,-,-,-,,,, 1003-68-5,RS8EG,H1167,5400,,,,,,,,単位管理,Unit Management,－,－,-,-,,,-,-,,,,,,,,,,,,,,,,,
2-ヒドロキシニコチン酸,FALSE,FALSE,FALSE,FALSE,FALSE,FALSE,FALSE,FALSE,FALSE,FALSE,FALSE,FALSE,TRUE,FALSE,FALSE,FALSE,東京化成工業株式会社,-, 609-71-2,25,g,0,1,,,,,2-ヒドロキシニコチン酸,,,2-Hydroxynicotinic Acid,,,東京化成工業株式会社,,-,-,25,g,g,1,-,-,-,-,,,, 609-71-2,GLEKG,H0795,19900,,,,,,,,単位管理,Unit Management,－,－,-,-,,,-,-,,,,,,,,,,,,,,,,,
2-ヒドロキシ安息香酸,TRUE,TRUE,FALSE,FALSE,FALSE,FALSE,FALSE,FALSE,FALSE,FALSE,FALSE,FALSE,FALSE,FALSE,FALSE,FALSE,東京化成工業株式会社,-, 69-72-7,25,g,3,0,,,,,2-ヒドロキシ安息香酸,,,2-Hydroxybenzoic Acid,,,東京化成工業株式会社,,-,-,25,g,g,1,-,-,-,-,,,, 69-72-7,F5AKG,H0206,2100,,,,,,,,単位管理,Unit Management,－,－,-,-,,,-,-,,,,,,,,,,,,,,,,,
2-フェニルイミダゾール,FALSE,TRUE,FALSE,FALSE,FALSE,FALSE,FALSE,FALSE,FALSE,FALSE,FALSE,FALSE,FALSE,FALSE,FALSE,FALSE,東京化成工業株式会社,-, 670-96-2,100,g,1,0,,,,,2-フェニルイミダゾール,,,2-Phenylimidazole,,,東京化成工業株式会社,,-,-,100,g,g,1,-,-,-,-,,,, 670-96-2,I1ESG,P0684,10600,,,,,,,,単位管理,Unit Management,－,－,-,-,,,-,-,,,,,,,,,,,,,,,,,
2-フェノキシエタノール,FALSE,FALSE,FALSE,FALSE,FALSE,FALSE,FALSE,FALSE,FALSE,FALSE,TRUE,FALSE,FALSE,FALSE,FALSE,FALSE,東京化成工業株式会社,-, 122-99-6,25,g,1,0,,,,,2-フェノキシエタノール,,,2-Phenoxyethanol,,,東京化成工業株式会社,,-,-,25,g,g,1.11,-,-,-,-,,,, 122-99-6,ILLKG,P0115,2100,,,,,,,,単位管理,Unit Management,－,－,-,-,,,-,-,,,,,,,,,,,,,,,,,
2-ﾌﾞﾀﾉｰﾙ,FALSE,FALSE,FALSE,FALSE,FALSE,FALSE,FALSE,FALSE,FALSE,FALSE,TRUE,FALSE,FALSE,FALSE,FALSE,FALSE,関東化学株式会社,特級, 78-92-2,500,ml,1,0,,,,,2-ﾌﾞﾀﾉｰﾙ,sec-ﾌﾞﾁﾙｱﾙｺｰﾙ,2-ﾋﾄﾞﾛｷｼﾌﾞﾀﾝ,2-Butanol,sec-Butyl alcohol,2-Hydroxybutane,関東化学株式会社,"Kanto Chemical Co., Inc.",特級,,500,ml,ml,0.808,-,-,-,-,,,, 78-92-2,0445800L,04458-00,2600,CH3CH2CH(OH)CH3,ガラスビン,,"無色,液体",>99.0%(GC),74.1216,bp.99.5℃ d(20/4℃) 0.808 Fp.24.4℃,単位管理,Unit Management,－,－,-,-,,,-,-,,,,,,,,,C4／H10／O1,,,,,,,,
2-ブタノン (500mL),FALSE,FALSE,FALSE,FALSE,FALSE,FALSE,FALSE,FALSE,FALSE,FALSE,FALSE,FALSE,FALSE,FALSE,TRUE,FALSE,富士フイルム和光純薬(株),試薬特級 [JISマーク認定品目], 78-93-3,500,ml,1,0,,,,,2-ブタノン (500mL),,,2-Butanone,,,富士フイルム和光純薬(株),,試薬特級 [JISマーク認定品目],,500,ml,ml,0.805,冷暗貯蔵,,-,-,,,, 78-93-3,4.99E+12,130-02496,1320,C2H5COCH3,,,,99+%(GC),,mp. -87℃ bp. 約80℃,単位管理,Unit Management,－,－,-,-,,,-,-,,,,,,,,,,,,,,,,,
2-ブチルイミダゾール,FALSE,FALSE,TRUE,FALSE,FALSE,FALSE,FALSE,FALSE,FALSE,FALSE,FALSE,FALSE,FALSE,FALSE,FALSE,FALSE,東京化成工業株式会社,-, 50790-93-7,5,g,1,0,,,,,2-ブチルイミダゾール,,,2-Butylimidazole,,,東京化成工業株式会社,,-,-,5,g,g,1,冷暗貯蔵,,-,-,,,, 50790-93-7,,B3136,,C7H12N2,ガラスビン,,固体,,,,単位管理,Unit Management,－,－,-,-,,,-,-,,,,,,,,,,,,,,,,,
2-フルオロアニリン,TRUE,FALSE,FALSE,FALSE,FALSE,FALSE,FALSE,FALSE,FALSE,FALSE,FALSE,FALSE,FALSE,FALSE,FALSE,FALSE,東京化成工業株式会社,-, 348-54-9,25,g,0,1,,,,,2-フルオロアニリン,,,2-Fluoroaniline,,,東京化成工業株式会社,,-,-,25,g,g,1.16,-,-,-,-,,,, 348-54-9,FKWKG,F0032,2600,,,,,,,,単位管理,Unit Management,－,－,-,-,,,-,-,,,,,,,,,,,,,,,,,
2-フルオロベンジルブロミド,FALSE,FALSE,FALSE,FALSE,FALSE,FALSE,FALSE,FALSE,FALSE,FALSE,FALSE,TRUE,FALSE,FALSE,FALSE,FALSE,東京化成工業株式会社,-, 446-48-0,25,g,1,0,,,,,2-フルオロベンジルブロミド,,,2-Fluorobenzyl Bromide,,,東京化成工業株式会社,,-,-,25,g,g,1.55,-,-,-,-,,,, 446-48-0,FPSKG,F0209,10200,,,,,,,,単位管理,Unit Management,－,－,-,-,,,-,-,,,,,,,,,,,,,,,,,
2-プロパノール (3L),FALSE,FALSE,FALSE,FALSE,FALSE,FALSE,FALSE,FALSE,FALSE,FALSE,FALSE,FALSE,FALSE,FALSE,TRUE,FALSE,富士フイルム和光純薬(株),和光一級, 67-63-0,3,L,1,0,,,,,2-プロパノール (3L),,,2-Propanol,,,富士フイルム和光純薬(株),,和光一級,,3,L,L,0.784,室温,,-,-,,,, 67-63-0,4.99E+12,163-04841,4650,(CH3)2CHOH,,,,98+%(Capillary GC),,mp. -88.5℃ bp. 約82℃,単位管理,Unit Management,－,－,-,-,,,-,-,,,,,,,,,,,,,,,,,
2-プロパノール (500mL),FALSE,FALSE,FALSE,FALSE,FALSE,FALSE,FALSE,FALSE,FALSE,FALSE,TRUE,FALSE,FALSE,FALSE,FALSE,FALSE,富士フイルム和光純薬(株),試薬特級 [JISマーク認定品目], 67-63-0,500,ml,1,0,,,,,2-プロパノール (500mL),,,2-Propanol,,,富士フイルム和光純薬(株),,試薬特級 [JISマーク認定品目],,500,ml,ml,0.785,室温,,-,-,,,, 67-63-0,4.99E+12,166-04836,1250,(CH3)2CHOH,,,,99.7+%(GC),,mp. -88.5℃ bp. 約82℃,単位管理,Unit Management,－,－,-,-,,,-,-,,,,,,,,,,,,,,,,,
2-プロピル-4-(4-ピリジルアゾ)フェノール,FALSE,TRUE,FALSE,FALSE,FALSE,FALSE,FALSE,FALSE,FALSE,FALSE,FALSE,FALSE,FALSE,FALSE,FALSE,FALSE,東京化成工業株式会社,-, 253124-08-2,5,g,8,0,,,,,2-プロピル-4-(4-ピリジルアゾ)フェノール,,,2-Propyl-4-(4-pyridylazo)phenol,,,東京化成工業株式会社,,-,-,5,g,g,1,-,-,-,-,,,, 253124-08-2,QB1EG,P1442,14900,,,,,,,,単位管理,Unit Management,－,－,-,-,,,-,-,,,,,,,,,,,,,,,,,
2-プロピルイミダゾール,FALSE,FALSE,TRUE,FALSE,FALSE,FALSE,FALSE,FALSE,FALSE,FALSE,FALSE,FALSE,FALSE,FALSE,FALSE,FALSE,東京化成工業株式会社,-, 50995-95-4,5,g,1,0,,,,,2-プロピルイミダゾール,,,2-Propylimidazole,,,東京化成工業株式会社,,-,-,5,g,g,1,-,-,-,-,,,, 50995-95-4,I8PEG,P0947,4800,,,,,,,,単位管理,Unit Management,－,－,-,-,,,-,-,,,,,,,,,,,,,,,,,
2-プロピル吉草酸 合成用,FALSE,TRUE,FALSE,FALSE,FALSE,FALSE,FALSE,FALSE,FALSE,FALSE,FALSE,FALSE,FALSE,FALSE,FALSE,FALSE,Merck,, 99-66-1,25,ml,1,0,,,,,2-プロピル吉草酸 合成用,,,2-Propylvaleric acid for synthesis,2-PROPYLVALERIC ACID FOR SYNTHESIS,,Merck,,,,25,ml,ml,0.905,-,-,-,-,,,, 99-66-1,,814439,8700,,,,,,,,単位管理,Unit Management,－,－,-,-,,,-,-,,,,,,,,,,,,,,,,,
2-ブロモ-4-メチルピリジン,FALSE,FALSE,FALSE,FALSE,TRUE,FALSE,FALSE,FALSE,FALSE,FALSE,FALSE,FALSE,FALSE,FALSE,FALSE,FALSE,東京化成工業株式会社,-, 4926-28-7,5,g,0,1,,,,,2-ブロモ-4-メチルピリジン,,,2-Bromo-4-methylpyridine,,,東京化成工業株式会社,,-,-,5,g,g,1.53,-,-,-,-,,,, 4926-28-7,OQ4EG,B2112,5800,,,,,,,,単位管理,Unit Management,－,－,-,-,,,-,-,,,,,,,,,,,,,,,,,
2-ブロモプロピオン酸エチル,FALSE,FALSE,FALSE,TRUE,FALSE,TRUE,FALSE,FALSE,FALSE,FALSE,FALSE,FALSE,FALSE,FALSE,FALSE,FALSE,東京化成工業株式会社,-, 535-11-5,25,g,6,0,,,,,2-ブロモプロピオン酸エチル,,,Ethyl 2-Bromopropionate,,,東京化成工業株式会社,,-,-,25,g,g,1.4,-,-,-,-,,,, 535-11-5,BT5KG,B0646,2200,,,,,,,,単位管理,Unit Management,－,－,-,-,,,-,-,,,,,,,,,,,,,,,,,
2-ブロモベンジルブロミド,FALSE,FALSE,FALSE,FALSE,FALSE,FALSE,FALSE,FALSE,FALSE,FALSE,FALSE,TRUE,FALSE,FALSE,FALSE,FALSE,東京化成工業株式会社,-, 3433-80-5,5,g,1,0,,,,,2-ブロモベンジルブロミド,,,2-Bromobenzyl Bromide,,,東京化成工業株式会社,,-,-,5,g,g,1,-,-,-,-,,,, 3433-80-5,EPAEG,D1514,2400,,,,,,,,単位管理,Unit Management,－,－,-,-,,,-,-,,,,,,,,,,,,,,,,,
2-ブロモメシチレン (25g),FALSE,FALSE,FALSE,TRUE,FALSE,FALSE,FALSE,FALSE,FALSE,FALSE,FALSE,FALSE,FALSE,FALSE,FALSE,FALSE,(株)ワコーケミカル (和光純薬取扱),-, 576-83-0,25,g,0,1,,,,,2-ブロモメシチレン (25g),,,2-Bromomesitylene,,,(株)ワコーケミカル (和光純薬取扱),,-,-,25,g,g,1.3,室温,,-,-,,,, 576-83-0,4.99E+12,322-46592,4500,C9H11Br,-,-,,98.0+% (GC),,mp. 2℃ bp. 225℃,単位管理,Unit Management,本,本,-,-,,,-,-,,,,,,,,,,,,,,,,,
2-ブロモ酪酸エチル,FALSE,FALSE,FALSE,TRUE,FALSE,FALSE,FALSE,FALSE,FALSE,FALSE,FALSE,FALSE,FALSE,FALSE,FALSE,FALSE,東京化成工業株式会社,-, 533-68-6,25,g,1,0,,,,,2-ブロモ酪酸エチル,,,Ethyl 2-Bromobutyrate,,,東京化成工業株式会社,,-,-,25,g,g,1.33,-,-,-,-,,,, 533-68-6,BYFKG,B0800,2500,,,,,,,,単位管理,Unit Management,－,－,-,-,,,-,-,,,,,,,,,,,,,,,,,
2-メチル-2-イミダゾリン,TRUE,FALSE,FALSE,FALSE,FALSE,FALSE,FALSE,FALSE,FALSE,FALSE,FALSE,FALSE,FALSE,FALSE,FALSE,FALSE,東京化成工業株式会社,-, 534-26-9,25,g,1,0,,,,,2-メチル-2-イミダゾリン,,,2-Methyl-2-imidazoline,,,東京化成工業株式会社,,-,-,25,g,g,1,-,-,-,-,,,, 534-26-9,HIMKG,M0579,20500,,,,,,,,単位管理,Unit Management,－,－,-,-,,,-,-,,,,,,,,,,,,,,,,,
2-メチル-2-ブテン,FALSE,FALSE,FALSE,FALSE,FALSE,FALSE,FALSE,FALSE,FALSE,FALSE,TRUE,FALSE,FALSE,FALSE,FALSE,FALSE,東京化成工業株式会社,-, 513-35-9,100,ml,1,0,,,,,2-メチル-2-ブテン,,,2-Methyl-2-butene,,,東京化成工業株式会社,,-,-,100,ml,ml,0.66,-,-,-,-,,,, 513-35-9,IJ9SM,P0067,8600,,,,,,,,単位管理,Unit Management,－,－,-,-,,,-,-,,,,,,,,,,,,,,,,,
2-メチル-5-ニトロイミダゾール-1-エタノール,TRUE,FALSE,FALSE,FALSE,FALSE,FALSE,FALSE,FALSE,FALSE,FALSE,FALSE,FALSE,FALSE,FALSE,FALSE,FALSE,東京化成工業株式会社,-, 443-48-1,25,g,1,0,,,,,2-メチル-5-ニトロイミダゾール-1-エタノール,,,2-Methyl-5-nitroimidazole-1-ethanol,,,東京化成工業株式会社,,-,-,25,g,g,1,-,-,-,-,,,, 443-48-1,HR7KG,M0924,9100,,,,,,,,単位管理,Unit Management,－,－,-,-,,,-,-,,,,,,,,,,,,,,,,,
2-メチルイミダゾール (25g),FALSE,FALSE,TRUE,FALSE,FALSE,FALSE,FALSE,FALSE,FALSE,FALSE,FALSE,FALSE,FALSE,FALSE,FALSE,FALSE,富士フイルム和光純薬(株),和光一級, 693-98-1,25,g,1,0,,,,,2-メチルイミダゾール (25g),,,2-Methylimidazole,,,富士フイルム和光純薬(株),,和光一級,,25,g,g,1,室温,,-,-,,,, 693-98-1,4.99E+12,138-11162,3200,C4H6N2,,,,98+%(Titration),,mp. 144～148℃ bp. 267～268℃,単位管理,Unit Management,－,－,-,-,,,-,-,,,,,,,,,,,,,,,,,
2-メチルチオフェン,FALSE,FALSE,FALSE,FALSE,FALSE,FALSE,FALSE,FALSE,FALSE,FALSE,TRUE,FALSE,FALSE,FALSE,FALSE,FALSE,東京化成工業株式会社,-, 554-14-3,25,ml,2,0,,,,,2-メチルチオフェン,,,2-Methylthiophene,,,東京化成工業株式会社,,-,-,25,ml,ml,1.02,-,-,-,-,,,, 554-14-3,HJ6KM,M0635,7400,,,,,,,,単位管理,Unit Management,－,－,-,-,,,-,-,,,,,,,,,,,,,,,,,
2-メチルナフタレン,TRUE,FALSE,FALSE,FALSE,FALSE,FALSE,FALSE,FALSE,FALSE,FALSE,FALSE,FALSE,FALSE,FALSE,FALSE,FALSE,東京化成工業株式会社,-, 91-57-6,25,g,1,0,,,,,2-メチルナフタレン,,,2-Methylnaphthalene,,,東京化成工業株式会社,,-,-,25,g,g,1,-,-,-,-,1,438,100, 91-57-6,HCVKG,M0372,2400,,,,,,,,単位管理,Unit Management,－,－,-,-,,,-,-,,,,,,,,,,,,,,,,,
2-メチルピペラジン,FALSE,FALSE,TRUE,FALSE,FALSE,FALSE,FALSE,FALSE,FALSE,FALSE,FALSE,FALSE,FALSE,FALSE,FALSE,FALSE,東京化成工業株式会社,-, 109-07-9,25,g,1,0,,,,,2-メチルピペラジン,,,2-Methylpiperazine,,,東京化成工業株式会社,,-,-,25,g,g,1,-,-,-,-,,,, 109-07-9,M0RKG,M1179,2900,,,,,,,,単位管理,Unit Management,－,－,-,-,,,-,-,,,,,,,,,,,,,,,,,
2-メチルピラジン,FALSE,FALSE,FALSE,FALSE,FALSE,FALSE,FALSE,FALSE,FALSE,FALSE,TRUE,FALSE,FALSE,FALSE,FALSE,FALSE,東京化成工業株式会社,-, 109-08-0,25,ml,1,0,,,,,2-メチルピラジン,,,2-Methylpyrazine,,,東京化成工業株式会社,,-,-,25,ml,ml,1.03,-,-,-,-,,,, 109-08-0,HMZKM,M0736,5500,,,,,,,,単位管理,Unit Management,－,－,-,-,,,-,-,,,,,,,,,,,,,,,,,
"3-(3,4-ジヒドロキシフェニル)-L-アラニン",TRUE,FALSE,FALSE,FALSE,FALSE,FALSE,FALSE,FALSE,FALSE,FALSE,FALSE,FALSE,FALSE,FALSE,FALSE,FALSE,東京化成工業株式会社,-, 59-92-7,25,g,1,0,,,,,"3-(3,4-ジヒドロキシフェニル)-L-アラニン",,,"3-(3,4-Dihydroxyphenyl)-L-alanine",,,東京化成工業株式会社,,-,-,25,g,g,1,-,-,-,-,,,, 59-92-7,DZXKG,D0600,7900,,,,,,,,単位管理,Unit Management,－,－,-,-,,,-,-,,,,,,,,,,,,,,,,,
3-(3-ピリジル)アクリル酸,FALSE,TRUE,FALSE,FALSE,FALSE,FALSE,FALSE,FALSE,FALSE,FALSE,FALSE,FALSE,FALSE,FALSE,FALSE,FALSE,東京化成工業株式会社,-, 1126-74-5,5,g,1,0,,,,,3-(3-ピリジル)アクリル酸,,,3-(3-Pyridyl)acrylic Acid,,,東京化成工業株式会社,,-,-,5,g,g,1,-,-,-,-,,,, 1126-74-5,LZJEG,P1157,9500,,,,,,,,単位管理,Unit Management,－,－,-,-,,,-,-,,,,,,,,,,,,,,,,,
3-(3-ピリジル)アクリル酸,FALSE,TRUE,FALSE,FALSE,FALSE,FALSE,FALSE,FALSE,FALSE,FALSE,FALSE,FALSE,FALSE,FALSE,FALSE,FALSE,東京化成工業株式会社,-, 1126-74-5,25,g,1,0,,,,,3-(3-ピリジル)アクリル酸,,,3-(3-Pyridyl)acrylic Acid,,,東京化成工業株式会社,,-,-,25,g,g,1,-,-,-,-,,,, 1126-74-5,LZJKG,P1157,26500,,,,,,,,単位管理,Unit Management,－,－,-,-,,,-,-,,,,,,,,,,,,,,,,,
"3-(4-Pyridyl)-D-alanine, >=98.0%",FALSE,FALSE,FALSE,FALSE,TRUE,FALSE,FALSE,FALSE,FALSE,FALSE,FALSE,FALSE,FALSE,FALSE,FALSE,FALSE,Aldrich,-, 37535-50-5,1,g,1,0,,,,,,,,"3-(4-Pyridyl)-D-alanine, >=98.0%",,,Aldrich,,-,-,1,g,g,1,室温,,-,-,,,, 37535-50-5,,70214,,,,,,,,,単位管理,Unit Management,－,－,-,-,,,-,-,,,,,,,,,,,,,,,,,
3-(4-ピリジル)アクリル酸,FALSE,TRUE,FALSE,FALSE,FALSE,FALSE,FALSE,FALSE,FALSE,FALSE,FALSE,FALSE,FALSE,FALSE,FALSE,FALSE,東京化成工業株式会社,-, 5337-79-1,1,g,1,0,,,,,3-(4-ピリジル)アクリル酸,,,3-(4-Pyridyl)acrylic Acid,,,東京化成工業株式会社,,-,-,1,g,g,1,-,-,-,-,,,, 5337-79-1,XONBG,P1972,5500,,,,,,,,単位管理,Unit Management,－,－,-,-,,,-,-,,,,,,,,,,,,,,,,,
"3-(o-メトキシフェノキシ)-1,2-プロパンジオール (25g)",FALSE,TRUE,FALSE,FALSE,FALSE,FALSE,FALSE,FALSE,FALSE,FALSE,FALSE,FALSE,FALSE,FALSE,FALSE,FALSE,富士フイルム和光純薬(株),和光特級, 93-14-1,25,g,1,0,,,,,"3-(o-メトキシフェノキシ)-1,2-プロパンジオール (25g)",,,"3-(o-Methoxyphenoxy)-1,2-propanediol",,,富士フイルム和光純薬(株),,和光特級,,25,g,g,1,室温,,-,-,,,, 93-14-1,4.99E+12,076-02802,3100,C10H14O4,,,,98～102%(Absorptiome,,mp. 80～85℃ ,単位管理,Unit Management,－,－,-,-,,,-,-,,,,,,,,,,,,,,,,,
"3,3’,4,4’-ベンゾフェノンテトラカルボン酸無水物",TRUE,FALSE,FALSE,FALSE,FALSE,FALSE,FALSE,FALSE,FALSE,FALSE,FALSE,FALSE,FALSE,FALSE,FALSE,FALSE,-,-, 2421-28-5,1,kg,1,0,,,,,"3,3’,4,4’-ベンゾフェノンテトラカルボン酸無水物",BTDA,,"3,3’,4,4’-Benzophenonetetracarboxylic Acid dianhydride",,,-,-,-,-,1,kg,kg,1,-,-,-,-,,,, 2421-28-5,,,0,,-,-,,,,,単位管理,Unit Management,本,本,-,-,,,-,-,10,,,,,,,,c17／h6／o7,,,,,,,,
"3,3'-ジアミノベンジジン",TRUE,FALSE,FALSE,FALSE,FALSE,FALSE,FALSE,FALSE,FALSE,FALSE,FALSE,FALSE,FALSE,FALSE,FALSE,FALSE,東京化成工業株式会社,-, 91-95-2,5,g,1,0,,,,,"3,3'-ジアミノベンジジン",,,"3,3'-Diaminobenzidine",,,東京化成工業株式会社,,-,-,5,g,g,1,冷蔵貯蔵,,-,-,,,, 91-95-2,DLEEG,D0077,8400,,,,,,,,単位管理,Unit Management,－,－,-,-,,,-,-,,,,,,,,,,,,,,,,,
"3,4,9,10-ペリレンテトラカルボン酸ジイミド",FALSE,FALSE,FALSE,FALSE,TRUE,FALSE,FALSE,FALSE,FALSE,FALSE,FALSE,FALSE,FALSE,FALSE,FALSE,FALSE,東京化成工業株式会社,-, 81-33-4,25,g,1,0,,,,,"3,4,9,10-ペリレンテトラカルボン酸ジイミド",,,"3,4,9,10-Perylenetetracarboxylic Diimide",,,東京化成工業株式会社,,-,-,25,g,g,1,-,-,-,-,,,, 81-33-4,I9QKG,P0984,6600,,,,,,,,単位管理,Unit Management,－,－,-,-,,,-,-,,,,,,,,,,,,,,,,,
"3,4-ジアミノピリジン",FALSE,FALSE,FALSE,FALSE,FALSE,FALSE,FALSE,FALSE,FALSE,FALSE,FALSE,FALSE,TRUE,FALSE,FALSE,FALSE,東京化成工業株式会社,-, 54-96-6,1,g,1,0,,,,,"3,4-ジアミノピリジン",,,"3,4-Diaminopyridine",,,東京化成工業株式会社,,-,-,1,g,g,1,-,-,-,-,,,, 54-96-6,EE6BG,D1149,3900,,,,,,,,単位管理,Unit Management,－,－,-,-,,,-,-,,,,,,,,,,,,,,,,,
"3,4-ジアミノピリジン",TRUE,FALSE,FALSE,FALSE,FALSE,FALSE,FALSE,FALSE,FALSE,FALSE,FALSE,FALSE,FALSE,FALSE,FALSE,FALSE,東京化成工業株式会社,-, 54-96-6,5,g,1,0,,,,,"3,4-ジアミノピリジン",,,"3,4-Diaminopyridine",,,東京化成工業株式会社,,-,-,5,g,g,1,-,-,-,-,,,, 54-96-6,EE6EG,D1149,12800,,,,,,,,単位管理,Unit Management,－,－,-,-,,,-,-,,,,,,,,,,,,,,,,,
"3,4-ジアミノ安息香酸",FALSE,TRUE,FALSE,FALSE,FALSE,FALSE,FALSE,FALSE,FALSE,FALSE,FALSE,FALSE,FALSE,FALSE,FALSE,FALSE,東京化成工業株式会社,-, 619-05-6,25,g,1,0,,,,,"3,4-ジアミノ安息香酸",,,"3,4-Diaminobenzoic Acid",,,東京化成工業株式会社,,-,-,25,g,g,1,-,-,-,-,,,, 619-05-6,EEAKG,D1117,6400,,,,,,,,単位管理,Unit Management,－,－,-,-,,,-,-,,,,,,,,,,,,,,,,,
"3,4-ジヒドロキシベンズアルデヒド",TRUE,FALSE,FALSE,FALSE,FALSE,FALSE,FALSE,FALSE,FALSE,FALSE,FALSE,FALSE,FALSE,FALSE,FALSE,FALSE,東京化成工業株式会社,-, 139-85-5,25,g,1,0,,,,,"3,4-ジヒドロキシベンズアルデヒド",,,"3,4-Dihydroxybenzaldehyde",,,東京化成工業株式会社,,-,-,25,g,g,1,-,-,-,-,,,, 139-85-5,DYZKG,D0566,10900,,,,,,,,単位管理,Unit Management,－,－,-,-,,,-,-,,,,,,,,,,,,,,,,,
"3,4-ジヒドロキシ安息香酸(5g)",FALSE,FALSE,FALSE,FALSE,FALSE,FALSE,FALSE,FALSE,FALSE,FALSE,FALSE,FALSE,TRUE,FALSE,FALSE,FALSE,富士フイルム和光純薬(株),-, 99-50-3,5,g,1,0,,,,,"3,4-ジヒドロキシ安息香酸(5g)",,,"3,4-Dihydroxybenzoic Acid",,,富士フイルム和光純薬(株),,-,-,5,g,g,1,室温,,-,-,,,, 99-50-3,4.99E+12,168-05251,3150,(HO)2C6H3COOH,,,,95+%(Capillary GC),,,単位管理,Unit Management,－,－,-,-,,,-,-,,,,,,,,,,,,,,,,,
"3,4-ルチジン",FALSE,FALSE,FALSE,FALSE,FALSE,FALSE,FALSE,FALSE,FALSE,FALSE,TRUE,FALSE,FALSE,FALSE,FALSE,FALSE,東京化成工業株式会社,-, 583-58-4,25,ml,1,0,,,,,"3,4-ルチジン",,,"3,4-Lutidine",,,東京化成工業株式会社,,-,-,25,ml,ml,0.96,-,-,-,-,,,, 583-58-4,G0EKM,L0066,4400,,,,,,,,単位管理,Unit Management,－,－,-,-,,,-,-,,,,,,,,,,,,,,,,,
"3,5-Diiodosalicylaldehyde, 97%",FALSE,FALSE,FALSE,FALSE,FALSE,FALSE,FALSE,FALSE,FALSE,FALSE,FALSE,FALSE,TRUE,FALSE,FALSE,FALSE,Aldrich,-, 2631-77-8,5,g,1,0,,,,,,,,"3,5-Diiodosalicylaldehyde, 97%",,,Aldrich,,-,-,5,g,g,1,室温,,-,-,,,, 2631-77-8,4.55E+12,283444,,,,,,,,,単位管理,Unit Management,－,－,-,-,,,-,-,,,,,,,,,,,,,,,,,
"3,5-ジ-tert-ブチルサリチルアルデヒド",FALSE,FALSE,FALSE,FALSE,FALSE,FALSE,FALSE,FALSE,FALSE,FALSE,FALSE,FALSE,TRUE,FALSE,FALSE,FALSE,東京化成工業株式会社,-, 37942-07-7,25,g,4,0,,,,,"3,5-ジ-tert-ブチルサリチルアルデヒド",,,"3,5-Di-tert-butylsalicylaldehyde",,,東京化成工業株式会社,,-,-,25,g,g,1,-,-,-,-,,,, 37942-07-7,OKOKG,D2646,11700,,,,,,,,単位管理,Unit Management,－,－,-,-,,,-,-,,,,,,,,,,,,,,,,,
"3,5-ジ-t-ブチル-2-ヒドロキシベンズアルデヒド(25g)",FALSE,FALSE,FALSE,FALSE,FALSE,FALSE,FALSE,FALSE,FALSE,FALSE,FALSE,FALSE,TRUE,FALSE,FALSE,FALSE,富士フイルムワコーケミカル(株),-, 37942-07-7,25,g,2,0,,,,,"3,5-ジ-t-ブチル-2-ヒドロキシベンズアルデヒド(25g)",,,"3,5-Di-t-butyl-2-hydroxybenzaldehyde",,,富士フイルムワコーケミカル(株),,-,-,25,g,g,1,室温,,-,-,,,, 37942-07-7,4.99E+12,325-36192,12200,C15H22O2,,,,97+%(NMR),,mp. 59～61℃ ,単位管理,Unit Management,－,－,-,-,,,-,-,,,,,,,,,,,,,,,,,
"3,5-ジ-t-ブチルベンズアルデヒド(1g)",TRUE,FALSE,FALSE,FALSE,FALSE,FALSE,FALSE,FALSE,FALSE,FALSE,FALSE,FALSE,FALSE,FALSE,FALSE,FALSE,富士フイルムワコーケミカル(株),-, 17610-00-3,1,g,1,0,,,,,"3,5-ジ-t-ブチルベンズアルデヒド(1g)",,,"3,5-Di-t-butylbenzaldehyde",,,富士フイルムワコーケミカル(株),,-,-,1,g,g,1,室温,,-,-,,,, 17610-00-3,4.99E+12,355-31911,9100,C15H22O,,,,97+%(HPLC),,,単位管理,Unit Management,－,－,-,-,,,-,-,,,,,,,,,,,,,,,,,
"3,5-ジアミノ安息香酸",FALSE,FALSE,FALSE,FALSE,FALSE,FALSE,FALSE,FALSE,FALSE,FALSE,FALSE,FALSE,TRUE,FALSE,FALSE,FALSE,東京化成工業株式会社,-, 535-87-5,25,g,2,0,,,,,"3,5-ジアミノ安息香酸",,,"3,5-Diaminobenzoic Acid",,,東京化成工業株式会社,,-,-,25,g,g,1,-,-,-,-,,,, 535-87-5,DRFKG,D0294,4500,,,,,,,,単位管理,Unit Management,－,－,-,-,,,-,-,,,,,,,,,,,,,,,,,
"3,5-ジクロロサリチルアルデヒド",FALSE,FALSE,FALSE,FALSE,FALSE,FALSE,FALSE,FALSE,FALSE,FALSE,FALSE,FALSE,TRUE,FALSE,FALSE,FALSE,東京化成工業株式会社,-, 90-60-8,5,g,1,0,,,,,"3,5-ジクロロサリチルアルデヒド",,,"3,5-Dichlorosalicylaldehyde",,,東京化成工業株式会社,,-,-,5,g,g,1,-,-,-,-,,,, 90-60-8,EFREG,D1170,2800,,,,,,,,単位管理,Unit Management,－,－,-,-,,,-,-,,,,,,,,,,,,,,,,,
"3,5-ジクロロピリジン",TRUE,FALSE,FALSE,FALSE,FALSE,FALSE,FALSE,FALSE,FALSE,FALSE,FALSE,FALSE,FALSE,FALSE,FALSE,FALSE,東京化成工業株式会社,-, 2457-47-8,10,g,1,0,,,,,"3,5-ジクロロピリジン",,,"3,5-Dichloropyridine",,,東京化成工業株式会社,,-,-,10,g,g,1,-,-,-,-,,,, 2457-47-8,DUOFG,D0411,3100,,-,-,,,,,単位管理,Unit Management,本,本,-,-,,,-,-,,,,,,,,,,,,,,,,,
"3,5-ｼﾞｸﾛﾛﾍﾞﾝｽﾞｱﾙﾃﾞﾋﾄﾞ",TRUE,FALSE,FALSE,FALSE,FALSE,FALSE,FALSE,FALSE,FALSE,FALSE,FALSE,FALSE,FALSE,FALSE,FALSE,FALSE,Aldrich,-, 10203-08-4,1,g,1,0,,,,,"3,5-ｼﾞｸﾛﾛﾍﾞﾝｽﾞｱﾙﾃﾞﾋﾄﾞ",,,"3,5-Dichlorobenzaldehyde, 97%",,,Aldrich,,-,-,1,g,g,1,室温,,-,-,,,, 10203-08-4,,139408,,,,,,,,,単位管理,Unit Management,－,－,-,-,,,-,-,,,,,,,,,,,,,,,,,
"3,5-ジクロロ安息香酸",FALSE,FALSE,FALSE,FALSE,FALSE,FALSE,FALSE,FALSE,FALSE,FALSE,FALSE,FALSE,TRUE,FALSE,FALSE,FALSE,東京化成工業株式会社,-, 51-36-5,25,g,1,0,,,,,"3,5-ジクロロ安息香酸",,,"3,5-Dichlorobenzoic Acid",,,東京化成工業株式会社,,-,-,25,g,g,1,-,-,-,-,,,, 51-36-5,DSQKG,D0341,4200,,,,,,,,単位管理,Unit Management,－,－,-,-,,,-,-,,,,,,,,,,,,,,,,,
"3,5-ｼﾞｸﾛﾛ安息香酸",TRUE,FALSE,FALSE,FALSE,FALSE,FALSE,FALSE,FALSE,FALSE,FALSE,FALSE,FALSE,FALSE,FALSE,FALSE,FALSE,ACROS,-, 51-36-5,25,g,1,0,,,,,"3,5-ｼﾞｸﾛﾛ安息香酸",,,"3,5-Dichlorobenzoic acid",,,ACROS,,-,-,25,g,g,1,-,-,-,-,,,, 51-36-5,,11321-1A,20800,Cl2C6H3COOH,-,-,,99%,191.0115,mp 185-187℃,単位管理,Unit Management,本,本,-,-,,,-,-,,,,,,,,,C7／CL2／H4／O2,0.5,g,g,0.5,g,g,,
"3,5-ジニトロサリチル酸",TRUE,FALSE,FALSE,FALSE,FALSE,FALSE,FALSE,FALSE,FALSE,FALSE,FALSE,FALSE,FALSE,FALSE,FALSE,FALSE,東京化成工業株式会社,-, 609-99-4,25,g,1,0,,,,,"3,5-ジニトロサリチル酸",,,"3,5-Dinitrosalicylic Acid",,,東京化成工業株式会社,,-,-,25,g,g,1,-,-,-,-,,,, 609-99-4,D6VKG,D0850,4200,,,,,,,,単位管理,Unit Management,－,－,-,-,,,-,-,,,,,,,,,,,,,,,,,
"3,5-ｼﾞﾆﾄﾛ安息香酸",FALSE,FALSE,FALSE,FALSE,FALSE,FALSE,FALSE,FALSE,FALSE,TRUE,FALSE,FALSE,FALSE,FALSE,FALSE,FALSE,関東化学株式会社,鹿特級, 99-34-3,25,g,1,0,,,,,"3,5-ｼﾞﾆﾄﾛ安息香酸",,,"3,5-Dinitrobenzoic acid",,,関東化学株式会社,"Kanto Chemical Co., Inc.",鹿特級,,25,g,g,1,-,-,-,-,,,, 99-34-3,1039530L,10395-30,2700,(NO2)2C6H3COOH,ガラスビン,,,>98.0%(T),212.1162,mp.204℃～205℃,単位管理,Unit Management,－,－,-,-,,,-,-,,,,,,,,,C7／H4／N2／O6,,,,,,,,
"3,5-ジヒドロキシ安息香酸",TRUE,FALSE,FALSE,FALSE,FALSE,FALSE,FALSE,FALSE,FALSE,FALSE,FALSE,FALSE,TRUE,FALSE,FALSE,FALSE,東京化成工業株式会社,-, 99-10-5,25,g,2,0,,,,,"3,5-ジヒドロキシ安息香酸",,,"3,5-Dihydroxybenzoic Acid",,,東京化成工業株式会社,,-,-,25,g,g,1,-,-,-,-,,,, 99-10-5,N2KKG,D2554,2600,,-,-,,,,,単位管理,Unit Management,本,本,-,-,,,-,-,,,,,,,,,,,,,,,,,
"3,5-ジブロモサリチルアルデヒド",FALSE,FALSE,FALSE,FALSE,FALSE,FALSE,FALSE,FALSE,FALSE,FALSE,FALSE,FALSE,FALSE,FALSE,FALSE,TRUE,東京化成工業株式会社,-, 90-59-5,5,g,1,0,,,,,"3,5-ジブロモサリチルアルデヒド",,,"3,5-Dibromosalicylaldehyde",,,東京化成工業株式会社,,-,-,5,g,g,1,-,-,-,-,,,, 90-59-5,DOHEG,D0188,4100,,,,,,,,単位管理,Unit Management,－,－,-,-,,,-,-,,,,,,,,,,,,,,,,,
"3,5-ジブロモサリチルアルデヒド",FALSE,FALSE,FALSE,FALSE,FALSE,FALSE,FALSE,FALSE,FALSE,FALSE,FALSE,FALSE,FALSE,FALSE,FALSE,TRUE,東京化成工業株式会社,-, 90-59-5,25,g,1,0,,,,,"3,5-ジブロモサリチルアルデヒド",,,"3,5-Dibromosalicylaldehyde",,,東京化成工業株式会社,,-,-,25,g,g,1,-,-,-,-,,,, 90-59-5,DOHKG,D0188,13900,,,,,,,,単位管理,Unit Management,－,－,-,-,,,-,-,,,,,,,,,,,,,,,,,
"3,5-ｼﾞﾒﾁﾙ安息香酸",TRUE,FALSE,FALSE,FALSE,FALSE,FALSE,FALSE,FALSE,FALSE,FALSE,FALSE,FALSE,FALSE,FALSE,FALSE,FALSE,Thermo Fisher Scientific Inc.,-, 499-06-9,5,g,1,0,,,,,"3,5-ｼﾞﾒﾁﾙ安息香酸",,,"3,5-Dimethylbenzoic acid",,,Thermo Fisher Scientific Inc.,,-,-,5,g,g,1,-,-,-,-,,,, 499-06-9,,11600-2A,5610,(CH3)2C6H3COOH,ガラスビン,,,,150.174,mp.168℃～171℃,単位管理,Unit Management,－,－,-,-,,,-,-,,,,,,,,,C9／H10／O2,,,,,,,,
"3,5-ジメトキシベンジルブロミド",FALSE,FALSE,FALSE,TRUE,FALSE,FALSE,FALSE,FALSE,FALSE,FALSE,FALSE,FALSE,FALSE,FALSE,FALSE,FALSE,東京化成工業株式会社,-, 877-88-3,5,g,1,0,,,,,"3,5-ジメトキシベンジルブロミド",,,"3,5-Dimethoxybenzyl Bromide",,,東京化成工業株式会社,,-,-,5,g,g,1,冷蔵貯蔵,,-,-,,,, 877-88-3,OPYEG,D2657,6900,,,,,,,,単位管理,Unit Management,－,－,-,-,,,-,-,,,,,,,,,,,,,,,,,
"3,5-ジヨードサリチルアルデヒド",FALSE,FALSE,FALSE,FALSE,FALSE,FALSE,FALSE,FALSE,FALSE,FALSE,FALSE,FALSE,TRUE,FALSE,FALSE,FALSE,東京化成工業株式会社,-, 2631-77-8,5,g,1,0,,,,,"3,5-ジヨードサリチルアルデヒド",,,"3,5-Diiodosalicylaldehyde",,,東京化成工業株式会社,,-,-,5,g,g,1,-,-,-,-,,,, 2631-77-8,2NSEG,D4848,5600,,,,,,,,単位管理,Unit Management,－,－,-,-,,,-,-,,,,,,,,,,,,,,,,,
"3,5-ピリジンジカルボン酸",FALSE,FALSE,FALSE,FALSE,TRUE,FALSE,FALSE,FALSE,FALSE,FALSE,FALSE,FALSE,FALSE,FALSE,FALSE,FALSE,東京化成工業株式会社,-, 499-81-0,5,g,1,0,,,,,"3,5-ピリジンジカルボン酸",,,"3,5-Pyridinedicarboxylic Acid",,,東京化成工業株式会社,,-,-,5,g,g,1,-,-,-,-,,,, 499-81-0,IXPEG,P0551,3000,,,,,,,,単位管理,Unit Management,－,－,-,-,,,-,-,,,,,,,,,,,,,,,,,
"3,5-ルチジン",FALSE,FALSE,FALSE,FALSE,FALSE,FALSE,FALSE,FALSE,FALSE,FALSE,TRUE,FALSE,FALSE,FALSE,FALSE,FALSE,東京化成工業株式会社,-, 591-22-0,25,ml,1,0,,,,,"3,5-ルチジン",,,"3,5-Lutidine",,,東京化成工業株式会社,,-,-,25,ml,ml,0.94,-,-,-,-,,,, 591-22-0,G0GKM,L0068,2300,,,,,,,,単位管理,Unit Management,－,－,-,-,,,-,-,,,,,,,,,,,,,,,,,
30%カリウムメトキシドメタノール溶液 (25g),FALSE,FALSE,FALSE,FALSE,FALSE,TRUE,FALSE,FALSE,FALSE,FALSE,FALSE,FALSE,FALSE,FALSE,FALSE,FALSE,富士フイルム和光純薬(株),化学用,,25,g,1,0,,,,,30%カリウムメトキシドメタノール溶液 (25g),,,30% Potassium Methoxide Methanol Solution,,,富士フイルム和光純薬(株),,化学用,,25,g,g,1,冷蔵貯蔵,,-,-,,,,,4.99E+12,164-10942,5400,CH3OK,,,,,,,単位管理,Unit Management,－,－,-,-,,,-,-,,,,,,,,,,,,,,,,,
"3-Allylsalicylaldehyde, 97%",FALSE,FALSE,FALSE,FALSE,FALSE,FALSE,FALSE,FALSE,FALSE,FALSE,FALSE,FALSE,TRUE,FALSE,FALSE,FALSE,Aldrich,-, 24019-66-7,1,g,1,0,,,,,,,,"3-Allylsalicylaldehyde, 97%",,,Aldrich,,-,-,1,g,g,1.099,室温,,-,-,,,, 24019-66-7,,636339,,,,,,,,,単位管理,Unit Management,－,－,-,-,,,-,-,,,,,,,,,,,,,,,,,
"3-Bromo-5-iodopyridine, 95%",FALSE,FALSE,FALSE,FALSE,FALSE,TRUE,FALSE,FALSE,FALSE,FALSE,FALSE,FALSE,FALSE,FALSE,FALSE,FALSE,Aldrich,-, 233770-01-9,1,g,1,0,,,,,,,,"3-Bromo-5-iodopyridine, 95%",,,Aldrich,,-,-,1,g,g,1,室温,,-,-,,,, 233770-01-9,4.55E+12,691453,,,,,,,,,単位管理,Unit Management,－,－,-,-,,,-,-,,,,,,,,,,,,,,,,,
"3-Bromopyridine-4-carboxylic acid, 97%",FALSE,FALSE,FALSE,FALSE,FALSE,TRUE,FALSE,FALSE,FALSE,FALSE,FALSE,FALSE,FALSE,FALSE,FALSE,FALSE,Aldrich,-, 13959-02-9,1,g,1,0,,,,,,,,"3-Bromopyridine-4-carboxylic acid, 97%",,,Aldrich,,-,-,1,g,g,1,室温,,-,-,,,, 13959-02-9,,714658,,,,,,,,,単位管理,Unit Management,－,－,-,-,,,-,-,,,,,,,,,,,,,,,,,
"3-Iodopyridine, 98%",FALSE,FALSE,FALSE,FALSE,FALSE,TRUE,FALSE,FALSE,FALSE,FALSE,FALSE,FALSE,FALSE,FALSE,FALSE,FALSE,Aldrich,-, 1120-90-7,1,g,1,0,,,,,,,,"3-Iodopyridine, 98%",,,Aldrich,,-,-,1,g,g,1,室温,,-,-,,,, 1120-90-7,4.55E+12,539368,,,,,,,,,単位管理,Unit Management,－,－,-,-,,,-,-,,,,,,,,,,,,,,,,,
3-tert-ブチルサリチルアルデヒド,FALSE,FALSE,FALSE,FALSE,FALSE,FALSE,FALSE,FALSE,FALSE,FALSE,TRUE,FALSE,FALSE,FALSE,FALSE,FALSE,東京化成工業株式会社,-, 24623-65-2,1,g,1,0,,,,,3-tert-ブチルサリチルアルデヒド,,,3-tert-Butylsalicylaldehyde,,,東京化成工業株式会社,,-,-,1,g,g,1.05,-,-,-,-,,,, 24623-65-2,YN5BG,B4016,4000,,,,,,,,単位管理,Unit Management,－,－,-,-,,,-,-,,,,,,,,,,,,,,,,,
3'-アジド-3'-デオキシチミジン,TRUE,FALSE,FALSE,FALSE,FALSE,FALSE,FALSE,FALSE,FALSE,FALSE,FALSE,FALSE,FALSE,FALSE,FALSE,FALSE,東京化成工業株式会社,-, 30516-87-1,1,g,1,0,,,,,3'-アジド-3'-デオキシチミジン,,,3'-Azido-3'-deoxythymidine,,,東京化成工業株式会社,,-,-,1,g,g,1,-,-,-,-,,,, 30516-87-1,TR4BG,A2052,10000,,,,,,,,単位管理,Unit Management,－,－,-,-,,,-,-,,,,,,,,,,,,,,,,,
3-アセチルピリジン,FALSE,FALSE,FALSE,FALSE,FALSE,FALSE,FALSE,FALSE,FALSE,FALSE,TRUE,FALSE,FALSE,FALSE,FALSE,FALSE,東京化成工業株式会社,-, 350-03-8,25,g,1,0,,,,,3-アセチルピリジン,,,3-Acetylpyridine,,,東京化成工業株式会社,,-,-,25,g,g,1.11,-,-,-,-,,,, 350-03-8,ADDKG,A0112,4900,,,,,,,,単位管理,Unit Management,－,－,-,-,,,-,-,,,,,,,,,,,,,,,,,
3-アセトアミドピリジン,FALSE,FALSE,TRUE,FALSE,FALSE,FALSE,FALSE,FALSE,FALSE,FALSE,FALSE,FALSE,FALSE,FALSE,FALSE,FALSE,東京化成工業株式会社,-, 5867-45-8,5,g,1,0,,,,,3-アセトアミドピリジン,,,3-Acetamidopyridine,,,東京化成工業株式会社,,-,-,5,g,g,1,-,-,-,-,,,, 5867-45-8,R6IEG,A1912,18100,,,,,,,,単位管理,Unit Management,－,－,-,-,,,-,-,,,,,,,,,,,,,,,,,
"3-アミノ-1,2,4-トリアゾール",FALSE,FALSE,FALSE,FALSE,FALSE,FALSE,FALSE,FALSE,FALSE,FALSE,FALSE,FALSE,TRUE,FALSE,FALSE,FALSE,東京化成工業株式会社,-, 61-82-5,25,g,1,0,,,,,"3-アミノ-1,2,4-トリアゾール",,,"3-Amino-1,2,4-triazole",,,東京化成工業株式会社,,-,-,25,g,g,1,-,-,-,-,,,, 61-82-5,AL9KG,A0432,2100,,,,,,,,単位管理,Unit Management,－,－,-,-,,,-,-,,,,,,,,,,,,,,,,,
3-アミノ-2-ナフトエ酸 (5g),TRUE,FALSE,FALSE,FALSE,FALSE,FALSE,FALSE,FALSE,FALSE,FALSE,FALSE,FALSE,FALSE,FALSE,FALSE,FALSE,(株)ワコーケミカル (和光純薬取扱),-, 5959-52-4,5,g,1,0,,,,,3-アミノ-2-ナフトエ酸 (5g),,,3-Amino-2-naphthoic Acid,,,(株)ワコーケミカル (和光純薬取扱),,-,-,5,g,g,1,室温,,-,-,,,, 5959-52-4,4.99E+12,325-48503,16000,C11H9NO2,-,-,,93+%(HPLC),,mp. 210℃ (dec.) ,単位管理,Unit Management,本,本,-,-,,,-,-,,,,,,,,,,,,,,,,,
3-アミノ-4-クロロピリジン,FALSE,FALSE,FALSE,FALSE,TRUE,FALSE,FALSE,FALSE,FALSE,FALSE,FALSE,FALSE,FALSE,FALSE,FALSE,FALSE,東京化成工業株式会社,-, 20511-15-3,5,g,1,0,,,,,3-アミノ-4-クロロピリジン,,,3-Amino-4-chloropyridine,,,東京化成工業株式会社,,-,-,5,g,g,1,冷蔵貯蔵,,-,-,,,, 20511-15-3,W5GEG,A2395,9100,,,,,,,,単位管理,Unit Management,－,－,-,-,,,-,-,,,,,,,,,,,,,,,,,
3-アミノ-4-ヒドロキシ安息香酸,FALSE,FALSE,FALSE,FALSE,FALSE,FALSE,FALSE,FALSE,FALSE,FALSE,FALSE,FALSE,TRUE,FALSE,FALSE,FALSE,東京化成工業株式会社,-, 1571-72-8,5,g,1,0,,,,,3-アミノ-4-ヒドロキシ安息香酸,,,3-Amino-4-hydroxybenzoic Acid,,,東京化成工業株式会社,,-,-,5,g,g,1,-,-,-,-,,,, 1571-72-8,AX4EG,A0859,6300,,,,,,,,単位管理,Unit Management,－,－,-,-,,,-,-,,,,,,,,,,,,,,,,,
3-アミノ-4-メチルピリジン,FALSE,FALSE,FALSE,FALSE,FALSE,FALSE,FALSE,FALSE,FALSE,FALSE,FALSE,FALSE,TRUE,FALSE,FALSE,FALSE,東京化成工業株式会社,-, 3430-27-1,5,g,4,0,,,,,3-アミノ-4-メチルピリジン,,,3-Amino-4-methylpyridine,,,東京化成工業株式会社,,-,-,5,g,g,1,-,-,-,-,,,, 3430-27-1,SPPEG,A1957,3100,,,,,,,,単位管理,Unit Management,－,－,-,-,,,-,-,,,,,,,,,,,,,,,,,
3-アミノ-4-メチルピリジン (5g),TRUE,FALSE,FALSE,FALSE,FALSE,FALSE,FALSE,FALSE,FALSE,FALSE,FALSE,FALSE,FALSE,FALSE,FALSE,FALSE,富士フイルムワコーケミカル(株) (和光純薬取扱),-, 3430-27-1,5,g,1,0,,,,,3-アミノ-4-メチルピリジン (5g),,,3-Amino-4-methylpyridine,,,富士フイルムワコーケミカル(株) (和光純薬取扱),,-,-,5,g,g,1,室温,,-,-,,,, 3430-27-1,4.99E+12,322-94641,7540,C6H8N2,,,,97+%(GC),,mp. 102-108℃ ,単位管理,Unit Management,－,－,-,-,,,-,-,,,,,,,,,,,,,,,,,
3-アミノ-5-メチルピリジン (5g),FALSE,FALSE,FALSE,FALSE,FALSE,TRUE,FALSE,FALSE,FALSE,FALSE,FALSE,FALSE,FALSE,FALSE,FALSE,FALSE,MATRIX SCIENTIFIC (和光純薬取扱),-, 3430-19-1,5,g,1,0,,,,,3-アミノ-5-メチルピリジン (5g),,,3-Amino-5-methylpyridine,,,MATRIX SCIENTIFIC (和光純薬取扱),,-,-,5,g,g,1,室温,,-,-,,,, 3430-19-1,,20581,6400,C6H8N2,,,,,,,単位管理,Unit Management,－,－,-,-,,,-,-,,,,,,,,,,,,,,,,,
3-アミノキヌクリジン二塩酸塩,TRUE,FALSE,FALSE,FALSE,FALSE,FALSE,FALSE,FALSE,FALSE,FALSE,FALSE,FALSE,FALSE,FALSE,FALSE,FALSE,東京化成工業株式会社,-, 6530-09-2,5,g,1,0,,,,,3-アミノキヌクリジン二塩酸塩,,,3-Aminoquinuclidine Dihydrochloride,,,東京化成工業株式会社,,-,-,5,g,g,1,-,-,-,-,,,, 6530-09-2,A8HEG,A1236,7200,,,,,,,,単位管理,Unit Management,－,－,-,-,,,-,-,,,,,,,,,,,,,,,,,
3-ｱﾐﾉｷﾉﾘﾝ,TRUE,FALSE,FALSE,FALSE,FALSE,FALSE,FALSE,FALSE,FALSE,FALSE,FALSE,FALSE,FALSE,FALSE,FALSE,FALSE,関東化学株式会社,鹿特級, 580-17-6,5,g,1,0,,,,,3-ｱﾐﾉｷﾉﾘﾝ,,,3-Aminoquinoline,,,関東化学株式会社,"Kanto Chemical Co., Inc.",鹿特級,,5,g,g,1,-,-,-,-,,,, 580-17-6,0126050E,01260-50,11000,C9H8N2,ガラスビン,,,>98.0%(T),144.173,mp.93℃,単位管理,Unit Management,－,－,-,-,,,-,-,,,,,,,,,C9／H8／N2,,,,,,,,
3-アミノキノリン,TRUE,FALSE,FALSE,FALSE,FALSE,FALSE,FALSE,FALSE,FALSE,FALSE,FALSE,FALSE,FALSE,FALSE,FALSE,FALSE,東京化成工業株式会社,-, 580-17-6,5,g,2,0,,,,,3-アミノキノリン,,,3-Aminoquinoline,,,東京化成工業株式会社,,-,-,5,g,g,1,-,-,-,-,,,, 580-17-6,ALVEG,A0418,5400,,,,,,,,単位管理,Unit Management,－,－,-,-,,,-,-,,,,,,,,,,,,,,,,,
3-アミノサリチル酸,FALSE,TRUE,FALSE,FALSE,FALSE,FALSE,FALSE,FALSE,FALSE,FALSE,FALSE,FALSE,FALSE,FALSE,FALSE,FALSE,東京化成工業株式会社,-, 570-23-0,5,g,1,0,,,,,3-アミノサリチル酸,,,3-Aminosalicylic Acid,,,東京化成工業株式会社,,-,-,5,g,g,1,-,-,-,-,,,, 570-23-0,ALYEG,A0421,40300,,,,,,,,単位管理,Unit Management,－,－,-,-,,,-,-,,,,,,,,,,,,,,,,,
3-アミノピリジン,FALSE,FALSE,FALSE,FALSE,FALSE,FALSE,FALSE,FALSE,FALSE,FALSE,FALSE,FALSE,TRUE,FALSE,FALSE,FALSE,東京化成工業株式会社,-, 462-08-8,25,g,3,0,,,,,3-アミノピリジン,,,3-Aminopyridine,,,東京化成工業株式会社,,-,-,25,g,g,1,-,-,-,-,,,, 462-08-8,ALQKG,A0413,4100,,,,,,,,単位管理,Unit Management,－,－,-,-,,,-,-,,,,,,,,,,,,,,,,,
3-アミノピロリジン (1g),FALSE,FALSE,FALSE,FALSE,FALSE,FALSE,FALSE,FALSE,FALSE,FALSE,TRUE,FALSE,FALSE,FALSE,FALSE,FALSE,Fluorochem Ltd. (和光純薬取扱),-, 79286-79-6,1,g,1,0,,,,,3-アミノピロリジン (1g),,,3-Aminopyrrolidine,,,Fluorochem Ltd. (和光純薬取扱),,-,-,1,g,g,0.98,室温,,-,-,,,, 79286-79-6,,F024526,34400,C4H10N2,,,,,,,単位管理,Unit Management,－,－,-,-,,,-,-,,,,,,,,,,,,,,,,,
3-アミノベンゼンスルホン酸,FALSE,FALSE,FALSE,FALSE,FALSE,FALSE,FALSE,FALSE,FALSE,FALSE,FALSE,FALSE,TRUE,FALSE,FALSE,FALSE,東京化成工業株式会社,-, 121-47-1,25,g,1,0,,,,,3-アミノベンゼンスルホン酸,,,3-Aminobenzenesulfonic Acid,,,東京化成工業株式会社,,-,-,25,g,g,1,-,-,-,-,,,, 121-47-1,AHMKG,A0265,2000,,,,,,,,単位管理,Unit Management,－,－,-,-,,,-,-,,,,,,,,,,,,,,,,,
3-アミノ安息香酸,FALSE,TRUE,FALSE,FALSE,FALSE,FALSE,FALSE,FALSE,FALSE,FALSE,FALSE,FALSE,TRUE,FALSE,FALSE,FALSE,東京化成工業株式会社,-, 99-05-8,25,g,2,0,,,,,3-アミノ安息香酸,,,3-Aminobenzoic Acid,,,東京化成工業株式会社,,-,-,25,g,g,1,-,-,-,-,,,, 99-05-8,AHPKG,A0268,4400,,,,,,,,単位管理,Unit Management,－,－,-,-,,,-,-,,,,,,,,,,,,,,,,,
3-エトキシサリチルアルデヒド,TRUE,FALSE,FALSE,FALSE,FALSE,FALSE,FALSE,FALSE,FALSE,FALSE,FALSE,FALSE,TRUE,FALSE,FALSE,FALSE,東京化成工業株式会社,-, 492-88-6,25,g,1,0,,,,,3-エトキシサリチルアルデヒド,,,3-Ethoxysalicylaldehyde,,,東京化成工業株式会社,,-,-,25,g,g,1,-,-,-,-,,,, 492-88-6,FE9KG,E0253,3400,,,,,,,,単位管理,Unit Management,－,－,-,-,,,-,-,,,,,,,,,,,,,,,,,
3-クロロアニリン,FALSE,FALSE,FALSE,FALSE,FALSE,TRUE,FALSE,FALSE,FALSE,FALSE,FALSE,FALSE,FALSE,FALSE,FALSE,FALSE,東京化成工業株式会社,-, 108-42-9,25,ml,1,0,,,,,3-クロロアニリン,,,3-Chloroaniline,,,東京化成工業株式会社,,-,-,25,ml,ml,1.22,-,-,-,-,1,89,100, 108-42-9,CL6KM,C0110,4200,,,,,,,,単位管理,Unit Management,－,－,-,-,,,-,-,,,,,,,,,,,,,,,,,
3-クロロイソニコチン酸,TRUE,FALSE,FALSE,FALSE,FALSE,TRUE,FALSE,FALSE,FALSE,FALSE,FALSE,FALSE,FALSE,FALSE,FALSE,FALSE,東京化成工業株式会社,-, 88912-27-0,5,g,2,0,,,,,3-クロロイソニコチン酸,,,3-Chloroisonicotinic Acid,,,東京化成工業株式会社,,-,-,5,g,g,1,-,-,-,-,,,, 88912-27-0,0L7EG,C2983,7400,,,,,,,,単位管理,Unit Management,－,－,-,-,,,-,-,,,,,,,,,,,,,,,,,
3-クロロサリチルアルデヒド,FALSE,FALSE,FALSE,FALSE,FALSE,FALSE,FALSE,FALSE,FALSE,FALSE,FALSE,FALSE,TRUE,FALSE,FALSE,FALSE,東京化成工業株式会社,-, 1927-94-2,1,g,1,0,,,,,3-クロロサリチルアルデヒド,,,3-Chlorosalicylaldehyde,,,東京化成工業株式会社,,-,-,1,g,g,1,-,-,-,-,,,, 1927-94-2,2ZSBG,C3166,5900,,,,,,,,単位管理,Unit Management,－,－,-,-,,,-,-,,,,,,,,,,,,,,,,,
3-クロロベンジルブロミド,FALSE,FALSE,FALSE,FALSE,FALSE,FALSE,FALSE,FALSE,FALSE,FALSE,FALSE,TRUE,FALSE,FALSE,FALSE,FALSE,東京化成工業株式会社,-, 766-80-3,5,g,1,0,,,,,3-クロロベンジルブロミド,,,3-Chlorobenzyl Bromide,,,東京化成工業株式会社,,-,-,5,g,g,1.56,-,-,-,-,,,, 766-80-3,DDTEG,C1105,2400,,,,,,,,単位管理,Unit Management,－,－,-,-,,,-,-,,,,,,,,,,,,,,,,,
3-クロロベンズアルデヒド,FALSE,FALSE,FALSE,FALSE,TRUE,FALSE,FALSE,FALSE,FALSE,FALSE,FALSE,FALSE,FALSE,FALSE,FALSE,FALSE,東京化成工業株式会社,-, 587-04-2,25,g,1,0,,,,,3-クロロベンズアルデヒド,,,3-Chlorobenzaldehyde,,,東京化成工業株式会社,,-,-,25,g,g,1.24,-,-,-,-,,,, 587-04-2,CMKKG,C0124,2200,,,,,,,,単位管理,Unit Management,－,－,-,-,,,-,-,,,,,,,,,,,,,,,,,
3-シアノピリジン,FALSE,FALSE,FALSE,FALSE,TRUE,FALSE,TRUE,FALSE,FALSE,FALSE,FALSE,FALSE,FALSE,FALSE,FALSE,FALSE,東京化成工業株式会社,-, 100-54-9,25,g,1,1,,,,,3-シアノピリジン,,,3-Cyanopyridine,,,東京化成工業株式会社,,-,-,25,g,g,1,-,-,-,-,,,, 100-54-9,CVSKG,C0456,3100,,,,,,,,単位管理,Unit Management,－,－,-,-,,,-,-,,,,,,,,,,,,,,,,,
3-ニトロアニリン,TRUE,FALSE,FALSE,FALSE,FALSE,FALSE,FALSE,FALSE,FALSE,FALSE,FALSE,FALSE,FALSE,FALSE,FALSE,FALSE,東京化成工業株式会社,-, 99-09-2,25,g,7,1,,,,,3-ニトロアニリン,,,3-Nitroaniline,,,東京化成工業株式会社,,-,-,25,g,g,1,-,-,-,-,,,, 99-09-2,HZQKG,N0117,4200,,,,,,,,単位管理,Unit Management,－,－,-,-,,,-,-,,,,,,,,,,,,,,,,,
3-ピコリルアミン,TRUE,FALSE,FALSE,FALSE,FALSE,FALSE,FALSE,FALSE,FALSE,FALSE,FALSE,FALSE,FALSE,FALSE,FALSE,FALSE,東京化成工業株式会社,-, 3731-52-0,25,ml,1,0,,,,,3-ピコリルアミン,,,3-Picolylamine,,,東京化成工業株式会社,,-,-,25,ml,ml,1.07,-,-,-,-,,,, 3731-52-0,I3KKM,P0762,4600,,,,,,,,単位管理,Unit Management,－,－,-,-,,,-,-,,,,,,,,,,,,,,,,,
3-ヒドロキシイソニコチン酸,FALSE,FALSE,FALSE,FALSE,FALSE,FALSE,FALSE,FALSE,FALSE,FALSE,FALSE,FALSE,TRUE,FALSE,FALSE,FALSE,東京化成工業株式会社,-, 10128-71-9,1,g,1,0,,,,,3-ヒドロキシイソニコチン酸,,,3-Hydroxyisonicotinic Acid,,,東京化成工業株式会社,,-,-,1,g,g,1,-,-,-,-,,,, 10128-71-9,X7HBG,H1377,6300,,,,,,,,単位管理,Unit Management,－,－,-,-,,,-,-,,,,,,,,,,,,,,,,,
3-ヒドロキシピリジン,TRUE,FALSE,FALSE,FALSE,FALSE,FALSE,FALSE,FALSE,FALSE,FALSE,FALSE,FALSE,FALSE,FALSE,FALSE,FALSE,東京化成工業株式会社,-, 109-00-2,25,g,1,0,,,,,3-ヒドロキシピリジン,,,3-Hydroxypyridine,,,東京化成工業株式会社,,-,-,25,g,g,1,-,-,-,-,,,, 109-00-2,F8RKG,H0331,4500,,,,,,,,単位管理,Unit Management,－,－,-,-,,,-,-,,,,,,,,,,,,,,,,,
3-ヒドロキシ安息香酸,TRUE,FALSE,FALSE,FALSE,FALSE,FALSE,FALSE,FALSE,FALSE,FALSE,FALSE,FALSE,FALSE,FALSE,FALSE,FALSE,東京化成工業株式会社,-, 99-06-9,25,g,1,0,,,,,3-ヒドロキシ安息香酸,,,3-Hydroxybenzoic Acid,,,東京化成工業株式会社,,-,-,25,g,g,1,-,-,-,-,,,, 99-06-9,F49KG,H0205,3800,,,,,,,,単位管理,Unit Management,－,－,-,-,,,-,-,,,,,,,,,,,,,,,,,
3-ピリジルボロン酸,FALSE,FALSE,FALSE,FALSE,TRUE,FALSE,FALSE,FALSE,FALSE,FALSE,FALSE,FALSE,FALSE,FALSE,FALSE,FALSE,東京化成工業株式会社,-, 1692-25-7,1,g,1,0,,,,,3-ピリジルボロン酸,,,3-Pyridylboronic Acid(contains varying amounts of Anhydride),,,東京化成工業株式会社,,-,-,1,g,g,1,冷蔵貯蔵,,-,-,1,405,100, 1692-25-7,SC8BG,P1673,3800,,,,,,,,単位管理,Unit Management,－,－,-,-,,,-,-,,,,,,,,,,,,,,,,,
3-ピリジルボロン酸,FALSE,TRUE,FALSE,FALSE,FALSE,FALSE,FALSE,FALSE,FALSE,FALSE,FALSE,FALSE,FALSE,FALSE,FALSE,FALSE,東京化成工業株式会社,-, 1692-25-7,5,g,1,0,,,,,3-ピリジルボロン酸,,,3-Pyridylboronic Acid(contains varying amounts of Anhydride),,,東京化成工業株式会社,,-,-,5,g,g,1,冷蔵貯蔵,,-,-,1,405,100, 1692-25-7,SC8EG,P1673,11900,,,,,,,,単位管理,Unit Management,－,－,-,-,,,-,-,,,,,,,,,,,,,,,,,
3-ピリジンカルボキシアルデヒド,FALSE,FALSE,FALSE,FALSE,FALSE,FALSE,FALSE,FALSE,FALSE,TRUE,FALSE,FALSE,FALSE,FALSE,FALSE,FALSE,東京化成工業株式会社,-, 500-22-1,25,ml,2,0,,,,,3-ピリジンカルボキシアルデヒド,,,3-Pyridinecarboxaldehyde,,,東京化成工業株式会社,,-,-,25,ml,ml,1.14,-,-,-,-,,,, 500-22-1,HYZKM,N0090,5300,,,,,,,,単位管理,Unit Management,－,－,-,-,,,-,-,,,,,,,,,,,,,,,,,
"3-フェニルアゾ-2,6-ジアミノピリジン塩酸塩",FALSE,TRUE,FALSE,FALSE,FALSE,FALSE,FALSE,FALSE,FALSE,FALSE,FALSE,FALSE,FALSE,FALSE,FALSE,FALSE,東京化成工業株式会社,-, 136-40-3,25,g,1,0,,,,,"3-フェニルアゾ-2,6-ジアミノピリジン塩酸塩",,,"3-Phenylazo-2,6-diaminopyridine Monohydrochloride",,,東京化成工業株式会社,,-,-,25,g,g,1,-,-,-,-,,,, 136-40-3,BCUKG,B0022,6700,,,,,,,,単位管理,Unit Management,－,－,-,-,,,-,-,,,,,,,,,,,,,,,,,
3-フルオロイソニコチン酸 (5g),FALSE,FALSE,FALSE,FALSE,FALSE,TRUE,FALSE,FALSE,FALSE,FALSE,FALSE,FALSE,FALSE,FALSE,FALSE,FALSE,富士フイルムワコーケミカル(株) (和光純薬取扱),-, 393-53-3,5,g,1,0,,,,,3-フルオロイソニコチン酸 (5g),,,3-Fluoroisonicotinic Acid,,,富士フイルムワコーケミカル(株) (和光純薬取扱),,-,-,5,g,g,1,室温,,-,-,,,, 393-53-3,4.99E+12,326-93963,31900,C6H4FNO2,,,,95+%(NMR),,mp. 251-254℃ ,単位管理,Unit Management,－,－,-,-,,,-,-,,,,,,,,,,,,,,,,,
3-フルオロベンズアルデヒド,FALSE,FALSE,FALSE,FALSE,FALSE,FALSE,FALSE,FALSE,FALSE,TRUE,FALSE,FALSE,FALSE,FALSE,FALSE,FALSE,東京化成工業株式会社,-, 456-48-4,5,ml,1,0,,,,,3-フルオロベンズアルデヒド,,,3-Fluorobenzaldehyde,,,東京化成工業株式会社,,-,-,5,ml,ml,1.18,-,-,-,-,,,, 456-48-4,FO8EM,F0189,3700,,,,,,,,単位管理,Unit Management,－,－,-,-,,,-,-,,,,,,,,,,,,,,,,,
3-プロピリデンフタリド,FALSE,FALSE,FALSE,TRUE,FALSE,FALSE,FALSE,FALSE,FALSE,FALSE,FALSE,FALSE,FALSE,FALSE,FALSE,FALSE,東京化成工業株式会社,-, 17369-59-4,25,g,1,0,,,,,3-プロピリデンフタリド,,,3-Propylidenephthalide,,,東京化成工業株式会社,,-,-,25,g,g,1.13,-,-,-,-,,,, 17369-59-4,U3PKG,P1824,8000,,-,-,,,,,単位管理,Unit Management,本,本,-,-,,,-,-,,,,,,,,,,,,,,,,,
3-ブロモ-1-プロパノール (25g),FALSE,FALSE,FALSE,FALSE,FALSE,TRUE,FALSE,FALSE,FALSE,FALSE,FALSE,FALSE,FALSE,FALSE,FALSE,FALSE,富士フイルムワコーケミカル(株) (和光純薬取扱),-, 627-18-9,25,g,1,0,,,,,3-ブロモ-1-プロパノール (25g),,,3-Bromo-1-propanol,,,富士フイルムワコーケミカル(株) (和光純薬取扱),,-,-,25,g,g,1.6,冷蔵貯蔵,,-,-,,,, 627-18-9,4.99E+12,325-69802,12000,C3H7BrO,,,,93+%(NMR),,bp. 62℃/5mm,単位管理,Unit Management,－,－,-,-,,,-,-,,,,,,,,,,,,,,,,,
3-ブロモ-5-クロロサリチルアルデヒド,FALSE,FALSE,FALSE,FALSE,FALSE,FALSE,FALSE,FALSE,FALSE,FALSE,FALSE,FALSE,TRUE,FALSE,FALSE,FALSE,東京化成工業株式会社,-, 19652-32-5,5,g,1,0,,,,,3-ブロモ-5-クロロサリチルアルデヒド,,,3-Bromo-5-chlorosalicylaldehyde,,,東京化成工業株式会社,,-,-,5,g,g,1,-,-,-,-,,,, 19652-32-5,N80EG,B1948,6300,,,,,,,,単位管理,Unit Management,－,－,-,-,,,-,-,,,,,,,,,,,,,,,,,
3-ブロモサリチルアルデヒド,FALSE,FALSE,FALSE,FALSE,FALSE,FALSE,FALSE,FALSE,FALSE,FALSE,FALSE,FALSE,TRUE,FALSE,FALSE,FALSE,東京化成工業株式会社,-, 1829-34-1,1,g,1,0,,,,,3-ブロモサリチルアルデヒド,,,3-Bromosalicylaldehyde,,,東京化成工業株式会社,,-,-,1,g,g,1,-,-,-,-,,,, 1829-34-1,X2IBG,B3922,5400,,,,,,,,単位管理,Unit Management,－,－,-,-,,,-,-,,,,,,,,,,,,,,,,,
３－ブロモピリジン,FALSE,FALSE,FALSE,FALSE,FALSE,FALSE,FALSE,FALSE,TRUE,FALSE,FALSE,FALSE,TRUE,FALSE,FALSE,FALSE,Aldrich,-, 626-55-1,5,g,1,0,,,,,３－ブロモピリジン,,,"3-BROMOPYRIDINE, 99%",,,Aldrich,,-,-,5,g,g,1,室温,,-,-,,,, 626-55-1,,B80208,,,-,-,,,,,単位管理,Unit Management,本,本,-,-,,,-,-,,,,,,,,,,,,,,,,,
3-ブロモブチロニトリル,FALSE,FALSE,FALSE,FALSE,FALSE,FALSE,TRUE,FALSE,FALSE,FALSE,FALSE,FALSE,FALSE,FALSE,FALSE,FALSE,東京化成工業株式会社,-, 20965-20-2,25,g,8,0,,,,,3-ブロモブチロニトリル,,,3-Bromobutyronitrile,,,東京化成工業株式会社,,-,-,25,g,g,1.47,-,-,-,-,,,, 20965-20-2,CGHKG,B1452,22000,,,,,,,,単位管理,Unit Management,－,－,-,-,,,-,-,,,,,,,,,,,,,,,,,
3-ブロモプロピオニトリル,FALSE,FALSE,FALSE,FALSE,FALSE,FALSE,TRUE,TRUE,FALSE,FALSE,FALSE,FALSE,FALSE,FALSE,FALSE,FALSE,東京化成工業株式会社,-, 2417-90-5,25,g,8,0,,,,,3-ブロモプロピオニトリル,,,3-Bromopropionitrile,,,東京化成工業株式会社,,-,-,25,g,g,1.64,-,-,-,-,,,, 2417-90-5,M3TKG,B1762,8800,,,,,,,,単位管理,Unit Management,－,－,-,-,,,-,-,,,,,,,,,,,,,,,,,
3-ブロモプロピオンアミド,TRUE,FALSE,FALSE,FALSE,FALSE,FALSE,FALSE,FALSE,FALSE,FALSE,FALSE,FALSE,FALSE,FALSE,FALSE,FALSE,東京化成工業株式会社,-, 6320-96-3,5,g,2,0,,,,,3-ブロモプロピオンアミド,,,3-Bromopropionamide,,,東京化成工業株式会社,,-,-,5,g,g,1,-,-,-,-,,,, 6320-96-3,CFBEG,B1410,28500,,,,,,,,単位管理,Unit Management,－,－,-,-,,,-,-,,,,,,,,,,,,,,,,,
3-ブロモプロピオン酸メチル,FALSE,FALSE,FALSE,FALSE,FALSE,FALSE,FALSE,FALSE,FALSE,FALSE,TRUE,FALSE,FALSE,FALSE,FALSE,FALSE,東京化成工業株式会社,-, 3395-91-3,25,g,2,0,,,,,3-ブロモプロピオン酸メチル,,,Methyl 3-Bromopropionate,,,東京化成工業株式会社,,-,-,25,g,g,1.53,-,-,-,-,,,, 3395-91-3,BT7KG,B0648,6100,,,,,,,,単位管理,Unit Management,－,－,-,-,,,-,-,,,,,,,,,,,,,,,,,
3-ブロモベンジルブロミド,FALSE,FALSE,FALSE,FALSE,FALSE,FALSE,FALSE,FALSE,FALSE,FALSE,FALSE,FALSE,TRUE,FALSE,FALSE,FALSE,東京化成工業株式会社,-, 823-78-9,5,g,1,0,,,,,3-ブロモベンジルブロミド,,,3-Bromobenzyl Bromide,,,東京化成工業株式会社,,-,-,5,g,g,1,冷蔵貯蔵,,-,-,,,, 823-78-9,LV4EG,B1570,4400,,,,,,,,単位管理,Unit Management,－,－,-,-,,,-,-,,,,,,,,,,,,,,,,,
3-ブロモベンズアルデヒド,FALSE,FALSE,FALSE,FALSE,FALSE,TRUE,FALSE,FALSE,FALSE,FALSE,FALSE,FALSE,FALSE,FALSE,FALSE,FALSE,東京化成工業株式会社,-, 3132-99-8,25,g,1,0,,,,,3-ブロモベンズアルデヒド,,,3-Bromobenzaldehyde,,,東京化成工業株式会社,,-,-,25,g,g,1.58,-,-,-,-,,,, 3132-99-8,BRFKG,B0548,3300,,,,,,,,単位管理,Unit Management,－,－,-,-,,,-,-,,,,,,,,,,,,,,,,,
3-ベンザルフタリド,TRUE,FALSE,FALSE,FALSE,FALSE,FALSE,FALSE,FALSE,FALSE,FALSE,FALSE,FALSE,FALSE,FALSE,FALSE,FALSE,東京化成工業株式会社,-, 575-61-1,25,g,1,0,,,,,3-ベンザルフタリド,,,3-Benzalphthalide,,,東京化成工業株式会社,,-,-,25,g,g,1,-,-,-,-,,,, 575-61-1,B9WKG,B1214,3000,,,,,,,,単位管理,Unit Management,－,－,-,-,,,-,-,,,,,,,,,,,,,,,,,
3-ベンジルピリジン,FALSE,FALSE,FALSE,FALSE,FALSE,FALSE,FALSE,FALSE,FALSE,FALSE,FALSE,FALSE,FALSE,FALSE,FALSE,TRUE,東京化成工業株式会社,-, 620-95-1,10,g,1,0,,,,,3-ベンジルピリジン,,,3-Benzylpyridine,,,東京化成工業株式会社,,-,-,10,g,g,1,-,-,-,-,,,, 620-95-1,LZPFG,B1553,19300,,,,,,,,単位管理,Unit Management,－,－,-,-,,,-,-,,,,,,,,,,,,,,,,,
3-ヨードプロピオン酸,FALSE,FALSE,FALSE,FALSE,FALSE,FALSE,FALSE,FALSE,FALSE,FALSE,FALSE,FALSE,FALSE,FALSE,FALSE,TRUE,東京化成工業株式会社,-, 141-76-4,5,g,1,0,,,,,3-ヨードプロピオン酸,,,3-Iodopropionic Acid,,,東京化成工業株式会社,,-,-,5,g,g,1,-,-,-,-,,,, 141-76-4,GNJEG,I0071,4500,,,,,,,,単位管理,Unit Management,－,－,-,-,,,-,-,,,,,,,,,,,,,,,,,
3-ヨードベンズアルデヒド,FALSE,FALSE,FALSE,FALSE,TRUE,FALSE,FALSE,FALSE,FALSE,FALSE,FALSE,FALSE,FALSE,FALSE,FALSE,FALSE,東京化成工業株式会社,-, 696-41-3,5,g,1,0,,,,,3-ヨードベンズアルデヒド,,,3-Iodobenzaldehyde,,,東京化成工業株式会社,,-,-,5,g,g,1,-,-,-,-,,,, 696-41-3,REGEG,I0611,13800,,,,,,,,単位管理,Unit Management,－,－,-,-,,,-,-,,,,,,,,,,,,,,,,,
4-(1-ナフチルビニル)ピリジン,FALSE,FALSE,FALSE,FALSE,FALSE,FALSE,FALSE,FALSE,FALSE,TRUE,FALSE,FALSE,FALSE,FALSE,FALSE,FALSE,東京化成工業株式会社,-, 16375-56-7,5,g,1,0,,,,,4-(1-ナフチルビニル)ピリジン,,,4-(1-Naphthylvinyl)pyridine,,,東京化成工業株式会社,,-,-,5,g,g,1,-,-,-,-,,,, 16375-56-7,H94EG,N0491,26400,,,,,,,,単位管理,Unit Management,－,－,-,-,,,-,-,,,,,,,,,,,,,,,,,
"4-(2,4-ジニトロベンジル)ピリジン",FALSE,FALSE,FALSE,FALSE,FALSE,TRUE,FALSE,FALSE,FALSE,FALSE,FALSE,FALSE,FALSE,FALSE,FALSE,FALSE,東京化成工業株式会社,-, 1603-85-6,1,g,1,0,,,,,"4-(2,4-ジニトロベンジル)ピリジン",,,"4-(2,4-Dinitrobenzyl)pyridine",,,東京化成工業株式会社,,-,-,1,g,g,1,-,-,-,-,,,, 1603-85-6,N1YBG,D2543,17400,,,,,,,,単位管理,Unit Management,－,－,-,-,,,-,-,,,,,,,,,,,,,,,,,
4-(2-アミノエチル)ピリジン,FALSE,FALSE,FALSE,FALSE,FALSE,TRUE,FALSE,FALSE,FALSE,FALSE,FALSE,FALSE,FALSE,FALSE,FALSE,FALSE,東京化成工業株式会社,-, 13258-63-4,5,g,1,0,,,,,4-(2-アミノエチル)ピリジン,,,4-(2-Aminoethyl)pyridine,,,東京化成工業株式会社,,-,-,5,g,g,1.03,-,-,-,-,,,, 13258-63-4,L7OEG,A1264,15000,,,,,,,,単位管理,Unit Management,－,－,-,-,,,-,-,,,,,,,,,,,,,,,,,
4-(2-ピリジルアゾ)レゾルシノール (5g),FALSE,TRUE,FALSE,FALSE,FALSE,FALSE,FALSE,FALSE,FALSE,FALSE,FALSE,FALSE,FALSE,FALSE,FALSE,FALSE,(株)同仁化学研究所 (和光純薬取扱),-, 1141-59-9,5,g,1,0,,,,,4-(2-ピリジルアゾ)レゾルシノール (5g),,,4-(2-Pyridylazo)resorcinol (PAR),,,(株)同仁化学研究所 (和光純薬取扱),,-,-,5,g,g,1,室温,,-,-,,,, 1141-59-9,4.99E+12,P003,41000,C11H9N3O2,,,,,,mp. 187℃ (dec.) ,単位管理,Unit Management,－,－,-,-,,,-,-,,,,,,,,,,,,,,,,,
"4-(4,4,5,5-テトラメチル-1,3,2-ジオキサボロラン-2-イル)アニリン",FALSE,TRUE,FALSE,FALSE,FALSE,FALSE,FALSE,FALSE,FALSE,FALSE,FALSE,FALSE,FALSE,FALSE,FALSE,FALSE,東京化成工業株式会社,-, 214360-73-3,5,g,1,0,,,,,"4-(4,4,5,5-テトラメチル-1,3,2-ジオキサボロラン-2-イル)アニリン",,,"4-(4,4,5,5-Tetramethyl-1,3,2-dioxaborolan-2-yl)aniline",,,東京化成工業株式会社,,-,-,5,g,g,1,-,-,-,-,1,405,100, 214360-73-3,PBREG,T1951,17600,,,,,,,,単位管理,Unit Management,－,－,-,-,,,-,-,,,,,,,,,,,,,,,,,
4-(4-ジエチルアミノフェニルアゾ)ピリジン,TRUE,FALSE,FALSE,FALSE,FALSE,TRUE,FALSE,FALSE,FALSE,FALSE,FALSE,FALSE,FALSE,FALSE,FALSE,FALSE,東京化成工業株式会社,-, 89762-42-5,1,g,2,0,,,,,4-(4-ジエチルアミノフェニルアゾ)ピリジン,,,4-(4-Diethylaminophenylazo)pyridine,,,東京化成工業株式会社,,-,-,1,g,g,1,-,-,-,-,,,, 89762-42-5,OCEBG,D2568,8900,,,,,,,,単位管理,Unit Management,－,－,-,-,,,-,-,,,,,,,,,,,,,,,,,
4-(4-ジエチルアミノフェニルアゾ)ピリジン,TRUE,FALSE,FALSE,FALSE,FALSE,FALSE,FALSE,FALSE,FALSE,FALSE,FALSE,FALSE,FALSE,FALSE,FALSE,FALSE,東京化成工業株式会社,ＥＰ, 89762-42-5,5,g,1,0,,,,,4-(4-ジエチルアミノフェニルアゾ)ピリジン,,,4-(4-Diethylaminophenylazo)pyridine,,,東京化成工業株式会社,,ＥＰ,,5,g,g,1,-,-,-,-,,,, 89762-42-5,OCEEG,D2568,32700,,-,-,,,,,単位管理,Unit Management,本,本,-,-,,,-,-,,,,,,,,,,,,,,,,,
4-(4-ピリジル)モルホリン,FALSE,FALSE,TRUE,FALSE,FALSE,FALSE,FALSE,FALSE,FALSE,FALSE,FALSE,FALSE,FALSE,FALSE,FALSE,FALSE,東京化成工業株式会社,-, 2767-91-1,5,g,0,1,,,,,4-(4-ピリジル)モルホリン,,,4-(4-Pyridyl)morpholine,,,東京化成工業株式会社,,-,-,5,g,g,1,-,-,-,-,,,, 2767-91-1,RUBEG,P1646,14200,,,,,,,,単位管理,Unit Management,－,－,-,-,,,-,-,,,,,,,,,,,,,,,,,
"4-(BROMOMETHYL)PYRIDINE HYDROBROMIDE, 97%",FALSE,FALSE,FALSE,FALSE,TRUE,FALSE,FALSE,FALSE,FALSE,FALSE,FALSE,FALSE,FALSE,FALSE,FALSE,FALSE,Aldrich,-, 73870-24-3,5,g,1,0,,,,,"4-(BROMOMETHYL)PYRIDINE HYDROBROMIDE, 97%",,,"4-(BROMOMETHYL)PYRIDINE HYDROBROMIDE, 97%",,,Aldrich,,-,-,5,g,g,1,室温,,-,-,,,, 73870-24-3,,491748,,,-,-,,,,,単位管理,Unit Management,本,本,-,-,,,-,-,,,,,,,,,,,,,,,,,
"4-(Diethylamino)salicylaldehyde, 98%",TRUE,FALSE,FALSE,FALSE,FALSE,FALSE,FALSE,FALSE,FALSE,FALSE,FALSE,FALSE,FALSE,FALSE,FALSE,FALSE,Aldrich,-, 17754-90-4,5,g,1,0,,,,,,,,"4-(Diethylamino)salicylaldehyde, 98%",,,Aldrich,,-,-,5,g,g,1,室温,,-,-,,,, 17754-90-4,,225681,,,,,,,,,単位管理,Unit Management,－,－,-,-,,,-,-,,,,,,,,,,,,,,,,,
4-(ｱﾐﾉﾒﾁﾙ)ﾋﾟﾘｼﾞﾝ,TRUE,FALSE,FALSE,FALSE,FALSE,FALSE,FALSE,FALSE,FALSE,FALSE,FALSE,FALSE,FALSE,FALSE,FALSE,FALSE,Aldrich,-, 3731-53-1,5,g,2,0,,,,,4-(ｱﾐﾉﾒﾁﾙ)ﾋﾟﾘｼﾞﾝ,,,"4-(Aminomethyl)pyridine, 98%",,,Aldrich,,-,-,5,g,g,1.065,室温,,-,-,,,, 3731-53-1,,A65603,,,,,,,,,単位管理,Unit Management,－,－,-,-,,,-,-,,,,,,,,,,,,,,,,,
4-(エチルアミノメチル)ピリジン,FALSE,FALSE,FALSE,FALSE,FALSE,FALSE,FALSE,FALSE,FALSE,FALSE,TRUE,FALSE,FALSE,FALSE,FALSE,FALSE,東京化成工業株式会社,-, 33403-97-3,25,g,1,0,,,,,4-(エチルアミノメチル)ピリジン,,,4-(Ethylaminomethyl)pyridine,,,東京化成工業株式会社,,-,-,25,g,g,0.99,-,-,-,-,,,, 33403-97-3,FF3KG,E0283,7500,,,,,,,,単位管理,Unit Management,－,－,-,-,,,-,-,,,,,,,,,,,,,,,,,
4-(ジメチルアミノ)フェニルジフェニルホスフィン,FALSE,TRUE,FALSE,FALSE,FALSE,FALSE,FALSE,FALSE,FALSE,FALSE,FALSE,FALSE,FALSE,FALSE,FALSE,FALSE,東京化成工業株式会社,-, 739-58-2,1,g,1,0,,,,,4-(ジメチルアミノ)フェニルジフェニルホスフィン,,,4-(Dimethylamino)phenyldiphenylphosphine,,,東京化成工業株式会社,,-,-,1,g,g,1,-,-,-,-,,,, 739-58-2,NH5BG,D2478,3200,,,,,,,,単位管理,Unit Management,－,－,-,-,,,-,-,,,,,,,,,,,,,,,,,
4-(フェニルアゾ)安息香酸,FALSE,FALSE,FALSE,FALSE,FALSE,FALSE,FALSE,FALSE,TRUE,FALSE,FALSE,FALSE,FALSE,FALSE,FALSE,FALSE,東京化成工業株式会社,-, 1562-93-2,5,g,1,0,,,,,4-(フェニルアゾ)安息香酸,,,4-(Phenylazo)benzoic Acid,,,東京化成工業株式会社,,-,-,5,g,g,1,-,-,-,-,,,, 1562-93-2,IMDEG,P0143,16200,,,,,,,,単位管理,Unit Management,－,－,-,-,,,-,-,,,,,,,,,,,,,,,,,
4-(メチルアミノ)アゾベンゼン,TRUE,FALSE,FALSE,FALSE,FALSE,FALSE,FALSE,FALSE,FALSE,FALSE,FALSE,FALSE,FALSE,FALSE,FALSE,FALSE,東京化成工業株式会社,-, 621-90-9,5,g,1,0,,,,,4-(メチルアミノ)アゾベンゼン,,,4-(Methylamino)azobenzene,,,東京化成工業株式会社,,-,-,5,g,g,1,-,-,-,-,,,, 621-90-9,G6JEG,M0143,17400,,,,,,,,単位管理,Unit Management,－,－,-,-,,,-,-,,,,,,,,,,,,,,,,,
4-(メチルアミノ)ピリジン,TRUE,FALSE,FALSE,FALSE,FALSE,FALSE,FALSE,FALSE,FALSE,FALSE,FALSE,FALSE,FALSE,FALSE,FALSE,FALSE,東京化成工業株式会社,-, 1121-58-0,5,g,1,0,,,,,4-(メチルアミノ)ピリジン,,,4-(Methylamino)pyridine,,,東京化成工業株式会社,,-,-,5,g,g,1,-,-,-,-,,,, 1121-58-0,W3FEG,M2183,10000,,,,,,,,単位管理,Unit Management,－,－,-,-,,,-,-,,,,,,,,,,,,,,,,,
"4,4'-(α-メチルベンジリデン)ビスフェノール",FALSE,TRUE,FALSE,FALSE,FALSE,FALSE,FALSE,FALSE,FALSE,FALSE,FALSE,FALSE,FALSE,FALSE,FALSE,FALSE,東京化成工業株式会社,-, 1571-75-1,25,g,1,0,,,,,"4,4'-(α-メチルベンジリデン)ビスフェノール",,,"4,4'-(alpha-Methylbenzylidene)bisphenol",,,東京化成工業株式会社,,-,-,25,g,g,1,-,-,-,-,,,, 1571-75-1,LWSKG,M1098,5100,,,,,,,,単位管理,Unit Management,－,－,-,-,,,-,-,,,,,,,,,,,,,,,,,
"4,4'-(ヘキサフルオロイソプロピリデン)ジフェノール(25g)",TRUE,FALSE,FALSE,FALSE,FALSE,FALSE,FALSE,FALSE,FALSE,FALSE,FALSE,FALSE,FALSE,FALSE,FALSE,FALSE,富士フイルム和光純薬(株),和光一級, 1478-61-1,25,g,1,0,,,,,"4,4'-(ヘキサフルオロイソプロピリデン)ジフェノール(25g)",,,"4,4'-(Hexafluoroisopropylidene)diphenol",,,富士フイルム和光純薬(株),,和光一級,,25,g,g,1,室温,,-,-,,,, 1478-61-1,4.99E+12,023-09512,7100,C15H10F6O2,,,,98+%(Capillary GC),,mp. 159～163℃ ,単位管理,Unit Management,－,－,-,-,,,-,-,,,,,,,,,,,,,,,,,
"4,4'-ジアセチルビフェニル",TRUE,FALSE,FALSE,FALSE,FALSE,FALSE,FALSE,FALSE,FALSE,FALSE,FALSE,FALSE,FALSE,FALSE,FALSE,FALSE,東京化成工業株式会社,-, 787-69-9,10,g,1,0,,,,,"4,4'-ジアセチルビフェニル",,,"4,4'-Diacetylbiphenyl",,,東京化成工業株式会社,,-,-,10,g,g,1,-,-,-,-,,,, 787-69-9,EZ2FG,D1902,6800,,,,,,,,単位管理,Unit Management,－,－,-,-,,,-,-,,,,,,,,,,,,,,,,,
"4,4'-ジアミノジフェニルメタン",TRUE,FALSE,FALSE,FALSE,FALSE,FALSE,FALSE,FALSE,FALSE,FALSE,FALSE,FALSE,FALSE,FALSE,FALSE,FALSE,東京化成工業株式会社,-, 101-77-9,25,g,1,0,,,,,"4,4'-ジアミノジフェニルメタン",,,"4,4'-Diaminodiphenylmethane",,,東京化成工業株式会社,,-,-,25,g,g,1,-,-,-,-,1,446,100, 101-77-9,G8OKG,M0220,2500,,,,,,,,単位管理,Unit Management,－,－,-,-,,,-,-,,,,,,,,,,,,,,,,,
"4,4'-ジカルボキシジフェニルエーテル",TRUE,FALSE,FALSE,FALSE,FALSE,FALSE,FALSE,FALSE,FALSE,FALSE,FALSE,FALSE,FALSE,FALSE,FALSE,FALSE,東京化成工業株式会社,-, 2215-89-6,25,g,1,0,,,,,"4,4'-ジカルボキシジフェニルエーテル",,,"4,4'-Dicarboxydiphenyl Ether",,,東京化成工業株式会社,,-,-,25,g,g,1,-,-,-,-,,,, 2215-89-6,E5XKG,D2115,3900,,,,,,,,単位管理,Unit Management,－,－,-,-,,,-,-,,,,,,,,,,,,,,,,,
"4,4'-ジヒドロキシジフェニルエーテル",TRUE,FALSE,FALSE,FALSE,FALSE,FALSE,FALSE,FALSE,FALSE,FALSE,FALSE,FALSE,FALSE,FALSE,FALSE,FALSE,東京化成工業株式会社,-, 1965-09-9,25,g,1,0,,,,,"4,4'-ジヒドロキシジフェニルエーテル",,,"4,4'-Dihydroxydiphenyl Ether",,,東京化成工業株式会社,,-,-,25,g,g,1,-,-,-,-,,,, 1965-09-9,E53KG,D2121,11800,,,,,,,,単位管理,Unit Management,－,－,-,-,,,-,-,,,,,,,,,,,,,,,,,
"4,4'-ジヒドロキシビフェニル",FALSE,FALSE,FALSE,FALSE,FALSE,FALSE,FALSE,FALSE,FALSE,FALSE,FALSE,FALSE,FALSE,FALSE,FALSE,TRUE,東京化成工業株式会社,-, 92-88-6,25,g,1,0,,,,,"4,4'-ジヒドロキシビフェニル",,,"4,4'-Dihydroxybiphenyl",,,東京化成工業株式会社,,-,-,25,g,g,1,-,-,-,-,,,, 92-88-6,BO3KG,B0464,2700,,,,,,,,単位管理,Unit Management,－,－,-,-,,,-,-,,,,,,,,,,,,,,,,,
"4,4'-ジヒドロキシベンゾフェノン",TRUE,FALSE,FALSE,FALSE,FALSE,FALSE,FALSE,FALSE,FALSE,FALSE,FALSE,FALSE,FALSE,FALSE,FALSE,FALSE,東京化成工業株式会社,-, 611-99-4,25,g,1,0,,,,,"4,4'-ジヒドロキシベンゾフェノン",,,"4,4'-Dihydroxybenzophenone",,,東京化成工業株式会社,,-,-,25,g,g,1,-,-,-,-,,,, 611-99-4,DZAKG,D0577,5300,,,,,,,,単位管理,Unit Management,－,－,-,-,,,-,-,,,,,,,,,,,,,,,,,
"4,4'-ジヨードビフェニル (25g)",FALSE,FALSE,FALSE,TRUE,FALSE,FALSE,FALSE,FALSE,FALSE,FALSE,FALSE,FALSE,FALSE,FALSE,FALSE,FALSE,和光純薬工業(株),和光一級, 3001-15-8,25,g,1,0,,,,,"4,4'-ジヨードビフェニル (25g)",,,"4,4'-Diiodobiphenyl",,,和光純薬工業(株),,和光一級,,25,g,g,1,室温,,-,-,,,, 3001-15-8,4.99E+12,048-22862,2900,IC6H4C6H4I,-,-,白色～わずかにうすい黄色、粉末,98+%(HPLC),406,mp. 201～204℃ ,単位管理,Unit Management,本,本,-,-,,,-,-,,,,,,,,,,,,,,,,,
"4,4'-ビピペリジン",FALSE,FALSE,FALSE,FALSE,FALSE,FALSE,FALSE,FALSE,FALSE,FALSE,FALSE,FALSE,TRUE,FALSE,FALSE,FALSE,東京化成工業株式会社,-, 15336-72-8,1,g,1,0,,,,,"4,4'-ビピペリジン",,,"4,4'-Bipiperidine",,,東京化成工業株式会社,,-,-,1,g,g,1,-,-,-,-,,,, 15336-72-8,YFKBG,B3983,8300,,,,,,,,単位管理,Unit Management,－,－,-,-,,,-,-,,,,,,,,,,,,,,,,,
"4,4'-ビピリジル",FALSE,FALSE,FALSE,FALSE,FALSE,FALSE,FALSE,FALSE,FALSE,FALSE,FALSE,TRUE,FALSE,FALSE,FALSE,FALSE,東京化成工業株式会社,-, 553-26-4,25,g,1,0,,,,,"4,4'-ビピリジル",,,"4,4'-Bipyridyl",,,東京化成工業株式会社,,-,-,25,g,g,1,-,-,-,-,,,, 553-26-4,BO8KG,B0469,9300,,,,,,,,単位管理,Unit Management,－,－,-,-,,,-,-,,,,,,,,,,,,,,,,,
"4,4'-ビピリジル (1g)",FALSE,FALSE,FALSE,FALSE,FALSE,FALSE,FALSE,FALSE,FALSE,TRUE,FALSE,FALSE,FALSE,FALSE,FALSE,FALSE,富士フイルム和光純薬(株),-, 553-26-4,1,g,1,0,,,,,"4,4'-ビピリジル (1g)",,,"4,4'-Bipyridyl",,,富士フイルム和光純薬(株),,-,-,1,g,g,1,室温,,-,-,,,, 553-26-4,4.99E+12,049-04251,4130,(C5H4N)2,,,,97+%(Titration),,mp. 約 110℃ bp. 305℃,単位管理,Unit Management,－,－,-,-,,,-,-,,,,,,,,,,,,,,,,,
"4,4'-ビフェニルジカルボキシアルデヒド",FALSE,TRUE,FALSE,FALSE,FALSE,FALSE,FALSE,FALSE,FALSE,FALSE,FALSE,FALSE,FALSE,FALSE,FALSE,FALSE,東京化成工業株式会社,-, 66-98-8,5,g,1,0,,,,,"4,4'-ビフェニルジカルボキシアルデヒド",,,"4,4'-Biphenyldicarboxaldehyde",,,東京化成工業株式会社,,-,-,5,g,g,1,冷蔵貯蔵,,-,-,,,, 66-98-8,SB2EG,B2854,26700,,,,,,,,単位管理,Unit Management,－,－,-,-,,,-,-,,,,,,,,,,,,,,,,,
"4,5-エチレンジチオ-1,3-ジチオール-2-チオン",TRUE,FALSE,FALSE,FALSE,FALSE,FALSE,FALSE,FALSE,FALSE,FALSE,FALSE,FALSE,FALSE,FALSE,FALSE,FALSE,東京化成工業株式会社,-, 59089-89-3,5,g,1,0,,,,,"4,5-エチレンジチオ-1,3-ジチオール-2-チオン",,,"4,5-Ethylenedithio-1,3-dithiole-2-thione",,,東京化成工業株式会社,,-,-,5,g,g,1,-,-,-,-,,,, 59089-89-3,LXJEG,E0429,26700,,,,,,,,単位管理,Unit Management,－,－,-,-,,,-,-,,,,,,,,,,,,,,,,,
"4,5-ジシアノイミダゾール",FALSE,FALSE,TRUE,FALSE,FALSE,FALSE,FALSE,FALSE,FALSE,FALSE,FALSE,FALSE,FALSE,FALSE,FALSE,FALSE,東京化成工業株式会社,-, 1122-28-7,25,g,1,0,,,,,"4,5-ジシアノイミダゾール",,,"4,5-Dicyanoimidazole",,,東京化成工業株式会社,,-,-,25,g,g,1,-,-,-,-,,,, 1122-28-7,E3GKG,D2026,13900,,,,,,,,単位管理,Unit Management,－,－,-,-,,,-,-,,,,,,,,,,,,,,,,,
"4,5-ｼﾞｼｱﾉｲﾐﾀﾞｿﾞｰﾙ",FALSE,FALSE,FALSE,FALSE,FALSE,FALSE,TRUE,FALSE,FALSE,FALSE,FALSE,FALSE,FALSE,FALSE,FALSE,FALSE,Aldrich,-, 1122-28-7,5,g,1,0,,,,,"4,5-ｼﾞｼｱﾉｲﾐﾀﾞｿﾞｰﾙ",,,"4,5-Dicyanoimidazole, 95%",,,Aldrich,,-,-,5,g,g,1,室温,,-,-,,,, 1122-28-7,4.55E+12,324132,,,,,,,,,単位管理,Unit Management,－,－,-,-,,,-,-,,,,,,,,,,,,,,,,,
"4,5-ジフェニルイミダゾール",FALSE,FALSE,TRUE,FALSE,FALSE,FALSE,FALSE,FALSE,FALSE,FALSE,FALSE,FALSE,FALSE,FALSE,FALSE,FALSE,ACROS ORGANICS,-, 668-94-0,5,g,1,0,,,,,"4,5-ジフェニルイミダゾール",,,"4,5-Diphenylimidazole",,,ACROS ORGANICS,,-,-,5,g,g,1,冷暗貯蔵,,-,-,,,, 668-94-0,117311AO,117310050,3900,C15H12N2,-,-,,,220.27,mp 232-234 ℃,単位管理,Unit Management,本,本,-,-,,,-,-,,,,,,,,,C15／H12／N2,,,,,,,,
４’－アミノアセトフェノン,TRUE,FALSE,FALSE,FALSE,FALSE,FALSE,FALSE,FALSE,FALSE,FALSE,FALSE,FALSE,FALSE,FALSE,FALSE,FALSE,Aldrich,-, 99-92-3,25,g,1,0,,,,,４’－アミノアセトフェノン,,,"4'-AMINOACETOPHENONE, 99%",,,Aldrich,,-,-,25,g,g,1,室温,,-,-,,,, 99-92-3,,A38002,,,-,-,,,,,単位管理,Unit Management,本,本,-,-,,,-,-,,,,,,,,,,,,,,,,,
"4-Aminosalicylic acid, 99%",TRUE,FALSE,FALSE,FALSE,FALSE,FALSE,FALSE,FALSE,FALSE,FALSE,FALSE,FALSE,FALSE,FALSE,FALSE,FALSE,Aldrich,-, 65-49-6,5,g,1,0,,,,,,,,"4-Aminosalicylic acid, 99%",,,Aldrich,,-,-,5,g,g,1,室温,,-,-,,,, 65-49-6,,A79604,,,,,,,,,単位管理,Unit Management,－,－,-,-,,,-,-,,,,,,,,,,,,,,,,,
"4-tert-Butyl-2,6-diformylphenol, 96%",FALSE,TRUE,FALSE,FALSE,FALSE,FALSE,FALSE,FALSE,FALSE,FALSE,FALSE,FALSE,FALSE,FALSE,FALSE,FALSE,Aldrich,-, 84501-28-0,1,g,1,0,,,,,,,,"4-tert-Butyl-2,6-diformylphenol, 96%",,,Aldrich,,-,-,1,g,g,1,室温,,-,-,,,, 84501-28-0,,554154,,,,,,,,,単位管理,Unit Management,－,－,-,-,,,-,-,,,,,,,,,,,,,,,,,
4-tert-ブチルアニリン,FALSE,TRUE,FALSE,FALSE,FALSE,FALSE,FALSE,FALSE,FALSE,FALSE,FALSE,FALSE,FALSE,FALSE,FALSE,FALSE,東京化成工業株式会社,-, 769-92-6,5,ml,1,0,,,,,4-tert-ブチルアニリン,,,4-tert-Butylaniline,,,東京化成工業株式会社,,-,-,5,ml,ml,0.95,冷蔵貯蔵,,-,-,,,, 769-92-6,NXJEM,B1900,3000,,,,,,,,単位管理,Unit Management,－,－,-,-,,,-,-,,,,,,,,,,,,,,,,,
4-アセチルピリジン,FALSE,FALSE,FALSE,FALSE,TRUE,FALSE,FALSE,FALSE,FALSE,FALSE,FALSE,FALSE,FALSE,FALSE,FALSE,FALSE,東京化成工業株式会社,-, 1122-54-9,25,g,1,0,,,,,4-アセチルピリジン,,,4-Acetylpyridine,,,東京化成工業株式会社,,-,-,25,g,g,1.1,-,-,-,-,,,, 1122-54-9,ADEKG,A0113,4500,,,,,,,,単位管理,Unit Management,－,－,-,-,,,-,-,,,,,,,,,,,,,,,,,
4-アセトアミドピリジン,FALSE,FALSE,TRUE,FALSE,FALSE,FALSE,FALSE,FALSE,FALSE,FALSE,FALSE,FALSE,FALSE,FALSE,FALSE,FALSE,東京化成工業株式会社,-, 5221-42-1,5,g,1,0,,,,,4-アセトアミドピリジン,,,4-Acetamidopyridine,,,東京化成工業株式会社,,-,-,5,g,g,1,-,-,-,-,,,, 5221-42-1,RT5EG,A1883,11000,,,,,,,,単位管理,Unit Management,－,－,-,-,,,-,-,,,,,,,,,,,,,,,,,
4-アニリノピリジン,FALSE,FALSE,FALSE,FALSE,TRUE,TRUE,FALSE,FALSE,FALSE,FALSE,FALSE,FALSE,FALSE,FALSE,FALSE,FALSE,東京化成工業株式会社,-, 22961-45-1,5,g,2,0,,,,,4-アニリノピリジン,,,4-Anilinopyridine,,,東京化成工業株式会社,,-,-,5,g,g,1,-,-,-,-,,,, 22961-45-1,T4LEG,A2087,22700,,,,,,,,単位管理,Unit Management,－,－,-,-,,,-,-,,,,,,,,,,,,,,,,,
"4-アミノ-2',3-ジメチルアゾベンゼン(25g)",TRUE,FALSE,FALSE,FALSE,FALSE,FALSE,FALSE,FALSE,FALSE,FALSE,FALSE,FALSE,FALSE,FALSE,FALSE,FALSE,富士フイルム和光純薬(株),-, 97-56-3,25,g,1,0,,,,,"4-アミノ-2',3-ジメチルアゾベンゼン(25g)",,,"4-Amino-2',3-dimethylazobenzene",,,富士フイルム和光純薬(株),,-,-,25,g,g,1.21,室温,,-,-,,,, 97-56-3,4.99E+12,014-02302,7900,H2N(CH3)C6H3N:NC6H4CH3,,,,,,mp. 100℃ ,単位管理,Unit Management,－,－,-,-,,,-,-,,,,,,,,,,,,,,,,,
"4-アミノ-3,5-ジクロロピリジン",FALSE,FALSE,FALSE,TRUE,FALSE,FALSE,FALSE,FALSE,FALSE,FALSE,FALSE,FALSE,FALSE,FALSE,FALSE,FALSE,東京化成工業株式会社,-, 22889-78-7,25,g,1,0,,,,,"4-アミノ-3,5-ジクロロピリジン",,,"4-Amino-3,5-dichloropyridine",,,東京化成工業株式会社,,-,-,25,g,g,1,-,-,-,-,,,, 22889-78-7,OSKKG,A1545,7100,,,,,,,,単位管理,Unit Management,－,－,-,-,,,-,-,,,,,,,,,,,,,,,,,
"4-アミノ-3,5-ジブロモピリジン",FALSE,FALSE,FALSE,FALSE,FALSE,TRUE,FALSE,FALSE,FALSE,FALSE,FALSE,FALSE,FALSE,FALSE,FALSE,FALSE,東京化成工業株式会社,-, 84539-34-4,5,g,1,0,,,,,"4-アミノ-3,5-ジブロモピリジン",,,"4-Amino-3,5-dibromopyridine",,,東京化成工業株式会社,,-,-,5,g,g,1,-,-,-,-,,,, 84539-34-4,WALEG,A2309,4800,,,,,,,,単位管理,Unit Management,－,－,-,-,,,-,-,,,,,,,,,,,,,,,,,
"4-アミノ-3-ヒドラジノ-5-メルカプト-1,2,4-トリアゾール",FALSE,FALSE,FALSE,FALSE,FALSE,TRUE,FALSE,FALSE,FALSE,FALSE,FALSE,FALSE,FALSE,FALSE,FALSE,FALSE,東京化成工業株式会社,SU, 1750-12-5,5,g,1,0,,,,,"4-アミノ-3-ヒドラジノ-5-メルカプト-1,2,4-トリアゾール",,,"4-Amino-3-hydrazino-5-mercapto-1,2,4-triazole[for Determination of Aldehydes]",,,東京化成工業株式会社,,SU,,5,g,g,1,-,-,-,-,,,, 1750-12-5,A0TEG,A0956,6900,,,,,,,,単位管理,Unit Management,－,－,-,-,,,-,-,,,,,,,,,,,,,,,,,
4-アミノ-3-ヒドロキシ安息香酸,FALSE,FALSE,FALSE,FALSE,FALSE,FALSE,FALSE,FALSE,FALSE,FALSE,FALSE,FALSE,TRUE,FALSE,FALSE,FALSE,東京化成工業株式会社,-, 2374-03-0,25,g,1,0,,,,,4-アミノ-3-ヒドロキシ安息香酸,,,4-Amino-3-hydroxybenzoic Acid,,,東京化成工業株式会社,,-,-,25,g,g,1,-,-,-,-,,,, 2374-03-0,A7EKG,A1194,14300,,,,,,,,単位管理,Unit Management,－,－,-,-,,,-,-,,,,,,,,,,,,,,,,,
4-アミノ-3-メチル安息香酸,FALSE,FALSE,FALSE,FALSE,FALSE,FALSE,FALSE,FALSE,FALSE,FALSE,FALSE,FALSE,TRUE,FALSE,FALSE,FALSE,東京化成工業株式会社,-, 2486-70-6,5,g,2,0,,,,,4-アミノ-3-メチル安息香酸,,,4-Amino-3-methylbenzoic Acid,,,東京化成工業株式会社,,-,-,5,g,g,1,-,-,-,-,,,, 2486-70-6,QGOEG,A1353,2500,,,,,,,,単位管理,Unit Management,－,－,-,-,,,-,-,,,,,,,,,,,,,,,,,
4-アミノ-4'-ジメチルアミノアゾベンゼン,TRUE,FALSE,FALSE,FALSE,FALSE,FALSE,FALSE,FALSE,FALSE,FALSE,FALSE,FALSE,FALSE,FALSE,FALSE,FALSE,東京化成工業株式会社,-, 539-17-3,5,g,1,0,,,,,4-アミノ-4'-ジメチルアミノアゾベンゼン,,,4-Amino-4'-dimethylaminoazobenzene,,,東京化成工業株式会社,,-,-,5,g,g,1,-,-,-,-,,,, 539-17-3,P85EG,A1672,24800,,,,,,,,単位管理,Unit Management,－,－,-,-,,,-,-,,,,,,,,,,,,,,,,,
4-アミノアゾベンゼン,TRUE,FALSE,FALSE,FALSE,FALSE,FALSE,FALSE,FALSE,FALSE,FALSE,FALSE,FALSE,FALSE,FALSE,FALSE,FALSE,東京化成工業株式会社,-, 60-09-3,25,g,1,1,,,,,4-アミノアゾベンゼン,,,4-Aminoazobenzene,,,東京化成工業株式会社,,-,-,25,g,g,1,-,-,-,-,,,, 60-09-3,IMBKG,P0141,5200,,,,,,,,単位管理,Unit Management,－,－,-,-,,,-,-,,,,,,,,,,,,,,,,,
4-アミノアゾベンゼン塩酸塩,TRUE,FALSE,FALSE,FALSE,FALSE,FALSE,FALSE,FALSE,FALSE,FALSE,FALSE,FALSE,FALSE,FALSE,FALSE,FALSE,東京化成工業株式会社,-, 3457-98-5,25,g,1,0,,,,,4-アミノアゾベンゼン塩酸塩,,,4-Aminoazobenzene Hydrochloride,,,東京化成工業株式会社,,-,-,25,g,g,1,-,-,-,-,,,, 3457-98-5,AVOKG,A0771,5800,,,,,,,,単位管理,Unit Management,－,－,-,-,,,-,-,,,,,,,,,,,,,,,,,
4-アミノイソキノリン,TRUE,FALSE,FALSE,FALSE,FALSE,FALSE,FALSE,FALSE,FALSE,FALSE,FALSE,FALSE,FALSE,FALSE,FALSE,FALSE,東京化成工業株式会社,-, 23687-25-4,1,g,1,0,,,,,4-アミノイソキノリン,,,4-Aminoisoquinoline,,,東京化成工業株式会社,,-,-,1,g,g,1,-,-,-,-,,,, 23687-25-4,Y84BG,A2595,5700,,,,,,,,単位管理,Unit Management,－,－,-,-,,,-,-,,,,,,,,,,,,,,,,,
4-アミノサリチル酸,FALSE,FALSE,FALSE,FALSE,FALSE,TRUE,FALSE,FALSE,FALSE,FALSE,FALSE,FALSE,FALSE,FALSE,FALSE,FALSE,東京化成工業株式会社,-, 65-49-6,25,g,2,0,,,,,4-アミノサリチル酸,,,4-Aminosalicylic Acid,,,東京化成工業株式会社,,-,-,25,g,g,1,-,-,-,-,,,, 65-49-6,ALXKG,A0420,4200,,,,,,,,単位管理,Unit Management,－,－,-,-,,,-,-,,,,,,,,,,,,,,,,,
4-アミノピペリジン,FALSE,FALSE,FALSE,FALSE,FALSE,FALSE,FALSE,FALSE,FALSE,FALSE,TRUE,FALSE,FALSE,FALSE,FALSE,FALSE,東京化成工業株式会社,-, 13035-19-3,5,ml,1,0,,,,,4-アミノピペリジン,,,4-Aminopiperidine,,,東京化成工業株式会社,,-,-,5,ml,ml,1,-,-,-,-,,,, 13035-19-3,O5WEM,A1591,3000,,,,,,,,単位管理,Unit Management,－,－,-,-,,,-,-,,,,,,,,,,,,,,,,,
4-アミノピリジン,FALSE,FALSE,FALSE,FALSE,FALSE,FALSE,FALSE,FALSE,FALSE,TRUE,FALSE,FALSE,TRUE,FALSE,FALSE,FALSE,東京化成工業株式会社,-, 504-24-5,25,g,1,1,,,,,4-アミノピリジン,,,4-Aminopyridine,,,東京化成工業株式会社,,-,-,25,g,g,1,-,-,-,-,,,, 504-24-5,ALRKG,A0414,4300,,,,,,,,単位管理,Unit Management,－,－,-,-,,,-,-,,,,,,,,,,,,,,,,,
4-アミノフタル酸 (250mg),FALSE,FALSE,FALSE,FALSE,FALSE,FALSE,FALSE,FALSE,FALSE,FALSE,FALSE,FALSE,TRUE,FALSE,FALSE,FALSE,Alfa Aesar (和光純薬取扱),-, 5434-21-9,250,mg,0,1,,,,,4-アミノフタル酸 (250mg),,,"4-Aminophthalic acid, 98%",,,Alfa Aesar (和光純薬取扱),,-,-,250,mg,mg,1,室温,,-,-,,,, 5434-21-9,,41494,6700,,-,-,,,,融点:>300℃,単位管理,Unit Management,本,本,-,-,,,-,-,,,,,,,,,,,,,,,,,
4-アミノベンズアミド,FALSE,FALSE,FALSE,FALSE,FALSE,FALSE,TRUE,FALSE,FALSE,FALSE,FALSE,FALSE,FALSE,FALSE,FALSE,FALSE,東京化成工業株式会社,-, 2835-68-9,25,g,1,0,,,,,4-アミノベンズアミド,,,4-Aminobenzamide,,,東京化成工業株式会社,,-,-,25,g,g,1,-,-,-,-,,,, 2835-68-9,ARSKG,A0631,4100,,,,,,,,単位管理,Unit Management,－,－,-,-,,,-,-,,,,,,,,,,,,,,,,,
4-アミノ安息香酸,TRUE,FALSE,FALSE,FALSE,FALSE,FALSE,FALSE,FALSE,FALSE,TRUE,FALSE,FALSE,FALSE,FALSE,FALSE,FALSE,東京化成工業株式会社,-, 150-13-0,25,g,1,0,,,,,4-アミノ安息香酸,,,4-Aminobenzoic Acid,,,東京化成工業株式会社,,-,-,25,g,g,1,-,-,-,-,,,, 150-13-0,AHQKG,A0269,2200,,,,,,,,単位管理,Unit Management,－,－,-,-,,,-,-,,,,,,,,,,,,,,,,,
4-イソプロピルアンチピリン,FALSE,FALSE,FALSE,FALSE,FALSE,FALSE,FALSE,TRUE,FALSE,FALSE,FALSE,FALSE,FALSE,FALSE,FALSE,FALSE,東京化成工業株式会社,-, 479-92-5,25,g,1,0,,,,,4-イソプロピルアンチピリン,,,4-Isopropylantipyrine,,,東京化成工業株式会社,,-,-,25,g,g,1,-,-,-,-,,,, 479-92-5,SAEKG,I0656,3900,,,,,,,,単位管理,Unit Management,－,－,-,-,,,-,-,,,,,,,,,,,,,,,,,
4-エチルピリジン,FALSE,FALSE,FALSE,FALSE,FALSE,TRUE,FALSE,FALSE,TRUE,FALSE,FALSE,FALSE,FALSE,FALSE,FALSE,FALSE,東京化成工業株式会社,-, 536-75-4,25,ml,6,0,,,,,4-エチルピリジン,,,4-Ethylpyridine,,,東京化成工業株式会社,,-,-,25,ml,ml,0.94,-,-,-,-,,,, 536-75-4,FCYKM,E0170,13100,,,,,,,,単位管理,Unit Management,－,－,-,-,,,-,-,,,,,,,,,,,,,,,,,
4-クロロ-3-ニトロクマリン,FALSE,FALSE,TRUE,FALSE,FALSE,FALSE,FALSE,FALSE,FALSE,FALSE,FALSE,FALSE,FALSE,FALSE,FALSE,FALSE,東京化成工業株式会社,-, 38464-20-9,5,g,2,0,,,,,4-クロロ-3-ニトロクマリン,,,4-Chloro-3-nitrocoumarin,,,東京化成工業株式会社,,-,-,5,g,g,1,-,-,-,-,,,, 38464-20-9,PPOEG,C1691,6000,,,,,,,,単位管理,Unit Management,－,－,-,-,,,-,-,,,,,,,,,,,,,,,,,
4-クロロアニリン,FALSE,FALSE,FALSE,FALSE,FALSE,FALSE,FALSE,FALSE,FALSE,FALSE,FALSE,FALSE,TRUE,FALSE,FALSE,FALSE,東京化成工業株式会社,-, 106-47-8,25,g,1,0,,,,,4-クロロアニリン,,,4-Chloroaniline,,,東京化成工業株式会社,,-,-,25,g,g,1,-,-,-,-,1,89,100, 106-47-8,CL8KG,C0112,2200,,,,,,,,単位管理,Unit Management,－,－,-,-,,,-,-,,,,,,,,,,,,,,,,,
4-クロロブチロニトリル (25mL),FALSE,FALSE,FALSE,FALSE,FALSE,FALSE,FALSE,FALSE,FALSE,FALSE,TRUE,FALSE,FALSE,FALSE,FALSE,FALSE,和光純薬工業(株),和光一級, 628-20-6,25,ml,2,0,,,,,4-クロロブチロニトリル (25mL),,,4-Chlorobutyronitrile,,,和光純薬工業(株),,和光一級,,25,ml,ml,1.158,室温,,-,-,,,, 628-20-6,4.99E+12,034-14732,2600,C4H6ClN,-,-,無色～わずかにうすい黄色、澄明の液体,98+%(Capillary GC),103.55,bp. 195～197℃,単位管理,Unit Management,本,本,-,-,,,-,-,,,,,,,,,,,,,,,,,
4-クロロベンジルブロミド,FALSE,FALSE,FALSE,FALSE,FALSE,FALSE,FALSE,TRUE,FALSE,FALSE,FALSE,FALSE,FALSE,FALSE,FALSE,FALSE,東京化成工業株式会社,-, 622-95-7,5,g,1,0,,,,,4-クロロベンジルブロミド,,,4-Chlorobenzyl Bromide,,,東京化成工業株式会社,,-,-,5,g,g,1,冷蔵貯蔵,,-,-,,,, 622-95-7,BR7EG,B0576,4500,,,,,,,,単位管理,Unit Management,－,－,-,-,,,-,-,,,,,,,,,,,,,,,,,
4-ジメチルアミノピリジン,TRUE,FALSE,FALSE,FALSE,FALSE,FALSE,FALSE,FALSE,FALSE,FALSE,FALSE,FALSE,FALSE,FALSE,FALSE,FALSE,東京化成工業株式会社,-, 1122-58-3,25,g,1,0,,,,,4-ジメチルアミノピリジン,,,4-Dimethylaminopyridine,,,東京化成工業株式会社,,-,-,25,g,g,1,-,-,-,-,,,, 1122-58-3,ENJKG,D1450,4700,,,,,,,,単位管理,Unit Management,－,－,-,-,,,-,-,,,,,,,,,,,,,,,,,
4-ジメチルアミノピリジン (25g),FALSE,FALSE,FALSE,FALSE,FALSE,FALSE,FALSE,FALSE,FALSE,FALSE,FALSE,FALSE,TRUE,FALSE,FALSE,FALSE,富士フイルム和光純薬(株),和光特級, 1122-58-3,25,g,0,1,,,,,4-ジメチルアミノピリジン (25g),,,4-Dimethylaminopyridine,,,富士フイルム和光純薬(株),,和光特級,,25,g,g,1,室温,,-,-,,,, 1122-58-3,4.99E+12,042-19212,4850,(CH3)2NC5H4N,,,,99+%(Capillary GC),,mp. 110～114℃ bp. 162℃  (50mmHg),単位管理,Unit Management,－,－,-,-,,,-,-,,,,,,,,,,,,,,,,,
4-スチリルピリジン,FALSE,FALSE,FALSE,FALSE,FALSE,TRUE,FALSE,FALSE,FALSE,FALSE,FALSE,FALSE,FALSE,FALSE,FALSE,FALSE,東京化成工業株式会社,-, 103-31-1,5,g,2,0,,,,,4-スチリルピリジン,,,4-Styrylpyridine,,,東京化成工業株式会社,,-,-,5,g,g,1,-,-,-,-,,,, 103-31-1,PTREG,S0475,21500,,,,,,,,単位管理,Unit Management,－,－,-,-,,,-,-,,,,,,,,,,,,,,,,,
4'-ニトロ-4-ジメチルアミノアゾベンゼン,TRUE,FALSE,FALSE,FALSE,FALSE,FALSE,FALSE,FALSE,FALSE,FALSE,FALSE,FALSE,FALSE,FALSE,FALSE,FALSE,東京化成工業株式会社,-, 2491-74-9,25,g,1,0,,,,,4'-ニトロ-4-ジメチルアミノアゾベンゼン,,,4'-Nitro-4-dimethylaminoazobenzene,,,東京化成工業株式会社,,-,-,25,g,g,1,-,-,-,-,,,, 2491-74-9,H1TKG,N0192,28400,,,,,,,,単位管理,Unit Management,－,－,-,-,,,-,-,,,,,,,,,,,,,,,,,
4-ニトロアニリン,TRUE,FALSE,FALSE,FALSE,FALSE,FALSE,FALSE,FALSE,FALSE,FALSE,FALSE,FALSE,FALSE,FALSE,FALSE,FALSE,東京化成工業株式会社,-, 100-01-6,25,g,1,0,,,,,4-ニトロアニリン,,,4-Nitroaniline,,,東京化成工業株式会社,,-,-,25,g,g,1,-,-,-,-,,,, 100-01-6,HZSKG,N0119,2400,,,,,,,,単位管理,Unit Management,－,－,-,-,,,-,-,,,,,,,,,,,,,,,,,
4-ﾆﾄﾛｲﾐﾀﾞｿﾞｰﾙ,FALSE,FALSE,TRUE,FALSE,FALSE,FALSE,FALSE,FALSE,TRUE,FALSE,FALSE,FALSE,FALSE,FALSE,FALSE,FALSE,Thermo Fisher Scientific Inc.,-, 3034-38-6,25,g,2,0,,,,,4-ﾆﾄﾛｲﾐﾀﾞｿﾞｰﾙ,,,4-Nitroimidazole,,,Thermo Fisher Scientific Inc.,,-,-,25,g,g,1,-,-,-,-,,,, 3034-38-6,,16160-1A,5500,C3H3N3O2,-,-,,,113.0751,mp.303℃(dec.),単位管理,Unit Management,－,－,-,-,,,-,-,,,,,,,,,C3／H3／N3／O2,,,,,,,,
4-ニトロフェノール,FALSE,FALSE,FALSE,FALSE,FALSE,FALSE,FALSE,FALSE,FALSE,FALSE,FALSE,FALSE,TRUE,FALSE,FALSE,FALSE,東京化成工業株式会社,-, 100-02-7,25,g,1,0,,,,,4-ニトロフェノール,,,4-Nitrophenol,,,東京化成工業株式会社,,-,-,25,g,g,1,-,-,-,-,,,, 100-02-7,H2LKG,N0220,2000,,,,,,,,単位管理,Unit Management,－,－,-,-,,,-,-,,,,,,,,,,,,,,,,,
4-ニトロベンジルブロミド,FALSE,FALSE,FALSE,FALSE,FALSE,FALSE,FALSE,FALSE,FALSE,FALSE,FALSE,FALSE,TRUE,FALSE,FALSE,FALSE,東京化成工業株式会社,-, 100-11-8,25,g,1,0,,,,,4-ニトロベンジルブロミド,,,4-Nitrobenzyl Bromide,,,東京化成工業株式会社,,-,-,25,g,g,1,-,-,-,-,,,, 100-11-8,H1IKG,N0181,5600,,,,,,,,単位管理,Unit Management,－,－,-,-,,,-,-,,,,,,,,,,,,,,,,,
4-ニトロベンズアルデヒド,TRUE,FALSE,FALSE,FALSE,FALSE,TRUE,FALSE,FALSE,FALSE,FALSE,FALSE,FALSE,FALSE,FALSE,FALSE,FALSE,東京化成工業株式会社,-, 555-16-8,25,g,1,0,,,,,4-ニトロベンズアルデヒド,,,4-Nitrobenzaldehyde,,,東京化成工業株式会社,,-,-,25,g,g,1,-,-,-,-,,,, 555-16-8,IBYKG,N0559,4800,,,,,,,,単位管理,Unit Management,－,－,-,-,,,-,-,,,,,,,,,,,,,,,,,
4-ヒドロキシ-3-ニトロソ-1-ナフタレンスルホン酸,TRUE,FALSE,FALSE,FALSE,FALSE,FALSE,FALSE,FALSE,FALSE,FALSE,FALSE,FALSE,FALSE,FALSE,FALSE,FALSE,東京化成工業株式会社,-, 3682-32-4,5,g,1,0,,,,,4-ヒドロキシ-3-ニトロソ-1-ナフタレンスルホン酸,,,4-Hydroxy-3-nitroso-1-naphthalenesulfonic Acid,,,東京化成工業株式会社,,-,-,5,g,g,1,-,-,-,-,,,, 3682-32-4,H3YEG,N0269,5200,,,,,,,,単位管理,Unit Management,－,－,-,-,,,-,-,,,,,,,,,,,,,,,,,
"4-ヒドロキシ-3-ニトロピリジン, 98% (5G)",FALSE,FALSE,TRUE,FALSE,FALSE,FALSE,FALSE,FALSE,FALSE,FALSE,FALSE,FALSE,FALSE,FALSE,FALSE,FALSE,Avocado Research Chemicals Ltd. (和光純薬取扱),-, 15590-90-6,5,g,0,1,,,,,"4-ヒドロキシ-3-ニトロピリジン, 98% (5G)",,,"4-Hydroxy-3-nitropyridine, 98%",,,Avocado Research Chemicals Ltd. (和光純薬取扱),,-,-,5,g,g,1,-,-,-,-,,,, 15590-90-6,,B20963,5400,,-,-,,,,,単位管理,Unit Management,本,本,-,-,,,-,-,,,,,,,,,,,,,,,,,
4-ヒドロキシ-6-メチル-3-ニトロ-2-ピリドン,TRUE,FALSE,FALSE,FALSE,FALSE,FALSE,FALSE,FALSE,FALSE,FALSE,FALSE,FALSE,FALSE,FALSE,FALSE,FALSE,東京化成工業株式会社,-, 4966-90-9,5,g,1,0,,,,,4-ヒドロキシ-6-メチル-3-ニトロ-2-ピリドン,,,4-Hydroxy-6-methyl-3-nitro-2-pyridone,,,東京化成工業株式会社,,-,-,5,g,g,1,-,-,-,-,,,, 4966-90-9,NX5EG,H0921,2300,,,,,,,,単位管理,Unit Management,－,－,-,-,,,-,-,,,,,,,,,,,,,,,,,
4-ヒドロキシイソフタルアルデヒド,TRUE,FALSE,FALSE,FALSE,FALSE,FALSE,FALSE,FALSE,FALSE,FALSE,FALSE,FALSE,FALSE,FALSE,FALSE,FALSE,東京化成工業株式会社,-, 3328-70-9,1,g,1,0,,,,,4-ヒドロキシイソフタルアルデヒド,,,4-Hydroxyisophthalaldehyde,,,東京化成工業株式会社,,-,-,1,g,g,1,-,-,-,-,,,, 3328-70-9,FSLBG,F0310,12900,,,,,,,,単位管理,Unit Management,－,－,-,-,,,-,-,,,,,,,,,,,,,,,,,
4-ﾋﾄﾞﾛｷｼﾋﾟﾘｼﾞﾝ,TRUE,FALSE,FALSE,FALSE,FALSE,FALSE,FALSE,FALSE,FALSE,FALSE,FALSE,FALSE,FALSE,FALSE,FALSE,FALSE,東京化成工業株式会社,ＥＰ, 626-64-2,10,g,0,1,,,,,4-ﾋﾄﾞﾛｷｼﾋﾟﾘｼﾞﾝ,,,4-Hydroxypyridine,,,東京化成工業株式会社,,ＥＰ,,10,g,g,1,-,-,-,-,,,, 626-64-2,F8SFG,H0332,4300,,-,-,,,,,単位管理,Unit Management,本,本,-,-,,,-,-,,,,,,,,,,,,,,,,,
4-ヒドロキシベンズアルデヒド,FALSE,FALSE,FALSE,FALSE,TRUE,FALSE,FALSE,FALSE,FALSE,FALSE,FALSE,FALSE,FALSE,FALSE,FALSE,FALSE,東京化成工業株式会社,-, 123-08-0,25,g,1,0,,,,,4-ヒドロキシベンズアルデヒド,,,4-Hydroxybenzaldehyde,,,東京化成工業株式会社,,-,-,25,g,g,1,-,-,-,-,,,, 123-08-0,F42KG,H0198,2100,,,,,,,,単位管理,Unit Management,－,－,-,-,,,-,-,,,,,,,,,,,,,,,,,
4-ヒドロキシベンゼンスルホンアミド,TRUE,FALSE,FALSE,FALSE,FALSE,FALSE,FALSE,FALSE,FALSE,FALSE,FALSE,FALSE,FALSE,FALSE,FALSE,FALSE,東京化成工業株式会社,-, 1576-43-8,5,g,1,0,,,,,4-ヒドロキシベンゼンスルホンアミド,,,4-Hydroxybenzenesulfonamide,,,東京化成工業株式会社,,-,-,5,g,g,1,-,-,-,-,,,, 1576-43-8,F8OEG,H0328,4500,,,,,,,,単位管理,Unit Management,－,－,-,-,,,-,-,,,,,,,,,,,,,,,,,
4-ヒドロキシベンゾフェノン,FALSE,FALSE,FALSE,FALSE,FALSE,FALSE,FALSE,FALSE,FALSE,FALSE,FALSE,FALSE,TRUE,FALSE,FALSE,FALSE,東京化成工業株式会社,-, 1137-42-4,25,g,0,1,,,,,4-ヒドロキシベンゾフェノン,,,4-Hydroxybenzophenone,,,東京化成工業株式会社,,-,-,25,g,g,1,-,-,-,-,,,, 1137-42-4,F5QKG,H0222,2600,,,,,,,,単位管理,Unit Management,－,－,-,-,,,-,-,,,,,,,,,,,,,,,,,
4-ﾋﾄﾞﾛｷｼ安息香酸 ﾒﾁﾙ,TRUE,FALSE,FALSE,FALSE,FALSE,FALSE,FALSE,FALSE,FALSE,FALSE,FALSE,FALSE,FALSE,FALSE,FALSE,FALSE,東京化成工業株式会社,有機化合物, 99-76-3,25,g,1,1,,,,,4-ﾋﾄﾞﾛｷｼ安息香酸 ﾒﾁﾙ,Methyl 4-Hydroxybenzoate,,4-Hydroxybenzoic Acid Methyl Ester,,,東京化成工業株式会社,,有機化合物,,25,g,g,1,-,-,-,-,2,334,100, 99-76-3,F5KKG,H0216,1000,HOC6H4CO2CH3,ガラスビン,,,＞99.0％,152.15,,単位管理,Unit Management,本,本,-,-,,,-,-,10,,,,ｙ,,,,C8／H8／O3,,,,,,,,
4-ヒドロキシ安息香酸ブチル,TRUE,FALSE,FALSE,FALSE,FALSE,FALSE,FALSE,FALSE,FALSE,FALSE,FALSE,FALSE,FALSE,FALSE,FALSE,FALSE,東京化成工業株式会社,-, 94-26-8,25,g,1,0,,,,,4-ヒドロキシ安息香酸ブチル,,,Butyl 4-Hydroxybenzoate,,,東京化成工業株式会社,,-,-,25,g,g,1,-,-,-,-,,,, 94-26-8,F5EKG,H0210,2100,,,,,,,,単位管理,Unit Management,－,－,-,-,,,-,-,,,,,,,,,,,,,,,,,
4-ヒドロキシ安息香酸プロピル,FALSE,TRUE,FALSE,FALSE,FALSE,FALSE,FALSE,FALSE,FALSE,FALSE,FALSE,FALSE,FALSE,FALSE,FALSE,FALSE,東京化成工業株式会社,-, 94-13-3,25,g,1,0,,,,,4-ヒドロキシ安息香酸プロピル,,,Propyl 4-Hydroxybenzoate,,,東京化成工業株式会社,,-,-,25,g,g,1,-,-,-,-,2,794,100, 94-13-3,F5NKG,H0219,2100,,,,,,,,単位管理,Unit Management,－,－,-,-,,,-,-,,,,,,,,,,,,,,,,,
4-ヒドロキシ安息香酸ヘプチル,TRUE,FALSE,FALSE,FALSE,FALSE,FALSE,FALSE,FALSE,FALSE,FALSE,FALSE,FALSE,FALSE,FALSE,FALSE,FALSE,東京化成工業株式会社,-, 1085-12-7,25,g,1,0,,,,,4-ヒドロキシ安息香酸ヘプチル,,,Heptyl 4-Hydroxybenzoate,,,東京化成工業株式会社,,-,-,25,g,g,1,-,-,-,-,,,, 1085-12-7,F5GKG,H0212,5100,,,,,,,,単位管理,Unit Management,－,－,-,-,,,-,-,,,,,,,,,,,,,,,,,
4-ビニルピリジン,FALSE,FALSE,FALSE,FALSE,FALSE,TRUE,FALSE,FALSE,FALSE,FALSE,FALSE,FALSE,FALSE,FALSE,FALSE,FALSE,東京化成工業株式会社,ＥＰ, 100-43-6,25,ml,1,0,,,,,4-ビニルピリジン,,,4-Vinylpyridine (stabilized with TBC),,,東京化成工業株式会社,,ＥＰ,,25,ml,ml,0.99,冷蔵貯蔵,,-,-,,,, 100-43-6,LR0KM,V0025,3700,,-,-,,,,,単位管理,Unit Management,本,本,-,-,,,-,-,,,,,,,,,,,,,,,,,
4-ピリジルボロン酸,FALSE,FALSE,FALSE,TRUE,FALSE,FALSE,FALSE,FALSE,FALSE,FALSE,FALSE,FALSE,FALSE,FALSE,FALSE,FALSE,東京化成工業株式会社,-, 1692-15-5,1,g,1,0,,,,,4-ピリジルボロン酸,,,4-Pyridylboronic Acid(contains varying amounts of Anhydride),,,東京化成工業株式会社,,-,-,1,g,g,1,-,-,-,-,1,405,100, 1692-15-5,REEBG,P1594,5800,,,,,,,,単位管理,Unit Management,－,－,-,-,,,-,-,,,,,,,,,,,,,,,,,
4-ピリジルボロン酸,FALSE,FALSE,FALSE,FALSE,FALSE,FALSE,FALSE,FALSE,FALSE,FALSE,TRUE,FALSE,FALSE,FALSE,FALSE,FALSE,東京化成工業株式会社,-, 1692-15-5,5,g,1,0,,,,,4-ピリジルボロン酸,,,4-Pyridylboronic Acid(contains varying amounts of Anhydride),,,東京化成工業株式会社,,-,-,5,g,g,1,-,-,-,-,1,405,100, 1692-15-5,REEEG,P1594,18000,,,,,,,,単位管理,Unit Management,－,－,-,-,,,-,-,,,,,,,,,,,,,,,,,
4-ピリジル酢酸塩酸塩,FALSE,TRUE,FALSE,FALSE,FALSE,FALSE,FALSE,FALSE,FALSE,FALSE,FALSE,FALSE,FALSE,FALSE,FALSE,FALSE,東京化成工業株式会社,-, 6622-91-9,5,g,1,0,,,,,4-ピリジル酢酸塩酸塩,,,4-Pyridylacetic Acid Hydrochloride,,,東京化成工業株式会社,,-,-,5,g,g,1,-,-,-,-,,,, 6622-91-9,N0UEG,P1317,7200,,,,,,,,単位管理,Unit Management,－,－,-,-,,,-,-,,,,,,,,,,,,,,,,,
4-ピリジンカルボキシアルデヒド,TRUE,TRUE,FALSE,FALSE,FALSE,FALSE,FALSE,FALSE,FALSE,FALSE,FALSE,FALSE,FALSE,FALSE,FALSE,FALSE,東京化成工業株式会社,-, 872-85-5,25,ml,2,0,,,,,4-ピリジンカルボキシアルデヒド,,,4-Pyridinecarboxaldehyde,,,東京化成工業株式会社,,-,-,25,ml,ml,1.14,-,-,-,-,,,, 872-85-5,GPJKM,I0143,6800,,,,,,,,単位管理,Unit Management,－,－,-,-,,,-,-,,,,,,,,,,,,,,,,,
4-ﾋﾟﾘｼﾞﾝｶﾙﾎﾞｷｼｱﾙﾃﾞﾋﾄﾞ,FALSE,FALSE,FALSE,FALSE,FALSE,FALSE,FALSE,FALSE,FALSE,FALSE,FALSE,FALSE,TRUE,FALSE,FALSE,FALSE,Aldrich,-, 872-85-5,25,g,1,0,,,,,4-ﾋﾟﾘｼﾞﾝｶﾙﾎﾞｷｼｱﾙﾃﾞﾋﾄﾞ,,,"4-Pyridinecarboxaldehyde, 97%",,,Aldrich,,-,-,25,g,g,1.137,冷蔵貯蔵,,-,-,,,, 872-85-5,,P62402,,,,,,,,,単位管理,Unit Management,－,－,-,-,,,-,-,,,,,,,,,,,,,,,,,
4-ピリジンメタノール,FALSE,FALSE,FALSE,FALSE,FALSE,TRUE,FALSE,FALSE,FALSE,FALSE,FALSE,FALSE,FALSE,FALSE,FALSE,FALSE,東京化成工業株式会社,-, 586-95-8,25,g,1,0,,,,,4-ピリジンメタノール,,,4-Pyridinemethanol,,,東京化成工業株式会社,,-,-,25,g,g,1,-,-,-,-,,,, 586-95-8,I29KG,P0751,9900,,,,,,,,単位管理,Unit Management,－,－,-,-,,,-,-,,,,,,,,,,,,,,,,,
4-ピロリジノピリジン,FALSE,FALSE,TRUE,FALSE,FALSE,FALSE,FALSE,FALSE,FALSE,FALSE,FALSE,FALSE,FALSE,FALSE,FALSE,FALSE,東京化成工業株式会社,-, 2456-81-7,5,g,1,0,,,,,4-ピロリジノピリジン,,,4-Pyrrolidinopyridine,,,東京化成工業株式会社,,-,-,5,g,g,1,-,-,-,-,,,, 2456-81-7,I8HEG,P0939,5700,,,,,,,,単位管理,Unit Management,－,－,-,-,,,-,-,,,,,,,,,,,,,,,,,
4-フェニルイミダゾール,FALSE,FALSE,TRUE,FALSE,FALSE,FALSE,FALSE,FALSE,FALSE,FALSE,FALSE,FALSE,FALSE,FALSE,FALSE,FALSE,東京化成工業株式会社,-, 670-95-1,5,g,1,0,,,,,4-フェニルイミダゾール,,,4-Phenylimidazole,,,東京化成工業株式会社,,-,-,5,g,g,1,-,-,-,-,,,, 670-95-1,I6REG,P0877,14200,,,,,,,,単位管理,Unit Management,－,－,-,-,,,-,-,,,,,,,,,,,,,,,,,
4-フルオロベンジルブロミド,FALSE,FALSE,FALSE,FALSE,TRUE,FALSE,FALSE,FALSE,FALSE,FALSE,FALSE,TRUE,FALSE,FALSE,FALSE,FALSE,東京化成工業株式会社,-, 459-46-1,5,g,1,0,,,,,4-フルオロベンジルブロミド,,,4-Fluorobenzyl Bromide,,,東京化成工業株式会社,,-,-,5,g,g,1.54,-,-,-,-,,,, 459-46-1,FPXEG,F0214,3500,,,,,,,,単位管理,Unit Management,－,－,-,-,,,-,-,,,,,,,,,,,,,,,,,
4-プロピルピリジン,FALSE,FALSE,FALSE,FALSE,FALSE,FALSE,FALSE,FALSE,FALSE,FALSE,TRUE,FALSE,FALSE,FALSE,FALSE,FALSE,東京化成工業株式会社,-, 1122-81-2,25,ml,1,0,,,,,4-プロピルピリジン,,,4-Propylpyridine,,,東京化成工業株式会社,,-,-,25,ml,ml,0.93,-,-,-,-,,,, 1122-81-2,I0ZKM,P0669,18100,,,,,,,,単位管理,Unit Management,－,－,-,-,,,-,-,,,,,,,,,,,,,,,,,
"4-ブロモ-2,2-ジフェニルブチロニトリル",TRUE,FALSE,FALSE,FALSE,FALSE,FALSE,TRUE,FALSE,FALSE,FALSE,FALSE,FALSE,FALSE,FALSE,FALSE,FALSE,東京化成工業株式会社,-, 39186-58-8,25,g,4,0,,,,,"4-ブロモ-2,2-ジフェニルブチロニトリル",,,"4-Bromo-2,2-diphenylbutyronitrile",,,東京化成工業株式会社,,-,-,25,g,g,1,-,-,-,-,,,, 39186-58-8,CC5KG,B1331,4200,,,,,,,,単位管理,Unit Management,－,－,-,-,,,-,-,,,,,,,,,,,,,,,,,
4-ブロモアニリン,TRUE,FALSE,FALSE,FALSE,FALSE,FALSE,FALSE,FALSE,FALSE,FALSE,FALSE,FALSE,TRUE,FALSE,FALSE,FALSE,東京化成工業株式会社,-, 106-40-1,25,g,2,0,,,,,4-ブロモアニリン,,,4-Bromoaniline,,,東京化成工業株式会社,,-,-,25,g,g,1,-,-,-,-,,,, 106-40-1,CEUKG,B1393,4900,,,,,,,,単位管理,Unit Management,－,－,-,-,,,-,-,,,,,,,,,,,,,,,,,
4-ブロモブチロニトリル,FALSE,FALSE,FALSE,FALSE,FALSE,FALSE,TRUE,FALSE,FALSE,FALSE,FALSE,FALSE,FALSE,FALSE,FALSE,FALSE,東京化成工業株式会社,-, 5332-06-9,25,g,3,0,,,,,4-ブロモブチロニトリル,,,4-Bromobutyronitrile,,,東京化成工業株式会社,,-,-,25,g,g,1.49,-,-,-,-,,,, 5332-06-9,BRWKG,B0565,11900,,,,,,,,単位管理,Unit Management,－,－,-,-,,,-,-,,,,,,,,,,,,,,,,,
4-ブロモベンジルブロミド,FALSE,FALSE,FALSE,FALSE,FALSE,FALSE,FALSE,FALSE,FALSE,FALSE,FALSE,TRUE,FALSE,FALSE,FALSE,FALSE,東京化成工業株式会社,-, 589-15-1,25,g,1,0,,,,,4-ブロモベンジルブロミド,,,4-Bromobenzyl Bromide,,,東京化成工業株式会社,,-,-,25,g,g,1,-,-,-,-,,,, 589-15-1,B31KG,B1002,4800,,,,,,,,単位管理,Unit Management,－,－,-,-,,,-,-,,,,,,,,,,,,,,,,,
4-ベンゾイル安息香酸,FALSE,FALSE,FALSE,FALSE,FALSE,FALSE,FALSE,FALSE,FALSE,TRUE,FALSE,FALSE,FALSE,FALSE,FALSE,FALSE,東京化成工業株式会社,-, 611-95-0,5,g,1,0,,,,,4-ベンゾイル安息香酸,,,4-Benzoylbenzoic Acid,,,東京化成工業株式会社,,-,-,5,g,g,1,-,-,-,-,,,, 611-95-0,B8IEG,B1164,8200,,,,,,,,単位管理,Unit Management,－,－,-,-,,,-,-,,,,,,,,,,,,,,,,,
4-メチル-2-フェニルイミダゾール,FALSE,FALSE,TRUE,FALSE,FALSE,FALSE,FALSE,FALSE,FALSE,FALSE,FALSE,FALSE,FALSE,FALSE,FALSE,FALSE,東京化成工業株式会社,-, 827-43-0,25,g,1,0,,,,,4-メチル-2-フェニルイミダゾール,,,4-Methyl-2-phenylimidazole,,,東京化成工業株式会社,,-,-,25,g,g,1,-,-,-,-,,,, 827-43-0,HK4KG,M0669,4500,,,,,,,,単位管理,Unit Management,－,－,-,-,,,-,-,,,,,,,,,,,,,,,,,
4-メチル-2-ペンタノン,FALSE,FALSE,FALSE,FALSE,FALSE,FALSE,FALSE,FALSE,FALSE,FALSE,TRUE,FALSE,FALSE,FALSE,FALSE,FALSE,東京化成工業株式会社,-, 108-10-1,25,ml,1,0,,,,,4-メチル-2-ペンタノン,,,4-Methyl-2-pentanone,,,東京化成工業株式会社,,-,-,25,ml,ml,0.8,-,-,-,-,1,737,100, 108-10-1,HDCKM,M0389,1900,,,,,,,,単位管理,Unit Management,－,－,-,-,,,-,-,,,,,,,,,,,,,,,,,
4-メチルイミダゾール (25g),TRUE,FALSE,FALSE,FALSE,FALSE,FALSE,FALSE,FALSE,FALSE,FALSE,FALSE,FALSE,FALSE,FALSE,FALSE,FALSE,富士フイルム和光純薬(株),和光一級, 822-36-6,25,g,1,0,,,,,4-メチルイミダゾール (25g),,,4-Methylimidazole,,,富士フイルム和光純薬(株),,和光一級,,25,g,g,1,室温,,-,-,,,, 822-36-6,4.99E+12,132-11202,4570,C4H6N2,,,,97+%(Titration),,mp. 53.4℃ bp. 263℃,単位管理,Unit Management,－,－,-,-,,,-,-,,,,,,,,,,,,,,,,,
4-ﾒﾁﾙｶﾃｺｰﾙ,TRUE,FALSE,FALSE,FALSE,FALSE,FALSE,FALSE,FALSE,FALSE,FALSE,FALSE,FALSE,FALSE,FALSE,FALSE,FALSE,Aldrich,-, 452-86-8,100,g,1,0,,,,,4-ﾒﾁﾙｶﾃｺｰﾙ,,,"4-Methylcatechol, >=95%",,,Aldrich,,-,-,100,g,g,1.129,室温,,-,-,,,, 452-86-8,,M34200,,,,,,,,,単位管理,Unit Management,－,－,-,-,,,-,-,,,,,,,,,,,,,,,,,
4-メチルピリジン,FALSE,FALSE,FALSE,FALSE,FALSE,FALSE,FALSE,FALSE,FALSE,FALSE,TRUE,FALSE,FALSE,FALSE,FALSE,FALSE,東京化成工業株式会社,-, 108-89-4,500,ml,1,0,,,,,4-メチルピリジン,,,4-Methylpyridine,,,東京化成工業株式会社,,-,-,500,ml,ml,0.96,-,-,-,-,,,, 108-89-4,ITZYM,P0417,4000,,,,,,,,単位管理,Unit Management,－,－,-,-,,,-,-,,,,,,,,,,,,,,,,,
4-メトキシベンジルアミン,FALSE,FALSE,FALSE,FALSE,FALSE,FALSE,FALSE,FALSE,FALSE,TRUE,FALSE,FALSE,FALSE,FALSE,FALSE,FALSE,東京化成工業株式会社,-, 2393-23-9,25,ml,0,1,,,,,4-メトキシベンジルアミン,,,4-Methoxybenzylamine,,,東京化成工業株式会社,,-,-,25,ml,ml,1,冷暗貯蔵・密閉,,-,-,,,, 2393-23-9,,M0870,,,ガラスビン,,,,137.18,,単位管理,Unit Management,－,－,-,-,,,-,-,0,,99,99,,,,,C8／H11／N1／O1,,,,,,,,
4-メルカプトピリジン,FALSE,FALSE,FALSE,FALSE,FALSE,TRUE,FALSE,FALSE,FALSE,FALSE,FALSE,FALSE,FALSE,FALSE,FALSE,FALSE,東京化成工業株式会社,-, 4556-23-4,5,g,1,0,,,,,4-メルカプトピリジン,,,4-Mercaptopyridine,,,東京化成工業株式会社,,-,-,5,g,g,1,冷凍貯蔵,,-,-,,,, 4556-23-4,HJ1EG,M0630,7300,,,,,,,,単位管理,Unit Management,－,－,-,-,,,-,-,,,,,,,,,,,,,,,,,
4'-ヨードアセトフェノン,TRUE,FALSE,FALSE,FALSE,FALSE,FALSE,FALSE,FALSE,FALSE,FALSE,FALSE,FALSE,FALSE,FALSE,FALSE,FALSE,東京化成工業株式会社,-, 13329-40-3,5,g,1,0,,,,,4'-ヨードアセトフェノン,,,4'-Iodoacetophenone,,,東京化成工業株式会社,,-,-,5,g,g,1,-,-,-,-,,,, 13329-40-3,GT1EG,I0305,3100,,,,,,,,単位管理,Unit Management,－,－,-,-,,,-,-,,,,,,,,,,,,,,,,,
4-ヨードアニリン,FALSE,TRUE,FALSE,FALSE,FALSE,FALSE,FALSE,FALSE,FALSE,FALSE,FALSE,FALSE,FALSE,FALSE,FALSE,FALSE,東京化成工業株式会社,-, 540-37-4,25,g,1,0,,,,,4-ヨードアニリン,,,4-Iodoaniline,,,東京化成工業株式会社,,-,-,25,g,g,1,-,-,-,-,,,, 540-37-4,GMWKG,I0048,6400,,,,,,,,単位管理,Unit Management,－,－,-,-,,,-,-,,,,,,,,,,,,,,,,,
"5,6-ジヒドロ-2H-ピラン-2-オン",TRUE,FALSE,FALSE,FALSE,FALSE,FALSE,FALSE,FALSE,FALSE,FALSE,FALSE,FALSE,FALSE,FALSE,FALSE,FALSE,東京化成工業株式会社,-, 3393-45-1,1,g,1,0,,,,,"5,6-ジヒドロ-2H-ピラン-2-オン",,,"5,6-Dihydro-2H-pyran-2-one",,,東京化成工業株式会社,,-,-,1,g,g,1.15,-,-,-,-,,,, 3393-45-1,L7UBG,D2261,15500,,,,,,,,単位管理,Unit Management,－,－,-,-,,,-,-,,,,,,,,,,,,,,,,,
5-tert-ブチルイソフタル酸,FALSE,TRUE,FALSE,FALSE,FALSE,FALSE,FALSE,FALSE,FALSE,FALSE,FALSE,FALSE,FALSE,FALSE,FALSE,FALSE,東京化成工業株式会社,-, 2359-09-3,25,g,1,0,,,,,5-tert-ブチルイソフタル酸,,,5-tert-Butylisophthalic Acid,,,東京化成工業株式会社,,-,-,25,g,g,1,-,-,-,-,,,, 2359-09-3,CEHKG,B1380,15800,,,,,,,,単位管理,Unit Management,－,－,-,-,,,-,-,,,,,,,,,,,,,,,,,
"5-アミノ-1,10-フェナントロリン　(1g)",TRUE,FALSE,FALSE,FALSE,FALSE,FALSE,FALSE,FALSE,FALSE,FALSE,FALSE,FALSE,FALSE,FALSE,FALSE,FALSE,各社,, 54258-41-2,1,g,1,0,,,,,"5-アミノ-1,10-フェナントロリン　(1g)",,,"5-Amino-1,10-phenanthroline　(1g)",,,各社,,,,1,g,g,1,乾燥・密閉・冷暗貯蔵,,,,,,, 54258-41-2,,,,C12H9N3,,,固体 形状： 結晶 ～ 粉末 色： わずかにうすい黄色～ くすんだ黄色,,,,単位管理,Unit Management,－,－,-,-,,,-,-,1,0,1,0,,,,,,,,,,,,,
5-アミノ-o-クレゾール,TRUE,FALSE,FALSE,FALSE,FALSE,FALSE,FALSE,FALSE,FALSE,FALSE,FALSE,FALSE,FALSE,FALSE,FALSE,FALSE,東京化成工業株式会社,-, 2835-95-2,25,g,1,0,,,,,5-アミノ-o-クレゾール,,,5-Amino-o-cresol,,,東京化成工業株式会社,,-,-,25,g,g,1,-,-,-,-,,,, 2835-95-2,AZYKG,A0925,3300,,,,,,,,単位管理,Unit Management,－,－,-,-,,,-,-,,,,,,,,,,,,,,,,,
5-アミノイソフタル酸,TRUE,FALSE,FALSE,FALSE,FALSE,FALSE,FALSE,FALSE,FALSE,FALSE,FALSE,FALSE,FALSE,FALSE,FALSE,FALSE,東京化成工業株式会社,-, 99-31-0,25,g,1,0,,,,,5-アミノイソフタル酸,,,5-Aminoisophthalic Acid,,,東京化成工業株式会社,,-,-,25,g,g,1,-,-,-,-,,,, 99-31-0,MCJKG,A1290,2800,,,,,,,,単位管理,Unit Management,－,－,-,-,,,-,-,,,,,,,,,,,,,,,,,
5-アミノイソフタル酸ジメチル,FALSE,FALSE,FALSE,FALSE,FALSE,FALSE,FALSE,FALSE,FALSE,FALSE,FALSE,FALSE,TRUE,FALSE,FALSE,FALSE,東京化成工業株式会社,-, 99-27-4,25,g,1,0,,,,,5-アミノイソフタル酸ジメチル,,,Dimethyl 5-Aminoisophthalate,,,東京化成工業株式会社,,-,-,25,g,g,1,-,-,-,-,,,, 99-27-4,O4EKG,A1586,5000,,,,,,,,単位管理,Unit Management,－,－,-,-,,,-,-,,,,,,,,,,,,,,,,,
5-アミノサリチル酸,TRUE,FALSE,FALSE,FALSE,FALSE,TRUE,FALSE,FALSE,FALSE,FALSE,FALSE,FALSE,FALSE,FALSE,FALSE,FALSE,東京化成工業株式会社,-, 89-57-6,25,g,1,1,,,,,5-アミノサリチル酸,,,5-Aminosalicylic Acid,,,東京化成工業株式会社,,-,-,25,g,g,1,-,-,-,-,,,, 89-57-6,AI2KG,A0317,3900,,,,,,,,単位管理,Unit Management,－,－,-,-,,,-,-,,,,,,,,,,,,,,,,,
5-アミノニコチン酸,TRUE,FALSE,FALSE,FALSE,FALSE,FALSE,FALSE,FALSE,FALSE,FALSE,FALSE,FALSE,FALSE,FALSE,FALSE,FALSE,東京化成工業株式会社,-, 24242-19-1,5,g,2,0,,,,,5-アミノニコチン酸,,,5-Aminonicotinic Acid,,,東京化成工業株式会社,,-,-,5,g,g,1,-,-,-,-,,,, 24242-19-1,S3EEG,A2000,4700,,,,,,,,単位管理,Unit Management,－,－,-,-,,,-,-,,,,,,,,,,,,,,,,,
5-アミノピリミジン,FALSE,FALSE,FALSE,FALSE,TRUE,FALSE,FALSE,FALSE,FALSE,FALSE,FALSE,FALSE,FALSE,FALSE,FALSE,FALSE,東京化成工業株式会社,-, 591-55-9,1,g,1,0,,,,,5-アミノピリミジン,,,5-Aminopyrimidine,,,東京化成工業株式会社,,-,-,1,g,g,1,-,-,-,-,,,, 591-55-9,Y6TBG,A2589,10700,,,,,,,,単位管理,Unit Management,－,－,-,-,,,-,-,,,,,,,,,,,,,,,,,
"5-クロロ-1,3,3-トリメチル-2-メチレンインドリン",FALSE,FALSE,FALSE,TRUE,FALSE,FALSE,FALSE,FALSE,FALSE,FALSE,FALSE,FALSE,FALSE,FALSE,FALSE,FALSE,東京化成工業株式会社,-, 6872-17-9,25,g,1,0,,,,,"5-クロロ-1,3,3-トリメチル-2-メチレンインドリン",,,"5-Chloro-1,3,3-trimethyl-2-methyleneindoline",,,東京化成工業株式会社,,-,-,25,g,g,1.1,-,-,-,-,,,, 6872-17-9,DFTKG,C1177,6000,,,,,,,,単位管理,Unit Management,－,－,-,-,,,-,-,,,,,,,,,,,,,,,,,
5-クロロ-2-ヒドロキシピリジン,TRUE,FALSE,FALSE,FALSE,FALSE,FALSE,FALSE,FALSE,FALSE,FALSE,FALSE,FALSE,FALSE,FALSE,FALSE,FALSE,東京化成工業株式会社,-, 4214-79-3,5,g,1,0,,,,,5-クロロ-2-ヒドロキシピリジン,,,5-Chloro-2-hydroxypyridine,,,東京化成工業株式会社,,-,-,5,g,g,1,-,-,-,-,,,, 4214-79-3,DHPEG,C1245,2800,,,,,,,,単位管理,Unit Management,－,－,-,-,,,-,-,,,,,,,,,,,,,,,,,
5-クロロ-3-フェニルアントラニル (10g),FALSE,FALSE,FALSE,FALSE,FALSE,TRUE,FALSE,FALSE,FALSE,FALSE,FALSE,FALSE,FALSE,FALSE,FALSE,FALSE,Alfa Aesar (Avocado) (和光純薬取扱),-, 719-64-2,10,g,1,0,,,,,5-クロロ-3-フェニルアントラニル (10g),,,5-Chloro-3-phenylanthranil,,,Alfa Aesar (Avocado) (和光純薬取扱),,-,-,10,g,g,1,室温,,-,-,,,, 719-64-2,,B23130,7560,,-,-,,,,mp. 115～117℃,単位管理,Unit Management,本,本,-,-,,,-,-,,,,,,,,,,,,,,,,,
5-クロロサリチルアルデヒド,FALSE,FALSE,FALSE,FALSE,FALSE,FALSE,FALSE,FALSE,FALSE,FALSE,FALSE,FALSE,TRUE,FALSE,FALSE,FALSE,東京化成工業株式会社,-, 635-93-8,5,g,1,0,,,,,5-クロロサリチルアルデヒド,,,5-Chlorosalicylaldehyde,,,東京化成工業株式会社,,-,-,5,g,g,1,-,-,-,-,,,, 635-93-8,C3MEG,C0738,3200,,,,,,,,単位管理,Unit Management,－,－,-,-,,,-,-,,,,,,,,,,,,,,,,,
５－クロロサリチルアルデヒド,TRUE,FALSE,FALSE,FALSE,FALSE,FALSE,FALSE,FALSE,FALSE,FALSE,FALSE,FALSE,FALSE,FALSE,FALSE,FALSE,Aldrich,-, 635-93-8,5,g,1,1,,,,,５－クロロサリチルアルデヒド,,,"5-CHLOROSALICYLALDEHYDE, 98%",,,Aldrich,,-,-,5,g,g,1,室温,,-,-,,,, 635-93-8,,447706,,,-,-,,,,,単位管理,Unit Management,本,本,-,-,,,-,-,,,,,,,,,,,,,,,,,
5-スルホイソフタル酸一ナトリウム,FALSE,TRUE,FALSE,FALSE,FALSE,FALSE,FALSE,FALSE,FALSE,FALSE,FALSE,FALSE,FALSE,FALSE,FALSE,FALSE,東京化成工業株式会社,-, 6362-79-4,25,g,1,0,,,,,5-スルホイソフタル酸一ナトリウム,,,Monosodium 5-Sulfoisophthalate,,,東京化成工業株式会社,,-,-,25,g,g,1,-,-,-,-,,,, 6362-79-4,JLSKG,S0148,2100,,,,,,,,単位管理,Unit Management,－,－,-,-,,,-,-,,,,,,,,,,,,,,,,,
5-ニトロイソフタル酸,FALSE,TRUE,FALSE,FALSE,FALSE,FALSE,FALSE,FALSE,FALSE,FALSE,FALSE,FALSE,TRUE,FALSE,FALSE,FALSE,東京化成工業株式会社,-, 618-88-2,25,g,3,0,,,,,5-ニトロイソフタル酸,,,5-Nitroisophthalic Acid,,,東京化成工業株式会社,,-,-,25,g,g,1,-,-,-,-,,,, 618-88-2,IAXKG,N0520,3500,,,,,,,,単位管理,Unit Management,－,－,-,-,,,-,-,,,,,,,,,,,,,,,,,
5-ニトロウラシル,FALSE,FALSE,FALSE,FALSE,FALSE,FALSE,FALSE,FALSE,FALSE,FALSE,FALSE,FALSE,TRUE,FALSE,FALSE,FALSE,東京化成工業株式会社,-, 611-08-5,5,g,1,0,,,,,5-ニトロウラシル,,,5-Nitrouracil,,,東京化成工業株式会社,,-,-,5,g,g,1,-,-,-,-,,,, 611-08-5,H4AEG,N0281,2000,,,,,,,,単位管理,Unit Management,－,－,-,-,,,-,-,,,,,,,,,,,,,,,,,
5-フルオロウラシル,FALSE,FALSE,FALSE,FALSE,FALSE,FALSE,FALSE,FALSE,FALSE,FALSE,FALSE,FALSE,TRUE,FALSE,FALSE,FALSE,東京化成工業株式会社,-, 51-21-8,5,g,1,0,,,,,5-フルオロウラシル,,,5-Fluorouracil,,,東京化成工業株式会社,,-,-,5,g,g,1,-,-,-,-,,,, 51-21-8,FN6EG,F0151,3500,,,,,,,,単位管理,Unit Management,－,－,-,-,,,-,-,,,,,,,,,,,,,,,,,
5-ﾌﾞﾛﾓｻﾘﾁﾙｱﾙﾃﾞﾋﾄﾞ,TRUE,FALSE,FALSE,FALSE,FALSE,FALSE,FALSE,FALSE,FALSE,FALSE,FALSE,FALSE,FALSE,FALSE,FALSE,FALSE,関東化学株式会社,-, 1761-61-1,25,g,1,0,,,,,5-ﾌﾞﾛﾓｻﾘﾁﾙｱﾙﾃﾞﾋﾄﾞ,,,5-Bromosalicylaldehyde,,,関東化学株式会社,"Kanto Chemical Co., Inc.",-,-,25,g,g,1,-,-,-,-,,,, 1761-61-1,0474832S,04748-32,3400,C7H5BrO2,ガラスビン,,,>97.0%(HLC),201.0169,mp.103℃～107℃,単位管理,Unit Management,－,－,-,-,,,-,-,,,,,,,,,BR1／C7／H5／O2,,,,,,,,
5-ブロモニコチン酸,TRUE,FALSE,FALSE,FALSE,FALSE,FALSE,FALSE,FALSE,FALSE,FALSE,FALSE,FALSE,FALSE,FALSE,FALSE,FALSE,東京化成工業株式会社,-, 20826-04-4,25,g,2,0,,,,,5-ブロモニコチン酸,,,5-Bromonicotinic Acid,,,東京化成工業株式会社,,-,-,25,g,g,1,-,-,-,-,,,, 20826-04-4,NJ1KG,B1818,6200,,,,,,,,単位管理,Unit Management,－,－,-,-,,,-,-,,,,,,,,,,,,,,,,,
5-ブロモバレロニトリル,FALSE,FALSE,FALSE,FALSE,FALSE,FALSE,TRUE,FALSE,FALSE,FALSE,FALSE,FALSE,FALSE,FALSE,FALSE,FALSE,東京化成工業株式会社,-, 5414-21-1,25,g,4,0,,,,,5-ブロモバレロニトリル,,,5-Bromovaleronitrile,,,東京化成工業株式会社,,-,-,25,g,g,1.4,-,-,-,-,,,, 5414-21-1,CGIKG,B1453,13300,,,,,,,,単位管理,Unit Management,－,－,-,-,,,-,-,,,,,,,,,,,,,,,,,
5-メチルサリチルアルデヒド,FALSE,FALSE,FALSE,FALSE,FALSE,FALSE,FALSE,FALSE,FALSE,FALSE,FALSE,FALSE,TRUE,FALSE,FALSE,FALSE,東京化成工業株式会社,-, 613-84-3,5,g,3,0,,,,,5-メチルサリチルアルデヒド,,,5-Methylsalicylaldehyde,,,東京化成工業株式会社,,-,-,5,g,g,1,-,-,-,-,,,, 613-84-3,RMGEG,M1676,3500,,,,,,,,単位管理,Unit Management,－,－,-,-,,,-,-,,,,,,,,,,,,,,,,,
5-りん酸ピリドキサール一水和物,FALSE,TRUE,FALSE,FALSE,FALSE,FALSE,FALSE,FALSE,FALSE,FALSE,FALSE,FALSE,FALSE,FALSE,FALSE,FALSE,東京化成工業株式会社,-, 41468-25-1,1,g,1,0,,,,,5-りん酸ピリドキサール一水和物,,,Pyridoxal 5-PhosphateMonohydrate,,,東京化成工業株式会社,,-,-,1,g,g,1,-,-,-,-,,,, 41468-25-1,CTLBG,C0377,3400,,,,,,,,単位管理,Unit Management,－,－,-,-,,,-,-,,,,,,,,,,,,,,,,,
5-りん酸ピリドキサール一水和物,FALSE,TRUE,FALSE,FALSE,FALSE,FALSE,FALSE,FALSE,FALSE,FALSE,FALSE,FALSE,FALSE,FALSE,FALSE,FALSE,東京化成工業株式会社,-, 41468-25-1,25,g,1,0,,,,,5-りん酸ピリドキサール一水和物,,,Pyridoxal 5-PhosphateMonohydrate,,,東京化成工業株式会社,,-,-,25,g,g,1,-,-,-,-,,,, 41468-25-1,CTLKG,C0377,20200,,,,,,,,単位管理,Unit Management,－,－,-,-,,,-,-,,,,,,,,,,,,,,,,,
6-アミノ-2-ナフトエ酸,FALSE,FALSE,FALSE,FALSE,FALSE,FALSE,FALSE,FALSE,FALSE,FALSE,FALSE,FALSE,TRUE,FALSE,FALSE,FALSE,東京化成工業株式会社,-, 116668-47-4,25,g,1,0,,,,,6-アミノ-2-ナフトエ酸,,,6-Amino-2-naphthoic Acid,,,東京化成工業株式会社,,-,-,25,g,g,1,-,-,-,-,,,, 116668-47-4,SJ3KG,A1938,77300,,,,,,,,単位管理,Unit Management,－,－,-,-,,,-,-,,,,,,,,,,,,,,,,,
6-アミノ-m-クレゾール,TRUE,FALSE,FALSE,FALSE,FALSE,FALSE,FALSE,FALSE,FALSE,FALSE,FALSE,FALSE,FALSE,FALSE,FALSE,FALSE,東京化成工業株式会社,-, 2835-98-5,25,g,1,0,,,,,6-アミノ-m-クレゾール,,,6-Amino-m-cresol,,,東京化成工業株式会社,,-,-,25,g,g,1,-,-,-,-,,,, 2835-98-5,AZSKG,A0919,10200,,,,,,,,単位管理,Unit Management,－,－,-,-,,,-,-,,,,,,,,,,,,,,,,,
6-アミノニコチン酸,FALSE,FALSE,FALSE,FALSE,FALSE,FALSE,FALSE,FALSE,FALSE,FALSE,FALSE,FALSE,TRUE,FALSE,FALSE,FALSE,東京化成工業株式会社,-, 3167-49-5,1,g,1,0,,,,,6-アミノニコチン酸,,,6-Aminonicotinic Acid,,,東京化成工業株式会社,,-,-,1,g,g,1,-,-,-,-,,,, 3167-49-5,OFPBG,A1486,2500,,,,,,,,単位管理,Unit Management,－,－,-,-,,,-,-,,,,,,,,,,,,,,,,,
6-ヒドロキシ-1-インダノン,TRUE,FALSE,FALSE,FALSE,FALSE,FALSE,FALSE,FALSE,FALSE,FALSE,FALSE,FALSE,FALSE,FALSE,FALSE,FALSE,東京化成工業株式会社,-, 62803-47-8,5,g,1,0,,,,,6-ヒドロキシ-1-インダノン,,,6-Hydroxy-1-indanone,,,東京化成工業株式会社,,-,-,5,g,g,1,-,-,-,-,,,, 62803-47-8,WMJEG,H1310,19900,,,,,,,,単位管理,Unit Management,－,－,-,-,,,-,-,,,,,,,,,,,,,,,,,
6-ヒドロキシ-2-ナフトエ酸,TRUE,FALSE,FALSE,FALSE,FALSE,FALSE,FALSE,FALSE,FALSE,FALSE,FALSE,FALSE,FALSE,FALSE,FALSE,FALSE,東京化成工業株式会社,-, 16712-64-4,5,g,1,0,,,,,6-ヒドロキシ-2-ナフトエ酸,,,6-Hydroxy-2-naphthoic Acid,,,東京化成工業株式会社,,-,-,5,g,g,1,-,-,-,-,,,, 16712-64-4,GGKEG,H0612,2000,,,,,,,,単位管理,Unit Management,－,－,-,-,,,-,-,,,,,,,,,,,,,,,,,
6-ヒドロキシクマリン,TRUE,FALSE,FALSE,FALSE,FALSE,FALSE,FALSE,FALSE,FALSE,FALSE,FALSE,FALSE,FALSE,FALSE,FALSE,FALSE,東京化成工業株式会社,-, 6093-68-1,5,g,1,0,,,,,6-ヒドロキシクマリン,,,6-Hydroxycoumarin,,,東京化成工業株式会社,,-,-,5,g,g,1,-,-,,,,,, 6093-68-1,WXUEG,H1327,7100,,,,,,,,単位管理,Unit Management,－,－,-,-,,,-,-,,,,,,,,,,,,,,,,,
6-ヒドロキシニコチン酸,TRUE,FALSE,FALSE,FALSE,FALSE,FALSE,FALSE,FALSE,FALSE,FALSE,FALSE,FALSE,FALSE,FALSE,FALSE,FALSE,東京化成工業株式会社,-, 5006-66-6,25,g,0,1,,,,,6-ヒドロキシニコチン酸,,,6-Hydroxynicotinic Acid,,,東京化成工業株式会社,,-,-,25,g,g,1,-,-,-,-,,,, 5006-66-6,GG5KG,H0633,21600,,,,,,,,単位管理,Unit Management,－,－,-,-,,,-,-,,,,,,,,,,,,,,,,,
"6-フルオロ-3-(4-ピペリジニル)-1,2-ベンゾイソオキサゾール",TRUE,FALSE,FALSE,FALSE,FALSE,FALSE,FALSE,FALSE,FALSE,FALSE,FALSE,FALSE,FALSE,FALSE,FALSE,FALSE,東京化成工業株式会社,-, 84163-77-9,5,g,1,0,,,,,"6-フルオロ-3-(4-ピペリジニル)-1,2-ベンゾイソオキサゾール",,,"6-Fluoro-3-(4-piperidinyl)-1,2-benzisoxazole",,,東京化成工業株式会社,,-,-,5,g,g,1,-,-,-,-,,,, 84163-77-9,WJTEG,F0735,9600,,,,,,,,単位管理,Unit Management,－,－,-,-,,,-,-,,,,,,,,,,,,,,,,,
6-メチル-1-インダノン,TRUE,FALSE,FALSE,FALSE,FALSE,FALSE,FALSE,FALSE,FALSE,FALSE,FALSE,FALSE,FALSE,FALSE,FALSE,FALSE,東京化成工業株式会社,-, 24623-20-9,5,g,1,0,,,,,6-メチル-1-インダノン,,,6-Methyl-1-indanone,,,東京化成工業株式会社,,-,-,5,g,g,1,-,-,-,-,,,, 24623-20-9,TQXEG,M1901,6800,,,,,,,,単位管理,Unit Management,－,－,-,-,,,-,-,,,,,,,,,,,,,,,,,
6-メチルクマリン,TRUE,FALSE,FALSE,FALSE,FALSE,FALSE,FALSE,FALSE,FALSE,FALSE,FALSE,FALSE,FALSE,FALSE,FALSE,FALSE,東京化成工業株式会社,-, 92-48-8,25,g,1,0,,,,,6-メチルクマリン,,,6-Methylcoumarin,,,東京化成工業株式会社,,-,-,25,g,g,1,-,-,-,-,,,, 92-48-8,G7TKG,M0189,5600,,,,,,,,単位管理,Unit Management,－,－,-,-,,,-,-,,,,,,,,,,,,,,,,,
"7,7,8,8-テトラシアノキノジメタン",FALSE,FALSE,FALSE,FALSE,FALSE,FALSE,TRUE,FALSE,FALSE,FALSE,FALSE,FALSE,FALSE,FALSE,FALSE,FALSE,東京化成工業株式会社,-, 1518-16-7,5,g,1,0,,,,,"7,7,8,8-テトラシアノキノジメタン",,,"7,7,8,8-Tetracyanoquinodimethane",,,東京化成工業株式会社,,-,-,5,g,g,1,-,-,-,-,,,, 1518-16-7,KOFEG,T0078,7500,,,,,,,,単位管理,Unit Management,－,－,-,-,,,-,-,,,,,,,,,,,,,,,,,
"7-Methylcoumarin, >=98%",TRUE,FALSE,FALSE,FALSE,FALSE,FALSE,FALSE,FALSE,FALSE,FALSE,FALSE,FALSE,FALSE,FALSE,FALSE,FALSE,Aldrich,-, 2445-83-2,10,g,1,0,,,,,,,,"7-Methylcoumarin, >=98%",,,Aldrich,,-,-,10,g,g,1,室温,,-,-,,,, 2445-83-2,,220329,,,,,,,,,単位管理,Unit Management,－,－,-,-,,,-,-,,,,,,,,,,,,,,,,,
7-エトキシクマリン,TRUE,FALSE,FALSE,FALSE,FALSE,FALSE,FALSE,FALSE,FALSE,FALSE,FALSE,FALSE,FALSE,FALSE,FALSE,FALSE,東京化成工業株式会社,-, 31005-02-4,5,g,1,0,,,,,7-エトキシクマリン,,,7-Ethoxycoumarin,,,東京化成工業株式会社,,-,-,5,g,g,1,-,-,-,-,,,, 31005-02-4,O3DEG,E0538,6000,,,,,,,,単位管理,Unit Management,－,－,-,-,,,-,-,,,,,,,,,,,,,,,,,
7-メトキシ-4-メチルクマリン,TRUE,FALSE,FALSE,FALSE,FALSE,FALSE,FALSE,FALSE,FALSE,FALSE,FALSE,FALSE,FALSE,FALSE,FALSE,FALSE,東京化成工業株式会社,-, 2555-28-4,5,g,1,0,,,,,7-メトキシ-4-メチルクマリン,,,7-Methoxy-4-methylcoumarin,,,東京化成工業株式会社,,-,-,5,g,g,1,-,-,-,-,,,, 2555-28-4,O3SEG,M1393,5500,,,,,,,,単位管理,Unit Management,－,－,-,-,,,-,-,,,,,,,,,,,,,,,,,
7-メトキシクマリン,TRUE,FALSE,FALSE,FALSE,FALSE,FALSE,FALSE,FALSE,FALSE,FALSE,FALSE,FALSE,FALSE,FALSE,FALSE,FALSE,東京化成工業株式会社,-, 531-59-9,5,g,1,0,,,,,7-メトキシクマリン,,,7-Methoxycoumarin,,,東京化成工業株式会社,,-,-,5,g,g,1,-,-,-,-,,,, 531-59-9,R7OEG,M1723,5300,,,,,,,,単位管理,Unit Management,－,－,-,-,,,-,-,,,,,,,,,,,,,,,,,
8-アニリノ-1-ナフタレンスルホン酸,TRUE,FALSE,FALSE,FALSE,FALSE,FALSE,FALSE,FALSE,FALSE,FALSE,FALSE,FALSE,FALSE,FALSE,FALSE,FALSE,東京化成工業株式会社,-, 82-76-8,25,g,1,0,,,,,8-アニリノ-1-ナフタレンスルホン酸,,,8-Anilino-1-naphthalenesulfonic Acid,,,東京化成工業株式会社,,-,-,25,g,g,1,-,-,-,-,,,, 82-76-8,ANDKG,A0472,8000,,,,,,,,単位管理,Unit Management,－,－,-,-,,,-,-,,,,,,,,,,,,,,,,,
"9,10-ジメチルアントラセン",TRUE,FALSE,FALSE,FALSE,FALSE,FALSE,FALSE,FALSE,FALSE,FALSE,FALSE,FALSE,FALSE,FALSE,FALSE,FALSE,東京化成工業株式会社,-, 781-43-1,1,g,1,0,,,,,"9,10-ジメチルアントラセン",,,"9,10-Dimethylanthracene",,,東京化成工業株式会社,,-,-,1,g,g,1,-,-,-,-,,,, 781-43-1,DP9BG,D0252,4500,,,,,,,,単位管理,Unit Management,－,－,-,-,,,-,-,,,,,,,,,,,,,,,,,
"9,9-ビス(4-アミノフェニル)フルオレン",FALSE,FALSE,FALSE,FALSE,FALSE,FALSE,FALSE,FALSE,FALSE,FALSE,FALSE,FALSE,FALSE,FALSE,FALSE,TRUE,東京化成工業株式会社,-, 15499-84-0,25,g,1,0,,,,,"9,9-ビス(4-アミノフェニル)フルオレン",,,"9,9-Bis(4-aminophenyl)fluorene",,,東京化成工業株式会社,,-,-,25,g,g,1,-,-,-,-,,,, 15499-84-0,CIVKG,B1549,13700,,,,,,,,単位管理,Unit Management,－,－,-,-,,,-,-,,,,,,,,,,,,,,,,,
"9,9-ビス(4-ヒドロキシフェニル)フルオレン (25g)",TRUE,FALSE,FALSE,FALSE,FALSE,FALSE,FALSE,FALSE,FALSE,FALSE,FALSE,FALSE,FALSE,FALSE,FALSE,FALSE,富士フイルムワコーケミカル(株) (和光純薬取扱),-, 3236-71-3,25,g,0,1,,,,,"9,9-ビス(4-ヒドロキシフェニル)フルオレン (25g)",,,"9,9-Bis(4-hydroxyphenyl)fluorene",,,富士フイルムワコーケミカル(株) (和光純薬取扱),,-,-,25,g,g,1,室温,,-,-,,,, 3236-71-3,4.99E+12,327-24442,7920,C25H18O2,,,,96+%(NMR),,mp. 224-226℃ ,単位管理,Unit Management,－,－,-,-,,,-,-,,,,,,,,,,,,,,,,,
9-ｱｾﾁﾙｱﾝﾄﾗｾﾝ,TRUE,FALSE,FALSE,FALSE,FALSE,FALSE,FALSE,FALSE,FALSE,FALSE,FALSE,FALSE,FALSE,FALSE,FALSE,FALSE,Aldrich,-, 784-04-3,5,g,1,0,,,,,9-ｱｾﾁﾙｱﾝﾄﾗｾﾝ,,,"9-Acetylanthracene, 98%",,,Aldrich,,-,-,5,g,g,1,室温,,-,-,,,, 784-04-3,,A12607,,,,,,,,,単位管理,Unit Management,－,－,-,-,,,-,-,,,,,,,,,,,,,,,,,
9-アミノアクリジン 合成用,TRUE,FALSE,FALSE,FALSE,FALSE,FALSE,FALSE,FALSE,FALSE,FALSE,FALSE,FALSE,FALSE,FALSE,FALSE,FALSE,Merck,, 90-45-9,10,g,1,0,,,,,9-アミノアクリジン 合成用,,,9-Aminoacridine for synthesis,9-AMINOACRIDINE FOR SYNTHESIS,,Merck,,,,10,g,g,1,-,-,-,-,,,, 90-45-9,,818362,7500,,,,,,,,単位管理,Unit Management,－,－,-,-,,,-,-,,,,,,,,,,,,,,,,,
9-ｱﾐﾉｱｸﾘｼﾞﾝ塩酸塩水和物,TRUE,FALSE,FALSE,FALSE,FALSE,FALSE,FALSE,FALSE,FALSE,FALSE,FALSE,FALSE,FALSE,FALSE,FALSE,FALSE,Aldrich,-, 52417-22-8,25,g,1,0,,,,,9-ｱﾐﾉｱｸﾘｼﾞﾝ塩酸塩水和物,,,"9-Aminoacridine hydrochloride monohydrate, 98%",,,Aldrich,,-,-,25,g,g,1,室温,,-,-,,,, 52417-22-8,,A38401,,,,,,,,,単位管理,Unit Management,－,－,-,-,,,-,-,,,,,,,,,,,,,,,,,
9-ｱﾝﾄﾗｱﾙﾃﾞﾋﾄﾞ,TRUE,FALSE,FALSE,FALSE,FALSE,FALSE,FALSE,FALSE,FALSE,FALSE,FALSE,FALSE,FALSE,FALSE,FALSE,FALSE,Aldrich,-, 642-31-9,5,g,1,0,,,,,9-ｱﾝﾄﾗｱﾙﾃﾞﾋﾄﾞ,,,"9-Anthracenecarboxaldehyde, 97%",,,Aldrich,,-,-,5,g,g,1,室温,,-,-,,,, 642-31-9,,278688,,,,,,,,,単位管理,Unit Management,－,－,-,-,,,-,-,,,,,,,,,,,,,,,,,
9-アントラセンカルボン酸,TRUE,FALSE,FALSE,FALSE,FALSE,FALSE,FALSE,FALSE,FALSE,FALSE,FALSE,FALSE,FALSE,FALSE,FALSE,FALSE,東京化成工業株式会社,-, 723-62-6,25,g,1,0,,,,,9-アントラセンカルボン酸,,,9-Anthracenecarboxylic Acid,,,東京化成工業株式会社,,-,-,25,g,g,1,-,-,-,-,,,,723-62-6,ATFKG,A0690,17400,,,,,,,,単位管理,Unit Management,－,－,-,-,,,-,-,,,,,,,,,,,,,,,,,
9-ﾋﾞﾆﾙｱﾝﾄﾗｾﾝ,FALSE,FALSE,FALSE,FALSE,FALSE,FALSE,FALSE,TRUE,TRUE,FALSE,FALSE,FALSE,FALSE,FALSE,FALSE,FALSE,ACROS,-, 2444-68-0,1,g,1,0,,,,,9-ﾋﾞﾆﾙｱﾝﾄﾗｾﾝ,,,9-Vinylanthracene,,,ACROS,,-,-,1,g,g,1,冷蔵貯蔵,,-,-,,,, 2444-68-0,,14085-1A,18000,C16H12,-,-,,,204.2665,mp. 64-66℃,単位管理,Unit Management,本,本,-,-,,,-,-,,,,,,,,,C16／H12,0.5,g,g,0.5,g,g,,
9-フルオレンカルボン酸,TRUE,FALSE,FALSE,FALSE,FALSE,FALSE,FALSE,FALSE,FALSE,FALSE,FALSE,FALSE,FALSE,FALSE,FALSE,FALSE,東京化成工業株式会社,-, 1989-33-9,5,g,1,0,,,,,9-フルオレンカルボン酸,,,9-Fluorenecarboxylic Acid,,,東京化成工業株式会社,,-,-,5,g,g,1,-,-,-,-,,,, 1989-33-9,FKMEG,F0022,5200,,,,,,,,単位管理,Unit Management,－,－,-,-,,,-,-,,,,,,,,,,,,,,,,,
9-メチルアントラセン,TRUE,FALSE,FALSE,FALSE,FALSE,FALSE,FALSE,FALSE,FALSE,FALSE,FALSE,FALSE,FALSE,FALSE,FALSE,FALSE,東京化成工業株式会社,-, 779-02-2,1,g,1,0,,,,,9-メチルアントラセン,,,9-Methylanthracene,,,東京化成工業株式会社,,-,-,1,g,g,1,-,-,-,-,,,, 779-02-2,G6TBG,M0153,3300,,,,,,,,単位管理,Unit Management,－,－,-,-,,,-,-,,,,,,,,,,,,,,,,,
ACEMETACIN,TRUE,FALSE,FALSE,FALSE,FALSE,FALSE,FALSE,FALSE,FALSE,FALSE,FALSE,FALSE,FALSE,FALSE,FALSE,FALSE,Sigma,-, 53164-05-9,5,g,2,0,,,,,ACEMETACIN,,,ACEMETACIN,,,Sigma,,-,-,5,g,g,1,室温,,-,-,,,, 53164-05-9,,A1674,,,-,-,,,,,単位管理,Unit Management,本,本,-,-,,,-,-,,,,,,,,,,,,,,,,,
"Atorvastatin calcium salt trihydrate, >=98% (HPLC)",TRUE,FALSE,FALSE,FALSE,FALSE,FALSE,FALSE,FALSE,FALSE,FALSE,FALSE,FALSE,FALSE,FALSE,FALSE,FALSE,Sigma,-, 134523-03-8,5,mg,1,0,,,,,,,,"Atorvastatin calcium salt trihydrate, >=98% (HPLC)",,,Sigma,,-,-,5,mg,mg,1,室温,,-,-,,,, 134523-03-8,,PZ0001,,,,,,,,,単位管理,Unit Management,－,－,-,-,,,-,-,,,,,,,,,,,,,,,,,
Boc-Ala-OH,FALSE,FALSE,FALSE,FALSE,FALSE,FALSE,FALSE,TRUE,FALSE,FALSE,FALSE,FALSE,FALSE,FALSE,FALSE,FALSE,Novabiochem,-, 15761-38-3,5,g,1,0,,,,,Boc-Ala-OH,,,Boc-Ala-OH,,,Novabiochem,,-,-,5,g,g,1,-,-,-,-,,,, 15761-38-3,,49926-65,2400,C8H15NO4,-,-,,,189.2089,,単位管理,Unit Management,－,－,-,-,,,-,-,,,,,,,,,C8／H15／N1／O4,,,,,,,,
"Calcium bromide hydrate, 98%",FALSE,FALSE,TRUE,FALSE,FALSE,FALSE,FALSE,FALSE,FALSE,FALSE,FALSE,FALSE,FALSE,FALSE,FALSE,FALSE,Aldrich,-, 71626-99-8,100,g,1,0,,,,,,,,"Calcium bromide hydrate, 98%",,,Aldrich,,-,-,100,g,g,1,室温,,-,-,,,, 71626-99-8,,233749,,,,,,,,,単位管理,Unit Management,－,－,-,-,,,-,-,,,,,,,,,,,,,,,,,
"Calcium iodide, 99%",FALSE,TRUE,FALSE,FALSE,FALSE,FALSE,FALSE,FALSE,FALSE,FALSE,FALSE,FALSE,FALSE,FALSE,FALSE,FALSE,Aldrich,-, 10102-68-8,10,g,1,0,,,,,,,,"Calcium iodide, 99%",,,Aldrich,,-,-,10,g,g,1,室温,,-,-,,,, 10102-68-8,4.55E+12,590703,,,,,,,,,単位管理,Unit Management,－,－,-,-,,,-,-,,,,,,,,,,,,,,,,,
Cefaclor,FALSE,FALSE,FALSE,FALSE,FALSE,FALSE,FALSE,FALSE,TRUE,FALSE,FALSE,FALSE,FALSE,FALSE,FALSE,FALSE,Sigma,-, 53994-73-3,1,g,1,0,,,,,,,,Cefaclor,,,Sigma,,-,-,1,g,g,1,室温,,-,-,,,, 53994-73-3,,C6895,,,,,,,,,単位管理,Unit Management,－,－,-,-,,,-,-,,,,,,,,,,,,,,,,,
"Cefadroxil, analytical standard",FALSE,FALSE,FALSE,FALSE,FALSE,FALSE,FALSE,FALSE,TRUE,FALSE,FALSE,FALSE,FALSE,FALSE,FALSE,FALSE,Sigma,analytical standard, 50370-12-2,1,g,1,0,,,,,,,,"Cefadroxil, analytical standard",,,Sigma,,analytical standard,,1,g,g,1,室温,,-,-,,,, 50370-12-2,,C7020,,,,,,,,,単位管理,Unit Management,－,－,-,-,,,-,-,,,,,,,,,,,,,,,,,
D-(-)-マンデル酸,FALSE,TRUE,FALSE,FALSE,FALSE,FALSE,FALSE,FALSE,FALSE,FALSE,FALSE,FALSE,FALSE,FALSE,FALSE,FALSE,東京化成工業株式会社,-, 611-71-2,25,g,1,0,,,,,D-(-)-マンデル酸,,,D-(-)-Mandelic Acid,,,東京化成工業株式会社,,-,-,25,g,g,1,-,-,-,-,,,, 611-71-2,HKXKG,M0662,3600,,,,,,,,単位管理,Unit Management,－,－,-,-,,,-,-,,,,,,,,,,,,,,,,,
Ｄ（－）‐マンニトール,FALSE,TRUE,FALSE,FALSE,FALSE,FALSE,FALSE,FALSE,FALSE,FALSE,FALSE,FALSE,FALSE,FALSE,FALSE,FALSE,ナカライテスク（株）,糖, 69-65-8,25,g,1,0,,,,,Ｄ（－）‐マンニトール,,,Ｄ（－）‐Ｍａｎｎｉｔｏｌ,,,ナカライテスク（株）,,糖,,25,g,g,1,-,-,-,-,,,, 69-65-8,,2130332,850,,-,-,,９９％（Ｔ）,,,単位管理,Unit Management,本,本,-,-,,,-,-,,,,,ｓｋ,,,,,,,,,,,,
D-(-)-リジン塩酸塩,FALSE,TRUE,FALSE,FALSE,FALSE,FALSE,FALSE,FALSE,FALSE,FALSE,FALSE,FALSE,FALSE,FALSE,FALSE,FALSE,東京化成工業株式会社,-, 7274-88-6,25,g,1,0,,,,,D-(-)-リジン塩酸塩,,,D-(-)-Lysine Monohydrochloride,,,東京化成工業株式会社,,-,-,25,g,g,1,-,-,-,-,,,, 7274-88-6,G13KG,L0128,10000,,,,,,,,単位管理,Unit Management,－,－,-,-,,,-,-,,,,,,,,,,,,,,,,,
D(-)-酒石酸 (25g),FALSE,TRUE,FALSE,FALSE,FALSE,FALSE,FALSE,FALSE,FALSE,FALSE,FALSE,FALSE,FALSE,FALSE,FALSE,FALSE,富士フイルム和光純薬(株),和光一級, 147-71-7,25,g,0,1,,,,,D(-)-酒石酸 (25g),,,D(-)-Tartaric Acid,,,富士フイルム和光純薬(株),,和光一級,,25,g,g,1,室温,,-,-,,,, 147-71-7,4.99E+12,207-00072,6050,[CH(OH)COOH]2,,,,97+%(Titration),,mp. 約170℃ ,単位管理,Unit Management,－,－,-,-,,,-,-,,,,,,,,,,,,,,,,,
D(+)-グルクロン酸 (5g),FALSE,TRUE,FALSE,FALSE,FALSE,FALSE,FALSE,FALSE,FALSE,FALSE,FALSE,FALSE,FALSE,FALSE,FALSE,FALSE,富士フイルム和光純薬(株),生化学用, 6556-12-3,5,g,1,0,,,,,D(+)-グルクロン酸 (5g),,,D(+)-Glucuronic Acid,,,富士フイルム和光純薬(株),,生化学用,,5,g,g,1,室温,,-,-,,,, 6556-12-3,4.55E+12,074-06301,8400,C6H10O7,,,,98+%(Titration),,mp. 153℃ ,単位管理,Unit Management,－,－,-,-,,,-,-,,,,,,,,,,,,,,,,,
D(+)-グルコース (25g),TRUE,FALSE,FALSE,FALSE,FALSE,FALSE,FALSE,FALSE,FALSE,FALSE,FALSE,FALSE,FALSE,FALSE,FALSE,FALSE,富士フイルム和光純薬(株),試薬特級 [JISマーク認定品目], 50-99-7,25,g,1,0,,,,,D(+)-グルコース (25g),,,D(+)-Glucose,,,富士フイルム和光純薬(株),,試薬特級 [JISマーク認定品目],,25,g,g,1.571,室温,,-,-,,,, 50-99-7,4.99E+12,045-31162,1500,C6H12O6,,,,98+%(GC),,"mp. 146℃ (α体),148～150℃ (β体) ",単位管理,Unit Management,－,－,-,-,,,-,-,,,,,,,,,,,,,,,,,
D-(+)-ｸﾞﾙｺｻﾐﾝ ｴﾝｻﾝｴﾝ,TRUE,FALSE,FALSE,FALSE,FALSE,FALSE,FALSE,FALSE,FALSE,FALSE,FALSE,FALSE,FALSE,FALSE,FALSE,FALSE,東京化成工業株式会社,糖, 66-84-2,25,g,1,0,,,,,D-(+)-ｸﾞﾙｺｻﾐﾝ ｴﾝｻﾝｴﾝ,,,D-(+)-Glucosamine Hydrochloride,,,東京化成工業株式会社,,糖,,25,g,g,1,-,-,-,-,,,, 66-84-2,FTXKG,G0044,1600,,ガラスビン,,,,,,単位管理,Unit Management,本,本,-,-,,,-,-,9,,,,ｓｋ,,,,,,,,,,,,
D-(+)-シクロセリン,FALSE,FALSE,FALSE,FALSE,FALSE,TRUE,FALSE,FALSE,FALSE,FALSE,FALSE,FALSE,FALSE,FALSE,FALSE,FALSE,東京化成工業株式会社,-, 68-41-7,1,g,1,0,,,,,D-(+)-シクロセリン,,,D-(+)-Cycloserine,,,東京化成工業株式会社,,-,-,1,g,g,1,冷蔵貯蔵,,-,-,,,, 68-41-7,DF5BG,C1189,5400,,,,,,,,単位管理,Unit Management,－,－,-,-,,,-,-,,,,,,,,,,,,,,,,,
D-(+)-トレハロース二水和物,FALSE,TRUE,FALSE,FALSE,FALSE,FALSE,FALSE,FALSE,FALSE,FALSE,FALSE,FALSE,FALSE,FALSE,FALSE,FALSE,東京化成工業株式会社,-, 6138-23-4,25,g,2,0,,,,,D-(+)-トレハロース二水和物,,,D-(+)-TrehaloseDihydrate,,,東京化成工業株式会社,,-,-,25,g,g,1,-,-,-,-,,,, 6138-23-4,KVGKG,T0331,2100,,,,,,,,単位管理,Unit Management,－,－,-,-,,,-,-,,,,,,,,,,,,,,,,,
D-(+)-メレチトース一水和物 (5g),FALSE,FALSE,FALSE,FALSE,FALSE,TRUE,FALSE,FALSE,FALSE,FALSE,FALSE,FALSE,FALSE,FALSE,FALSE,FALSE,"MP Biomedicals, Inc.  (和光純薬取扱)",-, 597-12-6,5,g,1,0,,,,,D-(+)-メレチトース一水和物 (5g),,,D-(+)-Melezitose Monohydrate,,,"MP Biomedicals, Inc.  (和光純薬取扱)",,-,-,5,g,g,1,室温,,,,,,, 597-12-6,,102258,16800,C18H32O16.H2O,,,,,,,単位管理,Unit Management,－,－,-,-,,,-,-,,,,,,,,,,,,,,,,,
D-(+)-ラフィノース五水和物,FALSE,TRUE,FALSE,FALSE,FALSE,FALSE,FALSE,FALSE,FALSE,FALSE,FALSE,FALSE,FALSE,FALSE,FALSE,FALSE,東京化成工業株式会社,-, 17629-30-0,25,g,1,0,,,,,D-(+)-ラフィノース五水和物,,,D-(+)-RaffinosePentahydrate,,,東京化成工業株式会社,,-,-,25,g,g,1,-,-,-,-,,,, 17629-30-0,JFVKG,R0002,3300,,,,,,,,単位管理,Unit Management,－,－,-,-,,,-,-,,,,,,,,,,,,,,,,,
DL-1-フェニルエチルアミン,FALSE,FALSE,FALSE,FALSE,TRUE,FALSE,FALSE,FALSE,FALSE,FALSE,FALSE,FALSE,FALSE,FALSE,FALSE,FALSE,東京化成工業株式会社,-, 618-36-0,25,ml,1,0,,,,,DL-1-フェニルエチルアミン,,,DL-1-Phenylethylamine,,,東京化成工業株式会社,,-,-,25,ml,ml,0.96,-,-,-,-,,,, 618-36-0,G65KM,M0165,2300,,,,,,,,単位管理,Unit Management,－,－,-,-,,,-,-,,,,,,,,,,,,,,,,,
DL-2-フェニルプロピオン酸,FALSE,TRUE,FALSE,FALSE,FALSE,FALSE,FALSE,FALSE,FALSE,FALSE,FALSE,FALSE,FALSE,FALSE,FALSE,FALSE,東京化成工業株式会社,-, 492-37-5,5,g,1,0,,,,,DL-2-フェニルプロピオン酸,,,DL-2-Phenylpropionic Acid,,,東京化成工業株式会社,,-,-,5,g,g,1.1,-,-,-,-,,,, 492-37-5,I1TEG,P0699,4400,,,,,,,,単位管理,Unit Management,－,－,-,-,,,-,-,,,,,,,,,,,,,,,,,
DL-アスパラギン一水和物,FALSE,TRUE,FALSE,FALSE,FALSE,FALSE,FALSE,FALSE,FALSE,FALSE,FALSE,FALSE,FALSE,FALSE,FALSE,FALSE,東京化成工業株式会社,-, 3130-87-8,25,g,1,0,,,,,DL-アスパラギン一水和物,,,DL-AsparagineMonohydrate,,,東京化成工業株式会社,,-,-,25,g,g,1,-,-,-,-,,,, 3130-87-8,APAKG,A0541,3200,,,,,,,,単位管理,Unit Management,－,－,-,-,,,-,-,,,,,,,,,,,,,,,,,
DL-グルタミン酸,FALSE,TRUE,FALSE,FALSE,FALSE,FALSE,FALSE,FALSE,FALSE,FALSE,FALSE,FALSE,FALSE,FALSE,FALSE,FALSE,東京化成工業株式会社,-, 617-65-2,25,g,2,0,,,,,DL-グルタミン酸,,,DL-Glutamic Acid,,,東京化成工業株式会社,,-,-,25,g,g,1,-,-,-,-,,,, 617-65-2,FUBKG,G0058,5400,,,,,,,,単位管理,Unit Management,－,－,-,-,,,-,-,,,,,,,,,,,,,,,,,
DL-プロリン,FALSE,TRUE,FALSE,FALSE,FALSE,FALSE,FALSE,FALSE,FALSE,FALSE,FALSE,FALSE,FALSE,FALSE,FALSE,FALSE,東京化成工業株式会社,-, 609-36-9,5,g,1,0,,,,,DL-プロリン,,,DL-Proline,,,東京化成工業株式会社,,-,-,5,g,g,1,-,-,-,-,,,, 609-36-9,IVQEG,P0480,4600,,,,,,,,単位管理,Unit Management,－,－,-,-,,,-,-,,,,,,,,,,,,,,,,,
DL-マンデル酸,FALSE,FALSE,FALSE,FALSE,FALSE,FALSE,FALSE,FALSE,FALSE,FALSE,FALSE,FALSE,TRUE,FALSE,FALSE,FALSE,東京化成工業株式会社,-, 90-64-2,25,g,1,0,,,,,DL-マンデル酸,,,DL-Mandelic Acid,,,東京化成工業株式会社,,-,-,25,g,g,1,-,-,-,-,,,, 90-64-2,G3MKG,M0038,2300,,,,,,,,単位管理,Unit Management,－,－,-,-,,,-,-,,,,,,,,,,,,,,,,,
DL-メチオニン,FALSE,TRUE,FALSE,FALSE,FALSE,FALSE,FALSE,FALSE,FALSE,FALSE,FALSE,FALSE,FALSE,FALSE,FALSE,FALSE,東京化成工業株式会社,-, 59-51-8,25,g,1,0,,,,,DL-メチオニン,,,DL-Methionine,,,東京化成工業株式会社,,-,-,25,g,g,1,-,-,-,-,,,, 59-51-8,HFEKG,M0463,1900,,,,,,,,単位管理,Unit Management,－,－,-,-,,,-,-,,,,,,,,,,,,,,,,,
DL-メントール,FALSE,TRUE,FALSE,FALSE,FALSE,FALSE,FALSE,FALSE,FALSE,FALSE,FALSE,FALSE,FALSE,FALSE,FALSE,FALSE,ナカライテスク（株）,GR, 89-78-1,25,g,1,0,,,,,DL-メントール,,,DL-Menthol,,,ナカライテスク（株）,,GR,,25,g,g,1,-,-,-,-,,,, 89-78-1,19WXM,21422-72,3150,C10H20O,,,,≧98.0%（GC),156.27,mp. 28℃ ,単位管理,Unit Management,－,－,-,-,,,-,-,,,,,,,,,,,,,,,,,
Ｄ－アラニンメチルエステル塩酸塩,FALSE,FALSE,FALSE,FALSE,TRUE,FALSE,FALSE,FALSE,FALSE,FALSE,FALSE,FALSE,FALSE,FALSE,FALSE,FALSE,Aldrich,-, 14316-06-4,5,g,1,0,,,,,Ｄ－アラニンメチルエステル塩酸塩,,,"D-ALANINE METHYL ESTER HYDROCHLORIDE, 98%",,,Aldrich,,-,-,5,g,g,1,室温,,-,-,,,, 14316-06-4,,414549,,,-,-,,,,,単位管理,Unit Management,本,本,-,-,,,-,-,,,,,,,,,,,,,,,,,
D-アラボアスコルビン酸,FALSE,TRUE,FALSE,FALSE,FALSE,FALSE,FALSE,FALSE,FALSE,FALSE,FALSE,FALSE,FALSE,FALSE,FALSE,FALSE,東京化成工業株式会社,-, 89-65-6,25,g,1,0,,,,,D-アラボアスコルビン酸,,,D-Araboascorbic Acid,,,東京化成工業株式会社,,-,-,25,g,g,1,-,-,-,-,,,, 89-65-6,AOPKG,A0520,1800,,,,,,,,単位管理,Unit Management,－,－,-,-,,,-,-,,,,,,,,,,,,,,,,,
D-グルカミン,FALSE,FALSE,FALSE,FALSE,FALSE,FALSE,FALSE,FALSE,FALSE,FALSE,TRUE,FALSE,FALSE,FALSE,FALSE,FALSE,東京化成工業株式会社,-, 488-43-7,5,g,1,0,,,,,D-グルカミン,,,D-Glucamine,,,東京化成工業株式会社,,-,-,5,g,g,1,-,-,-,-,,,, 488-43-7,LZWEG,G0252,9100,,,,,,,,単位管理,Unit Management,－,－,-,-,,,-,-,,,,,,,,,,,,,,,,,
D-ソルビトール,FALSE,FALSE,FALSE,FALSE,FALSE,FALSE,FALSE,TRUE,FALSE,FALSE,FALSE,FALSE,FALSE,FALSE,FALSE,FALSE,東京化成工業株式会社,-, 50-70-4,25,g,1,0,,,,,D-ソルビトール,,,D-Sorbitol,,,東京化成工業株式会社,,-,-,25,g,g,1,-,-,-,-,,,, 50-70-4,JJHKG,S0065,1800,,,,,,,,単位管理,Unit Management,－,－,-,-,,,-,-,,,,,,,,,,,,,,,,,
D-フェニルアラニノール,FALSE,FALSE,FALSE,FALSE,FALSE,FALSE,TRUE,FALSE,FALSE,FALSE,FALSE,FALSE,FALSE,FALSE,FALSE,FALSE,東京化成工業株式会社,-, 5267-64-1,5,g,2,0,,,,,D-フェニルアラニノール,,,D-Phenylalaninol,,,東京化成工業株式会社,,-,-,5,g,g,1,-,-,-,-,,,, 5267-64-1,NPNEG,P1289,4500,,,,,,,,単位管理,Unit Management,－,－,-,-,,,-,-,,,,,,,,,,,,,,,,,
D-プロリン,FALSE,TRUE,FALSE,FALSE,FALSE,FALSE,FALSE,FALSE,FALSE,FALSE,FALSE,FALSE,FALSE,FALSE,FALSE,FALSE,東京化成工業株式会社,-, 344-25-2,5,g,1,0,,,,,D-プロリン,,,D-Proline,,,東京化成工業株式会社,,-,-,5,g,g,1,-,-,-,-,,,, 344-25-2,I90EG,P0994,5700,,,,,,,,単位管理,Unit Management,－,－,-,-,,,-,-,,,,,,,,,,,,,,,,,
Fluorescein,TRUE,FALSE,FALSE,FALSE,FALSE,FALSE,FALSE,FALSE,FALSE,FALSE,FALSE,FALSE,FALSE,FALSE,FALSE,FALSE,TCI（東京化成工業）,-, 2321－07－5,25,g,1,0,,,,,Fluorescein,,,,,,TCI（東京化成工業）,,-,-,25,g,g,1,-,-,-,-,,,, 2321－07－5,fmmkgr6n3e-og,,,,-,-,,,,,単位管理,Unit Management,－,－,-,-,,,-,-,,,,,,,,,C20／H12／O5,,,,,,,,
"Hydriodic acid, 57 wt. %, distilled, 99.999% trace metals basis",FALSE,FALSE,FALSE,FALSE,FALSE,FALSE,FALSE,FALSE,FALSE,FALSE,FALSE,FALSE,FALSE,FALSE,FALSE,TRUE,Aldrich,distilled, 10034-85-2,25,g,1,0,,,,,,,,"Hydriodic acid, 57 wt. %, distilled, 99.999% trace metals basis",,,Aldrich,,distilled,,25,g,g,1,冷蔵貯蔵,,-,-,,,, 10034-85-2,4.55E+12,752851,,,,,,,,,単位管理,Unit Management,－,－,-,-,,,-,-,,,,,,,,,,,,,,,,,
"Isoniazid, analytical standard, >=99% (TLC)",FALSE,FALSE,FALSE,FALSE,FALSE,FALSE,FALSE,FALSE,FALSE,FALSE,FALSE,FALSE,TRUE,FALSE,FALSE,FALSE,Sigma-Aldrich,analytical standard, 54-85-3,5,g,1,0,,,,,,,,"Isoniazid, analytical standard, >=99% (TLC)",,,Sigma-Aldrich,,analytical standard,,5,g,g,1,室温,,-,-,,,, 54-85-3,,I3377,,,,,,,,,単位管理,Unit Management,－,－,-,-,,,-,-,,,,,,,,,,,,,,,,,
"Isonicotinamide, ReagentPlus(R), 99%",FALSE,FALSE,FALSE,FALSE,FALSE,FALSE,FALSE,FALSE,TRUE,FALSE,FALSE,FALSE,TRUE,FALSE,FALSE,FALSE,Aldrich,-, 1453-82-3,25,g,0,1,,,,,,,,"Isonicotinamide, ReagentPlus(R), 99%",,,Aldrich,,-,-,25,g,g,1,室温,,-,-,,,, 1453-82-3,,I17451,,,,,,,,,単位管理,Unit Management,－,－,-,-,,,-,-,,,,,,,,,,,,,,,,,
"L-(-)-Malic acid, BioXtra, >=95%",FALSE,TRUE,FALSE,FALSE,FALSE,FALSE,FALSE,FALSE,FALSE,FALSE,FALSE,FALSE,FALSE,FALSE,FALSE,FALSE,Sigma,-, 97-67-6,25,g,1,0,,,,,,,,"L-(-)-Malic acid, BioXtra, >=95%",,,Sigma,,-,-,25,g,g,1,室温,,-,-,,,, 97-67-6,,M6413,,,,,,,,,単位管理,Unit Management,－,－,-,-,,,-,-,,,,,,,,,,,,,,,,,
L-(-)-シスチン,FALSE,TRUE,FALSE,FALSE,FALSE,FALSE,FALSE,FALSE,FALSE,FALSE,FALSE,FALSE,FALSE,FALSE,FALSE,FALSE,東京化成工業株式会社,-, 56-89-3,25,g,1,0,,,,,L-(-)-シスチン,,,L-(-)-Cystine,,,東京化成工業株式会社,,-,-,25,g,g,1,-,-,-,-,,,, 56-89-3,CXJKG,C0519,1900,,,,,,,,単位管理,Unit Management,－,－,-,-,,,-,-,,,,,,,,,,,,,,,,,
L-(-)-トリプトファノール,FALSE,FALSE,FALSE,FALSE,FALSE,FALSE,TRUE,FALSE,FALSE,FALSE,FALSE,FALSE,FALSE,FALSE,FALSE,FALSE,東京化成工業株式会社,-, 2899-29-8,1,g,1,0,,,,,L-(-)-トリプトファノール,,,L-(-)-Tryptophanol,,,東京化成工業株式会社,,-,-,1,g,g,1,-,-,-,-,,,, 2899-29-8,MR4BG,T1537,8800,,,,,,,,単位管理,Unit Management,－,－,-,-,,,-,-,,,,,,,,,,,,,,,,,
L(-)-フェニルアラニン (25g),FALSE,TRUE,FALSE,FALSE,FALSE,FALSE,FALSE,FALSE,FALSE,FALSE,FALSE,FALSE,FALSE,FALSE,FALSE,FALSE,富士フイルム和光純薬(株),和光特級, 63-91-2,25,g,1,0,,,,,L(-)-フェニルアラニン (25g),,,L(-)-Phenylalanine,,,富士フイルム和光純薬(株),,和光特級,,25,g,g,1,室温,,-,-,,,, 63-91-2,4.99E+12,161-01302,3200,C6H5CH2CH(NH2)COOH,,,,99+%(Titration),,mp. 約283℃ (dec.) ,単位管理,Unit Management,－,－,-,-,,,-,-,,,,,,,,,,,,,,,,,
L-(+)-アルギニン,FALSE,TRUE,FALSE,FALSE,FALSE,FALSE,FALSE,FALSE,FALSE,FALSE,FALSE,FALSE,FALSE,FALSE,FALSE,FALSE,東京化成工業株式会社,-, 74-79-3,25,g,0,1,,,,,L-(+)-アルギニン,,,L-(+)-Arginine,,,東京化成工業株式会社,,-,-,25,g,g,1,-,-,-,-,,,, 74-79-3,AOVKG,A0526,2000,,,,,,,,単位管理,Unit Management,－,－,-,-,,,-,-,,,,,,,,,,,,,,,,,
L-(+)-マンデル酸,FALSE,TRUE,FALSE,FALSE,FALSE,FALSE,FALSE,FALSE,FALSE,FALSE,FALSE,FALSE,FALSE,FALSE,FALSE,FALSE,東京化成工業株式会社,-, 17199-29-0,25,g,1,0,,,,,L-(+)-マンデル酸,,,L-(+)-Mandelic Acid,,,東京化成工業株式会社,,-,-,25,g,g,1,-,-,-,-,,,, 17199-29-0,HKWKG,M0661,4500,,,,,,,,単位管理,Unit Management,－,－,-,-,,,-,-,,,,,,,,,,,,,,,,,
L-(+)-リジン,FALSE,FALSE,FALSE,FALSE,FALSE,FALSE,FALSE,FALSE,FALSE,FALSE,FALSE,FALSE,TRUE,FALSE,FALSE,FALSE,東京化成工業株式会社,-, 56-87-1,5,g,2,0,,,,,L-(+)-リジン,,,L-(+)-Lysine,,,東京化成工業株式会社,,-,-,5,g,g,1,-,-,-,-,,,, 56-87-1,G14EG,L0129,3400,,,,,,,,単位管理,Unit Management,－,－,-,-,,,-,-,,,,,,,,,,,,,,,,,
L-(+)-リジン一塩酸塩,FALSE,TRUE,FALSE,FALSE,FALSE,FALSE,FALSE,FALSE,FALSE,FALSE,FALSE,FALSE,FALSE,FALSE,FALSE,FALSE,東京化成工業株式会社,-, 657-27-2,25,g,1,0,,,,,L-(+)-リジン一塩酸塩,,,L-(+)-Lysine Monohydrochloride,,,東京化成工業株式会社,,-,-,25,g,g,1,-,-,-,-,,,, 657-27-2,G0JKG,L0071,1900,,,,,,,,単位管理,Unit Management,－,－,-,-,,,-,-,,,,,,,,,,,,,,,,,
L-(+)-ロイシノール,FALSE,FALSE,FALSE,FALSE,FALSE,FALSE,FALSE,FALSE,FALSE,FALSE,TRUE,FALSE,FALSE,FALSE,FALSE,FALSE,東京化成工業株式会社,-, 7533-40-6,5,ml,1,0,,,,,L-(+)-ロイシノール,,,L-(+)-Leucinol,,,東京化成工業株式会社,,-,-,5,ml,ml,0.91,-,-,-,-,,,, 7533-40-6,G2CEM,L0137,7000,,,,,,,,単位管理,Unit Management,－,－,-,-,,,-,-,,,,,,,,,,,,,,,,,
L(+)-酒石酸,FALSE,TRUE,TRUE,FALSE,FALSE,FALSE,FALSE,FALSE,FALSE,FALSE,FALSE,FALSE,FALSE,FALSE,FALSE,FALSE,関東化学株式会社,特級, 87-69-4,25,g,2,0,,,,,L(+)-酒石酸,"L(+)-2,3-ｼﾞﾋﾄﾞﾛｷｼﾌﾞﾀﾝ二酸","L(+)-2,6-ｼﾞﾋﾄﾞﾛｷｼ琥珀酸",L(+)-Tartaric acid,"L(+)-2,3-Dihydroxybutanedioic acid","L(+)-2,6-Dihydroxysuccinic acid",関東化学株式会社,"Kanto Chemical Co., Inc.",特級,,25,g,g,1,-,-,-,-,,,, 87-69-4,4000530C,40005-30,2400,HOOC(CHOH)2COOH,ガラスビン,,"無色～白,結晶又は粉末",>99.5%(T),150.0867,mp.168℃～170℃,単位管理,Unit Management,－,－,-,-,,,-,-,,,,,,,,,C4／H6／O6,,,,,,,,
Leu-Ala,FALSE,FALSE,FALSE,FALSE,TRUE,FALSE,FALSE,FALSE,FALSE,FALSE,FALSE,FALSE,FALSE,FALSE,FALSE,FALSE,Sigma,-, 7298-84-2,1,g,1,0,,,,,Leu-Ala,,,"Leu-Ala hydrate, Bulk package",,,Sigma,,-,-,1,g,g,1,冷蔵貯蔵,,-,-,,,, 7298-84-2,,L9250,,,,,,,,,単位管理,Unit Management,－,－,-,-,,,-,-,,,,,,,,,,,,,,,,,
L-アスコルビン酸,FALSE,TRUE,FALSE,FALSE,FALSE,FALSE,FALSE,FALSE,FALSE,FALSE,FALSE,FALSE,FALSE,FALSE,FALSE,FALSE,東京化成工業株式会社,-, 50-81-7,25,g,1,0,,,,,L-アスコルビン酸,,,L-Ascorbic Acid,,,東京化成工業株式会社,,-,-,25,g,g,1,-,-,-,-,,,, 50-81-7,AO6KG,A0537,1800,,,,,,,,単位管理,Unit Management,－,－,-,-,,,-,-,,,,,,,,,,,,,,,,,
L-ｱｽﾊﾟﾗｷﾞﾝ一水和物,FALSE,TRUE,FALSE,FALSE,FALSE,FALSE,FALSE,FALSE,FALSE,FALSE,FALSE,FALSE,FALSE,FALSE,FALSE,FALSE,関東化学株式会社,特級, 5794-13-8,25,g,1,0,,,,,L-ｱｽﾊﾟﾗｷﾞﾝ一水和物,,,L-Asparagine monohydrate,,,関東化学株式会社,"Kanto Chemical Co., Inc.",特級,,25,g,g,1,-,-,-,-,,,, 5794-13-8,0145430H,01454-30,3300,H2NCOCH2CH(NH2)COOH･H2O,ガラスビン,,"白色,結晶又は粉末",>99.0%(T),150.1335,mp.234℃～235℃,単位管理,Unit Management,－,－,-,-,,,-,-,,,,,,,,,C4／H8／N2／O3,,,,,,,,
L-アスパラギン酸,FALSE,TRUE,FALSE,FALSE,FALSE,FALSE,FALSE,FALSE,FALSE,FALSE,FALSE,FALSE,FALSE,FALSE,FALSE,FALSE,ナカライテスク（株）,特級(ＧＲ), 56-84-8,25,g,1,0,,,,,L-アスパラギン酸,,,L-Aspartic Acid,,,ナカライテスク（株）,,特級(ＧＲ),,25,g,g,1,-,-,-,-,,,, 56-84-8,07IAM,03503-72,2000,C4H7)NO4,,,,≧99.0%(T),133.1,mp. 270℃ bp. 324℃ (分解),単位管理,Unit Management,－,－,-,-,,,-,-,,,,,,,,,,,,,,,,,
L-アラニン (25g),FALSE,TRUE,FALSE,FALSE,FALSE,FALSE,FALSE,FALSE,FALSE,FALSE,FALSE,FALSE,FALSE,FALSE,FALSE,FALSE,富士フイルム和光純薬(株),試薬特級 [JISマーク認定品目], 56-41-7,25,g,1,0,,,,,L-アラニン (25g),,,L-Alanine,,,富士フイルム和光純薬(株),,試薬特級 [JISマーク認定品目],,25,g,g,1,室温,,-,-,,,, 56-41-7,4.99E+12,010-01042,4000,CH3CH(NH2)COOH,,,,99+%(Titration),,mp. 297℃ (分解点) ,単位管理,Unit Management,－,－,-,-,,,-,-,,,,,,,,,,,,,,,,,
L-ｱﾙｷﾞﾆﾝ,FALSE,TRUE,FALSE,FALSE,FALSE,FALSE,FALSE,FALSE,FALSE,FALSE,FALSE,FALSE,FALSE,FALSE,FALSE,FALSE,Sigma,-, 74-79-3,25,g,1,0,,,,,L-ｱﾙｷﾞﾆﾝ,,,"L-Arginine, BioUltra, >=99.5% (NT)",,,Sigma,,-,-,25,g,g,1,室温,,-,-,,,, 74-79-3,,11009,,,,,,,,,単位管理,Unit Management,－,－,-,-,,,-,-,,,,,,,,,,,,,,,,,
L-アルギニン塩酸塩,FALSE,TRUE,FALSE,FALSE,FALSE,FALSE,FALSE,FALSE,FALSE,FALSE,FALSE,FALSE,FALSE,FALSE,FALSE,FALSE,東京化成工業株式会社,-, 1119-34-2,25,g,1,0,,,,,L-アルギニン塩酸塩,,,H-Arg-OH.HCl,,,東京化成工業株式会社,,-,-,25,g,g,1,-,-,-,-,,,, 1119-34-2,AOXKG,A0528,2000,,,,,,,,単位管理,Unit Management,－,－,-,-,,,-,-,,,,,,,,,,,,,,,,,
L-オルニチン一塩酸塩,FALSE,TRUE,FALSE,FALSE,FALSE,FALSE,FALSE,FALSE,FALSE,FALSE,FALSE,FALSE,FALSE,FALSE,FALSE,FALSE,東京化成工業株式会社,-, 3184-13-2,25,g,2,0,,,,,L-オルニチン一塩酸塩,,,L-Ornithine Monohydrochloride,,,東京化成工業株式会社,,-,-,25,g,g,1,-,-,-,-,,,, 3184-13-2,IDSKG,O0064,3900,,,,,,,,単位管理,Unit Management,－,－,-,-,,,-,-,,,,,,,,,,,,,,,,,
L-カルニチン (5g),FALSE,FALSE,FALSE,FALSE,TRUE,FALSE,FALSE,FALSE,FALSE,FALSE,FALSE,FALSE,FALSE,FALSE,FALSE,FALSE,(株)ワコーケミカル (和光純薬取扱),-, 541-15-1,5,g,1,0,,,,,L-カルニチン (5g),,,L-Carnitine,,,(株)ワコーケミカル (和光純薬取扱),,-,-,5,g,g,1,室温,,-,-,,,, 541-15-1,4.99E+12,327-64801,3500,C7H15NO3,-,-,,97+%,,mp. 197～212℃ ,単位管理,Unit Management,本,本,-,-,,,-,-,,,,,,,,,,,,,,,,,
L-グルタミン,FALSE,FALSE,FALSE,FALSE,FALSE,FALSE,FALSE,FALSE,FALSE,FALSE,FALSE,FALSE,TRUE,FALSE,FALSE,FALSE,東京化成工業株式会社,-, 56-85-9,25,g,1,0,,,,,L-グルタミン,,,L-Glutamine,,,東京化成工業株式会社,,-,-,25,g,g,1,-,-,-,-,,,, 56-85-9,FUGKG,G0063,1900,,,,,,,,単位管理,Unit Management,－,－,-,-,,,-,-,,,,,,,,,,,,,,,,,
L-グルタミン酸ナトリウム一水和物,FALSE,TRUE,FALSE,FALSE,FALSE,FALSE,FALSE,FALSE,FALSE,FALSE,FALSE,FALSE,FALSE,FALSE,FALSE,FALSE,東京化成工業株式会社,-, 6106-04-3,25,g,1,0,,,,,L-グルタミン酸ナトリウム一水和物,,,Sodium L-GlutamateMonohydrate,,,東京化成工業株式会社,,-,-,25,g,g,1,-,-,-,-,,,, 6106-04-3,FXXKG,G0188,1900,,,,,,,,単位管理,Unit Management,－,－,-,-,,,-,-,,,,,,,,,,,,,,,,,
L-システイン,FALSE,TRUE,FALSE,FALSE,FALSE,FALSE,FALSE,FALSE,FALSE,FALSE,FALSE,FALSE,FALSE,FALSE,FALSE,FALSE,東京化成工業株式会社,-, 52-90-4,25,g,1,0,,,,,L-システイン,,,L-Cysteine,,,東京化成工業株式会社,,-,-,25,g,g,1,-,-,-,-,,,, 52-90-4,CXFKG,C0515,3000,,,,,,,,単位管理,Unit Management,－,－,-,-,,,-,-,,,,,,,,,,,,,,,,,
L-システイン塩酸塩一水和物 (25g),FALSE,FALSE,FALSE,FALSE,FALSE,FALSE,FALSE,TRUE,FALSE,FALSE,FALSE,FALSE,FALSE,FALSE,FALSE,FALSE,富士フイルム和光純薬(株),試薬特級 [JISマーク認定品目],,25,g,1,0,,,,,L-システイン塩酸塩一水和物 (25g),,,L-Cysteine Hydrochloride Monohydrate,,,富士フイルム和光純薬(株),,試薬特級 [JISマーク認定品目],,25,g,g,1,室温,,-,-,,,,,4.99E+12,033-05272,3000,HSCH2CH(NH2)COOH・HCl・H2O,,,,99+%(mass/mass)(乾燥,,mp. 175-178℃ ,単位管理,Unit Management,－,－,-,-,,,-,-,,,,,,,,,,,,,,,,,
L-セリン,FALSE,TRUE,FALSE,FALSE,FALSE,FALSE,FALSE,FALSE,FALSE,FALSE,FALSE,FALSE,FALSE,FALSE,FALSE,FALSE,東京化成工業株式会社,-, 56-45-1,5,g,1,0,,,,,L-セリン,,,L-Serine,,,東京化成工業株式会社,,-,-,5,g,g,1,-,-,-,-,,,, 56-45-1,JINEG,S0035,2100,,,,,,,,単位管理,Unit Management,－,－,-,-,,,-,-,,,,,,,,,,,,,,,,,
L-チオプロリン,FALSE,TRUE,FALSE,FALSE,FALSE,FALSE,FALSE,FALSE,FALSE,FALSE,FALSE,FALSE,FALSE,FALSE,FALSE,FALSE,東京化成工業株式会社,-, 34592-47-7,25,g,1,0,,,,,L-チオプロリン,,,L-Thioproline,,,東京化成工業株式会社,,-,-,25,g,g,1,-,-,-,-,,,, 34592-47-7,KSCKG,T0219,6600,,,,,,,,単位管理,Unit Management,－,－,-,-,,,-,-,,,,,,,,,,,,,,,,,
L-トリプトファン,FALSE,FALSE,FALSE,FALSE,FALSE,TRUE,FALSE,FALSE,FALSE,FALSE,FALSE,FALSE,FALSE,FALSE,FALSE,FALSE,東京化成工業株式会社,-, 73-22-3,25,g,1,0,,,,,L-トリプトファン,,,L-Tryptophan,,,東京化成工業株式会社,,-,-,25,g,g,1,-,-,-,-,,,, 73-22-3,K1AKG,T0541,3900,,,,,,,,単位管理,Unit Management,－,－,-,-,,,-,-,,,,,,,,,,,,,,,,,
L-トレオニン,FALSE,FALSE,FALSE,FALSE,FALSE,FALSE,FALSE,FALSE,TRUE,FALSE,FALSE,FALSE,FALSE,FALSE,FALSE,FALSE,ナカライテスク（株）,GR, 72-19-5,25,g,1,0,,,,,L-トレオニン,,,L-Threonine,,,ナカライテスク（株）,,GR,,25,g,g,1,-,-,-,-,,,, 72-19-5,20HKI,33820-82,3500,C4H9NO3,,,,≧99.0%(T),119.12,mp. 255℃ (分解) ,単位管理,Unit Management,－,－,-,-,,,-,-,,,,,,,,,,,,,,,,,
L-バリン (25g),FALSE,TRUE,FALSE,FALSE,FALSE,FALSE,FALSE,FALSE,FALSE,FALSE,FALSE,FALSE,FALSE,FALSE,FALSE,FALSE,富士フイルム和光純薬(株),試薬特級 [JISマーク認定品目], 72-18-4,25,g,1,0,,,,,L-バリン (25g),,,L-Valine,,,富士フイルム和光純薬(株),,試薬特級 [JISマーク認定品目],,25,g,g,1.23,室温,,-,-,,,, 72-18-4,4.99E+12,228-00082,3400,C5H11NO2,,,,99+%(Titration)(afte,,mp. 315℃ ,単位管理,Unit Management,－,－,-,-,,,-,-,,,,,,,,,,,,,,,,,
L-ヒスチジン (25g),FALSE,FALSE,FALSE,FALSE,FALSE,FALSE,FALSE,FALSE,FALSE,FALSE,FALSE,FALSE,TRUE,FALSE,FALSE,FALSE,富士フイルム和光純薬(株),和光特級, 71-00-1,25,g,1,0,,,,,L-ヒスチジン (25g),,,L-Histidine,,,富士フイルム和光純薬(株),,和光特級,,25,g,g,1,室温,,-,-,,,, 71-00-1,4.99E+12,084-00682,3400,C6H9N3O2,,,,98+%(Titration),,mp. 約285℃ (dec.) ,単位管理,Unit Management,－,－,-,-,,,-,-,,,,,,,,,,,,,,,,,
L-ヒスチジン塩酸塩一水和物,FALSE,TRUE,FALSE,FALSE,FALSE,FALSE,FALSE,FALSE,FALSE,FALSE,FALSE,FALSE,FALSE,FALSE,FALSE,FALSE,東京化成工業株式会社,-, 5934-29-2,25,g,2,0,,,,,L-ヒスチジン塩酸塩一水和物,,,L-Histidine HydrochlorideMonohydrate,,,東京化成工業株式会社,,-,-,25,g,g,1,-,-,-,-,,,, 5934-29-2,F3QKG,H0150,1900,,,,,,,,単位管理,Unit Management,－,－,-,-,,,-,-,,,,,,,,,,,,,,,,,
L-フェニルアラニノール,FALSE,FALSE,FALSE,FALSE,FALSE,FALSE,TRUE,TRUE,FALSE,FALSE,FALSE,FALSE,FALSE,FALSE,FALSE,FALSE,東京化成工業株式会社,-, 3182-95-4,5,g,3,0,,,,,L-フェニルアラニノール,,,L-Phenylalaninol,,,東京化成工業株式会社,,-,-,5,g,g,1,-,-,-,-,,,, 3182-95-4,JAYEG,P1028,11600,,,,,,,,単位管理,Unit Management,－,－,-,-,,,-,-,,,,,,,,,,,,,,,,,
L-プロリン,FALSE,TRUE,FALSE,FALSE,FALSE,FALSE,FALSE,FALSE,FALSE,FALSE,FALSE,FALSE,TRUE,FALSE,FALSE,FALSE,東京化成工業株式会社,-, 147-85-3,25,g,2,0,,,,,L-プロリン,,,L-Proline,,,東京化成工業株式会社,,-,-,25,g,g,1,-,-,-,-,,,, 147-85-3,IVRKG,P0481,4000,,,,,,,,単位管理,Unit Management,－,－,-,-,,,-,-,,,,,,,,,,,,,,,,,
L-ﾒﾁｵﾆﾉｰﾙ,FALSE,FALSE,FALSE,FALSE,FALSE,FALSE,FALSE,FALSE,TRUE,FALSE,FALSE,FALSE,FALSE,FALSE,FALSE,FALSE,Thermo Fisher Scientific Inc.,-, 2899-37-8,1,g,1,0,,,,,L-ﾒﾁｵﾆﾉｰﾙ,,,L-Methioninol,,,Thermo Fisher Scientific Inc.,,-,-,1,g,g,1,冷蔵保存 0℃～6℃,,-,-,,,, 2899-37-8,,22923-1A,11000,C5H13NOS,ガラスビン,,,,135.231,,単位管理,Unit Management,－,－,-,-,,,-,-,,,,,,,,,C5／H13／N1／O1／S1,,,,,,,,
L-メチオニン (25g),FALSE,TRUE,FALSE,FALSE,FALSE,FALSE,FALSE,FALSE,FALSE,FALSE,FALSE,FALSE,FALSE,FALSE,FALSE,FALSE,富士フイルム和光純薬(株),和光特級, 63-68-3,25,g,1,0,,,,,L-メチオニン (25g),,,L-Methionine,,,富士フイルム和光純薬(株),,和光特級,,25,g,g,1.34,室温,,-,-,,,, 63-68-3,4.99E+12,133-01602,3100,CH3S(CH2)2CH(NH2)COOH,,,,99+%(Titration),,mp. 280℃ bp. 186℃  (昇華),単位管理,Unit Management,－,－,-,-,,,-,-,,,,,,,,,,,,,,,,,
l-ﾒﾝﾄｰﾙ,FALSE,FALSE,FALSE,FALSE,FALSE,FALSE,FALSE,FALSE,TRUE,FALSE,FALSE,FALSE,FALSE,FALSE,FALSE,FALSE,関東化学株式会社,鹿特級, 2216-51-5,25,g,1,0,,,,,l-ﾒﾝﾄｰﾙ,,,l-Menthol,,,関東化学株式会社,"Kanto Chemical Co., Inc.",鹿特級,,25,g,g,0.89,-,-,-,-,,,, 2216-51-5,2509430N,25094-30,2100,CH3C6H9(OH)CH(CH3)2,ガラスビン,,,>98.0%(T),156.265,bp.216℃ mp.42℃～44℃ d0.89 Fp.96℃,単位管理,Unit Management,－,－,-,-,,,-,-,,,,,,,k2509431.jpg,,C10／H20／O1,,,,,,,,
L-ﾛｲｼﾝ,FALSE,TRUE,FALSE,FALSE,FALSE,FALSE,FALSE,FALSE,FALSE,FALSE,FALSE,FALSE,FALSE,FALSE,FALSE,FALSE,関東化学株式会社,特級, 61-90-5,25,g,1,0,,,,,L-ﾛｲｼﾝ,,,L-Leucine,,,関東化学株式会社,"Kanto Chemical Co., Inc.",特級,,25,g,g,1,-,-,-,-,,,, 61-90-5,2409530N,24095-30,3400,(CH3)2CHCH2CHNH2COOH,ガラスビン,,"白,結晶又は粉末",>99.0%(T),131.173,mp.293℃～295℃(dec.),単位管理,Unit Management,－,－,-,-,,,-,-,,,,,,,,,C6／H13／N1／O2,,,,,,,,
L-乳酸,FALSE,FALSE,FALSE,FALSE,FALSE,FALSE,FALSE,FALSE,FALSE,FALSE,TRUE,FALSE,FALSE,FALSE,FALSE,FALSE,東京化成工業株式会社,-, 79-33-4,25,g,1,0,,,,,L-乳酸,,,L-Lactic Acid,,,東京化成工業株式会社,,-,-,25,g,g,1.21,-,-,-,-,,,, 79-33-4,OW9KG,L0165,3900,,,,,,,,単位管理,Unit Management,－,－,-,-,,,-,-,,,,,,,,,,,,,,,,,
"meso-α,β-ジ(4-ピリジル)グリコール",TRUE,FALSE,FALSE,FALSE,FALSE,FALSE,FALSE,FALSE,TRUE,FALSE,FALSE,FALSE,FALSE,FALSE,FALSE,FALSE,東京化成工業株式会社,-, 4972-49-0,5,g,2,0,,,,,"meso-α,β-ジ(4-ピリジル)グリコール",,,"meso-alpha,beta-Di(4-pyridyl) Glycol",,,東京化成工業株式会社,,-,-,5,g,g,1,-,-,-,-,,,, 4972-49-0,D89EG,D0936,20100,,,,,,,,単位管理,Unit Management,－,－,-,-,,,-,-,,,,,,,,,,,,,,,,,
meso-エリトリトール,FALSE,FALSE,FALSE,FALSE,FALSE,FALSE,FALSE,TRUE,FALSE,FALSE,FALSE,FALSE,FALSE,FALSE,FALSE,FALSE,ナカライテスク（株）,GR, 149-32-6,5,g,1,0,,,,,meso-エリトリトール,,,meso-Erythritol,,,ナカライテスク（株）,,GR,,5,g,g,1,冷暗貯蔵,,-,-,,,, 149-32-6,0V580,14531-04,3400,[CH(OH)CH2OH]2,,,,≧98.0%(HPLC),122.12,mp. 121℃ bp. 330℃(分解),単位管理,Unit Management,－,－,-,-,,,-,-,,,,,,,,,,,,,,,,,
"Metoclopramide hydrochloride, solid",TRUE,FALSE,FALSE,FALSE,FALSE,FALSE,FALSE,FALSE,FALSE,FALSE,FALSE,FALSE,FALSE,FALSE,FALSE,FALSE,Sigma,-, 7232-21-5,25,g,2,0,,,,,,,,"Metoclopramide hydrochloride, solid",,,Sigma,,-,-,25,g,g,1,室温,,-,-,,,, 7232-21-5,,M0763,,,,,,,,,単位管理,Unit Management,－,－,-,-,,,-,-,,,,,,,,,,,,,,,,,
myo-イノシトール,FALSE,TRUE,FALSE,FALSE,FALSE,FALSE,FALSE,FALSE,FALSE,FALSE,FALSE,FALSE,FALSE,FALSE,FALSE,FALSE,東京化成工業株式会社,-, 87-89-8,25,g,1,0,,,,,myo-イノシトール,,,myo-Inositol,,,東京化成工業株式会社,,-,-,25,g,g,1,-,-,-,-,,,, 87-89-8,GMOKG,I0040,1900,,,,,,,,単位管理,Unit Management,－,－,-,-,,,-,-,,,,,,,,,,,,,,,,,
m-ｱﾐﾉﾌｪﾉｰﾙ,FALSE,FALSE,FALSE,FALSE,TRUE,FALSE,FALSE,FALSE,FALSE,FALSE,FALSE,FALSE,FALSE,FALSE,FALSE,FALSE,関東化学株式会社,鹿特級, 591-27-5,25,g,1,0,,,,,m-ｱﾐﾉﾌｪﾉｰﾙ,m-ﾋﾄﾞﾛｷｼｱﾆﾘﾝ,,m-Aminophenol,m-Hydroxyaniline,,関東化学株式会社,"Kanto Chemical Co., Inc.",鹿特級,,25,g,g,1,-,-,-,-,,,, 591-27-5,0124430E,01244-30,2400,H2NC6H4OH,ガラスビン,,"白～淡黄,粉末又は薄片,あるいは帯灰黒色,小片",>97.0%(T),109.1257,mp.121℃～123℃,単位管理,Unit Management,－,－,-,-,,,-,-,,,,,,,,,C6／H7／N1／O1,,,,,,,,
m-キシリレンジアミン,FALSE,FALSE,FALSE,FALSE,FALSE,FALSE,FALSE,FALSE,FALSE,FALSE,TRUE,FALSE,FALSE,FALSE,FALSE,FALSE,東京化成工業株式会社,-, 1477-55-0,25,g,1,0,,,,,m-キシリレンジアミン,,,m-Xylylenediamine,,,東京化成工業株式会社,,-,-,25,g,g,1.05,-,-,-,-,,,, 1477-55-0,DMSKG,D0127,3300,,,,,,,,単位管理,Unit Management,－,－,-,-,,,-,-,,,,,,,,,,,,,,,,,
m-キシレン,FALSE,FALSE,FALSE,FALSE,FALSE,FALSE,FALSE,FALSE,FALSE,FALSE,TRUE,FALSE,FALSE,FALSE,FALSE,FALSE,東京化成工業株式会社,-, 108-38-3,500,ml,1,0,,,,,m-キシレン,,,m-Xylene,,,東京化成工業株式会社,,-,-,500,ml,ml,0.87,-,-,-,-,1,80,100, 108-38-3,LTKYM,X0013,2500,,,,,,,,単位管理,Unit Management,－,－,-,-,,,-,-,,,,,,,,,,,,,,,,,
m-ｸﾚｿﾞｰﾙ,FALSE,FALSE,FALSE,FALSE,FALSE,FALSE,FALSE,FALSE,FALSE,FALSE,FALSE,FALSE,FALSE,FALSE,TRUE,FALSE,関東化学株式会社,特級, 108-39-4,500,ml,1,0,,,,,m-ｸﾚｿﾞｰﾙ,3-ﾋﾄﾞﾛｷｼﾄﾙｴﾝ,3-ﾒﾁﾙﾌｪﾉｰﾙ,m-Cresol,3-Hydroxytoluene,3-Methylphenol,関東化学株式会社,"Kanto Chemical Co., Inc.",特級,,500,ml,ml,1.034,-,-,-,-,1,86,100, 108-39-4,0745400K,07454-00,7000,CH3C6H4OH,ガラスビン,,"無色～薄黄,液体",>98.0%(GC),108.1374,bp.202℃ mp.11℃～12℃ d(20/4℃) 1.034 Fp.86℃,単位管理,Unit Management,－,－,-,-,,,-,-,,,,,,,,,C7／H8／O1,,,,,,,,
m-トルアルデヒド(5mL),FALSE,FALSE,FALSE,FALSE,TRUE,FALSE,FALSE,FALSE,FALSE,FALSE,FALSE,FALSE,FALSE,FALSE,FALSE,FALSE,富士フイルム和光純薬(株),和光一級, 620-23-5,5,ml,1,0,,,,,m-トルアルデヒド(5mL),,,m-Tolualdehyde,,,富士フイルム和光純薬(株),,和光一級,,5,ml,ml,1.02,室温,,-,-,,,, 620-23-5,4.99E+12,204-13571,4500,CH3C6H4CHO,,,,95+%(Capillary GC),,bp. 199℃,単位管理,Unit Management,－,－,-,-,,,-,-,,,,,,,,,,,,,,,,,
ｍ‐ニトロ桂皮酸,FALSE,TRUE,FALSE,FALSE,FALSE,FALSE,FALSE,FALSE,FALSE,FALSE,FALSE,FALSE,FALSE,FALSE,FALSE,FALSE,ナカライテスク株式会社,GR, 555-68-0,5,g,1,0,,,,,ｍ‐ニトロ桂皮酸,,,ｍ‐Ｎｉｔｒｏｃｉｎｎａｍｉｃ  Ａｃｉｄ,,,ナカライテスク株式会社,,GR,,5,g,g,1,-,-,-,-,,,, 555-68-0,,2481674,3600,,-,-,,,,,単位管理,Unit Management,本,本,-,-,,,-,-,,,,,,,,,,,,,,,,,
m-フェニレンジアミン (25g),FALSE,FALSE,FALSE,FALSE,FALSE,FALSE,TRUE,FALSE,FALSE,FALSE,FALSE,FALSE,FALSE,FALSE,FALSE,FALSE,富士フイルム和光純薬(株),化学用, 108-45-2,25,g,2,0,,,,,m-フェニレンジアミン (25g),,,m-Phenylenediamine,,,富士フイルム和光純薬(株),,化学用,,25,g,g,1.139,冷蔵貯蔵,,-,-,1,348,100, 108-45-2,4.99E+12,160-01512,2400,H2NC6H4NH2,,,,95+%(Titration),,mp. 62～65℃ bp. 287℃,単位管理,Unit Management,－,－,-,-,,,-,-,,,,,,,,,,,,,,,,,
N-(2-アミノエチル)ピペラジン,FALSE,FALSE,FALSE,FALSE,FALSE,FALSE,TRUE,FALSE,FALSE,FALSE,FALSE,FALSE,FALSE,FALSE,FALSE,FALSE,東京化成工業株式会社,-, 140-31-8,25,ml,1,0,,,,,N-(2-アミノエチル)ピペラジン,,,N-(2-Aminoethyl)piperazine,,,東京化成工業株式会社,,-,-,25,ml,ml,0.99,-,-,-,-,,,, 140-31-8,AIPKM,A0304,2000,,,,,,,,単位管理,Unit Management,－,－,-,-,,,-,-,,,,,,,,,,,,,,,,,
N-(tert-ブトキシカルボニル)-3-(3-ピリジル)-L-アラニン,FALSE,TRUE,FALSE,FALSE,FALSE,FALSE,FALSE,FALSE,FALSE,FALSE,FALSE,FALSE,FALSE,FALSE,FALSE,FALSE,東京化成工業株式会社,-, 117142-26-4,1,g,1,0,,,,,N-(tert-ブトキシカルボニル)-3-(3-ピリジル)-L-アラニン,,,N-(tert-Butoxycarbonyl)-3-(3-pyridyl)-L-alanine,,,東京化成工業株式会社,,-,-,1,g,g,1,-,-,,,,,, 117142-26-4,0BFBG,B4324,6900,,,,,,,,単位管理,Unit Management,－,－,-,-,,,-,-,,,,,,,,,,,,,,,,,
N-(tert-ブトキシカルボニル)-L-フェニルアラニン,FALSE,TRUE,FALSE,FALSE,FALSE,FALSE,FALSE,FALSE,FALSE,FALSE,FALSE,FALSE,FALSE,FALSE,FALSE,FALSE,東京化成工業株式会社,-, 13734-34-4,5,g,1,0,,,,,N-(tert-ブトキシカルボニル)-L-フェニルアラニン,,,N-(tert-Butoxycarbonyl)-L-phenylalanine,,,東京化成工業株式会社,,-,-,5,g,g,1,-,-,-,-,,,, 13734-34-4,CC6EG,B1332,2600,,,,,,,,単位管理,Unit Management,－,－,-,-,,,-,-,,,,,,,,,,,,,,,,,
"N,N,N',N'-ﾃﾄﾗﾒﾁﾙｴﾁﾚﾝｼﾞｱﾐﾝ",FALSE,FALSE,FALSE,FALSE,FALSE,FALSE,FALSE,FALSE,TRUE,FALSE,FALSE,FALSE,FALSE,FALSE,FALSE,FALSE,Aldrich,-, 110-18-9,100,ml,1,0,,,,,"N,N,N',N'-ﾃﾄﾗﾒﾁﾙｴﾁﾚﾝｼﾞｱﾐﾝ",,,"N,N,N′,N′-Tetramethylethylenediamine, >=99.5%, purified by redistillation",,,Aldrich,,-,-,100,ml,ml,0.775,室温,,-,-,,,, 110-18-9,,411019,,,,,,,,,単位管理,Unit Management,－,－,-,-,,,-,-,,,,,,,,,,,,,,,,,
"N,N-ジメチルアセトアミド",FALSE,FALSE,FALSE,FALSE,FALSE,FALSE,FALSE,FALSE,FALSE,FALSE,TRUE,FALSE,FALSE,FALSE,FALSE,FALSE,東京化成工業株式会社,-, 127-19-5,500,ml,1,0,,,,,"N,N-ジメチルアセトアミド",,,"N,N-Dimethylacetamide",,,東京化成工業株式会社,,-,-,500,ml,ml,0.94,-,-,-,-,1,213,100, 127-19-5,D02YM,D0641,3300,,,,,,,,単位管理,Unit Management,－,－,-,-,,,-,-,,,,,,,,,,,,,,,,,
"N,N-ジメチルホルムアミド [吸光分析用]",FALSE,FALSE,FALSE,FALSE,FALSE,FALSE,FALSE,FALSE,FALSE,FALSE,TRUE,FALSE,FALSE,FALSE,FALSE,FALSE,東京化成工業株式会社,SG, 68-12-2,500,ml,0,1,,,,,"N,N-ジメチルホルムアミド [吸光分析用]",,,"N,N-Dimethylformamide[for Spectrophotometry]",,,東京化成工業株式会社,,SG,,500,ml,ml,0.95,-,-,-,-,1,232,100, 68-12-2,D9CYM,D0939,3400,,,,,,,,単位管理,Unit Management,－,－,-,-,,,-,-,,,,,,,,,,,,,,,,,
"N,N-ジメチルホルムアミド(超脱水) (500mL)",FALSE,FALSE,FALSE,FALSE,FALSE,FALSE,FALSE,FALSE,FALSE,FALSE,TRUE,FALSE,FALSE,FALSE,FALSE,FALSE,富士フイルム和光純薬(株),有機合成用, 68-12-2,500,ml,1,0,,,,,"N,N-ジメチルホルムアミド(超脱水) (500mL)",,,"N,N-Dimethylformamide, Super Dehydrated",,,富士フイルム和光純薬(株),,有機合成用,,500,ml,ml,0.95,冷暗貯蔵,,-,-,1,232,100, 68-12-2,4.55E+12,045-32365,5050,HCON(CH3)2,,,,99.5+%(Capillary GC),,mp. -61℃ bp. 約153℃,単位管理,Unit Management,－,－,-,-,,,-,-,,,,,,,,,,,,,,,,,
"N,N-ビス(3-クロロベンジル)アミン",FALSE,FALSE,FALSE,FALSE,FALSE,TRUE,FALSE,FALSE,FALSE,FALSE,FALSE,FALSE,FALSE,FALSE,FALSE,FALSE,東京化成工業株式会社,-, 129041-31-2,5,g,1,0,,,,,"N,N-ビス(3-クロロベンジル)アミン",,,"N,N-Bis(3-chlorobenzyl)amine",,,東京化成工業株式会社,,-,-,5,g,g,1,-,-,-,-,,,, 129041-31-2,NHHEG,B1793,18200,,,,,,,,単位管理,Unit Management,－,－,-,-,,,-,-,,,,,,,,,,,,,,,,,
"Naproxen sodium, 98.0-102.0%",TRUE,FALSE,FALSE,FALSE,FALSE,FALSE,FALSE,FALSE,FALSE,FALSE,FALSE,FALSE,FALSE,FALSE,FALSE,FALSE,Sigma,-, 26159-34-2,25,g,1,0,,,,,,,,"Naproxen sodium, 98.0-102.0%",,,Sigma,,-,-,25,g,g,1,室温,,-,-,,,, 26159-34-2,,M1275,,,,,,,,,単位管理,Unit Management,－,－,-,-,,,-,-,,,,,,,,,,,,,,,,,
"Naproxen sodium, 98.0-102.0%",TRUE,FALSE,FALSE,FALSE,FALSE,FALSE,FALSE,FALSE,FALSE,FALSE,FALSE,FALSE,FALSE,FALSE,FALSE,FALSE,Sigma,-, 26159-34-2,5,g,1,0,,,,,,,,"Naproxen sodium, 98.0-102.0%",,,Sigma,,-,-,5,g,g,1,室温,,-,-,,,, 26159-34-2,,M1275,,,,,,,,,単位管理,Unit Management,－,－,-,-,,,-,-,,,,,,,,,,,,,,,,,
"Nitrosobenzene, >=97%",FALSE,FALSE,FALSE,FALSE,TRUE,FALSE,FALSE,FALSE,FALSE,FALSE,FALSE,FALSE,FALSE,FALSE,FALSE,FALSE,Aldrich,-, 586-96-9,10,g,1,0,,,,,,,,"Nitrosobenzene, >=97%",,,Aldrich,,-,-,10,g,g,1,冷蔵貯蔵,,-,-,,,, 586-96-9,,N24609,,,,,,,,,単位管理,Unit Management,－,－,-,-,,,-,-,,,,,,,,,,,,,,,,,
N-n-オクチル-D-グルカミン,FALSE,TRUE,FALSE,FALSE,FALSE,FALSE,FALSE,FALSE,FALSE,FALSE,FALSE,FALSE,FALSE,FALSE,FALSE,FALSE,東京化成工業株式会社,-, 23323-37-7,5,g,1,0,,,,,N-n-オクチル-D-グルカミン,,,N-n-Octyl-D-glucamine,,,東京化成工業株式会社,,-,-,5,g,g,1,-,-,-,-,,,, 23323-37-7,UQ0EG,O0358,2500,,,,,,,,単位管理,Unit Management,－,－,-,-,,,-,-,,,,,,,,,,,,,,,,,
N-n-ブチルエタノールアミン(25g),FALSE,FALSE,FALSE,FALSE,FALSE,FALSE,TRUE,FALSE,FALSE,FALSE,FALSE,FALSE,FALSE,FALSE,FALSE,FALSE,富士フイルムワコーケミカル(株),-, 111-75-1,25,g,1,0,,,,,N-n-ブチルエタノールアミン(25g),,,N-n-Butylethanolamine,,,富士フイルムワコーケミカル(株),,-,-,25,g,g,0.893,室温,,-,-,,,, 111-75-1,4.99E+12,328-31562,2800,C6H15NO,,,,95+%(NMR),,,単位管理,Unit Management,－,－,-,-,,,-,-,,,,,,,,,,,,,,,,,
N-アセチル-L-システイン,FALSE,FALSE,FALSE,FALSE,FALSE,FALSE,FALSE,TRUE,FALSE,FALSE,FALSE,FALSE,FALSE,FALSE,FALSE,FALSE,ナカライテスク（株）,GR, 616-91-1,25,g,1,0,,,,,N-アセチル-L-システイン,,,N-Acetyl-L-cysteine,,,ナカライテスク（株）,,GR,,25,g,g,1,冷蔵貯蔵,,-,-,,,, 616-91-1,013IA,00512-42,4600,HSCH2CH(NHCOCH3)COOH,,,,≧98.0%(T),163.2,mp. 109～111℃ ,単位管理,Unit Management,－,－,-,-,,,-,-,,,,,,,,,,,,,,,,,
N-アセチルグリシン,FALSE,TRUE,FALSE,FALSE,FALSE,FALSE,FALSE,FALSE,FALSE,FALSE,FALSE,FALSE,FALSE,FALSE,FALSE,FALSE,東京化成工業株式会社,-, 543-24-8,25,g,1,0,,,,,N-アセチルグリシン,,,N-Acetylglycine,,,東京化成工業株式会社,,-,-,25,g,g,1,-,-,-,-,,,, 543-24-8,ACUKG,A0093,2500,,,,,,,,単位管理,Unit Management,－,－,-,-,,,-,-,,,,,,,,,,,,,,,,,
N-エチル-D-グルカミン,TRUE,FALSE,FALSE,FALSE,FALSE,FALSE,FALSE,FALSE,FALSE,FALSE,FALSE,FALSE,FALSE,FALSE,FALSE,FALSE,東京化成工業株式会社,-, 14216-22-9,25,g,1,0,,,,,N-エチル-D-グルカミン,,,N-Ethyl-D-glucamine,,,東京化成工業株式会社,,-,-,25,g,g,1,-,-,-,-,,,, 14216-22-9,X51KG,E0923,2500,,,,,,,,単位管理,Unit Management,－,－,-,-,,,-,-,,,,,,,,,,,,,,,,,
N-シクロヘキシルスルファミン酸,FALSE,TRUE,FALSE,FALSE,FALSE,FALSE,FALSE,FALSE,FALSE,FALSE,FALSE,FALSE,FALSE,FALSE,FALSE,FALSE,東京化成工業株式会社,-, 100-88-9,25,g,1,0,,,,,N-シクロヘキシルスルファミン酸,,,N-Cyclohexylsulfamic Acid,,,東京化成工業株式会社,,-,-,25,g,g,1,-,-,-,-,,,, 100-88-9,CWMKG,C0486,2500,,,,,,,,単位管理,Unit Management,－,－,-,-,,,-,-,,,,,,,,,,,,,,,,,
"n-ﾌﾞﾁﾙﾘﾁｳﾑ,n-ﾍｷｻﾝ溶液,1.6mol/L",FALSE,FALSE,FALSE,FALSE,FALSE,FALSE,FALSE,TRUE,FALSE,FALSE,FALSE,FALSE,FALSE,FALSE,FALSE,FALSE,関東化学株式会社,Organics, 109-72-8,100,ml,1,0,,,,,"n-ﾌﾞﾁﾙﾘﾁｳﾑ,n-ﾍｷｻﾝ溶液,1.6mol/L",,,"n-Butyllithium, in n-hexane, 1.6mol/L",,,関東化学株式会社,"Kanto Chemical Co., Inc.",Organics,,100,ml,ml,1,冷蔵保存 0℃～6℃,,-,-,1,392,100, 109-72-8,0493725U,04937-25,8500,CH3(CH2)2CH2Li,ガラスビン,,"無色～極薄黄,液体",1.5mol/L～1.7mol/L(T,64.0822,Fp.-22℃(as Hexane),単位管理,Unit Management,－,－,-,-,,,-,-,,,,,,,,,C4／H9／LI1,,,,,,,,
N-ブロモスクシンイミド,FALSE,FALSE,FALSE,FALSE,FALSE,FALSE,TRUE,FALSE,FALSE,FALSE,FALSE,FALSE,FALSE,FALSE,FALSE,FALSE,東京化成工業株式会社,-, 128-08-5,100,g,3,0,,,,,N-ブロモスクシンイミド,,,N-Bromosuccinimide,,,東京化成工業株式会社,,-,-,100,g,g,1,冷蔵貯蔵,,-,-,,,, 128-08-5,BUFSG,B0656,3100,,,,,,,,単位管理,Unit Management,－,－,-,-,,,-,-,,,,,,,,,,,,,,,,,
N-ブロモスクシンイミド,FALSE,FALSE,FALSE,FALSE,TRUE,FALSE,FALSE,FALSE,FALSE,FALSE,FALSE,FALSE,FALSE,FALSE,FALSE,FALSE,ナカライテスク（株）,ＥＰ, 128-08-5,25,g,0,1,,,,,N-ブロモスクシンイミド,,,N-Bromosuccinimide,,,ナカライテスク（株）,,ＥＰ,,25,g,g,1,冷暗貯蔵,,-,-,,,, 128-08-5,0CHB2,05823-22,1800,C4H4O2NBr,,,,≧98.0%(T),177.98,mp. 180℃ ,単位管理,Unit Management,－,－,-,-,,,-,-,,,,,,,,,,,,,,,,,
N-ブロモスクシンイミド (100g),FALSE,FALSE,TRUE,FALSE,FALSE,FALSE,FALSE,FALSE,FALSE,FALSE,FALSE,FALSE,FALSE,FALSE,FALSE,FALSE,富士フイルム和光純薬(株),試薬特級 [JISマーク認定品目], 128-08-5,100,g,1,0,,,,,N-ブロモスクシンイミド (100g),,,N-Bromosuccinimide,,,富士フイルム和光純薬(株),,試薬特級 [JISマーク認定品目],,100,g,g,1,冷蔵貯蔵,,-,-,,,, 128-08-5,4.99E+12,023-07231,3350,C4H4BrNO2,,,,98+%(Titration),,mp. 約 180℃ ,単位管理,Unit Management,－,－,-,-,,,-,-,,,,,,,,,,,,,,,,,
n-ﾍｷｼﾙｱﾙｺｰﾙ,FALSE,FALSE,FALSE,FALSE,FALSE,FALSE,FALSE,FALSE,FALSE,FALSE,TRUE,FALSE,FALSE,FALSE,FALSE,FALSE,関東化学株式会社,鹿特級, 111-27-3,500,ml,1,0,,,,,n-ﾍｷｼﾙｱﾙｺｰﾙ,1-ﾍｷｻﾉｰﾙ,1-ﾋﾄﾞﾛｷｼﾍｷｻﾝ,n-Hexyl alcohol,1-Hexanol,1-Hydroxyhexane,関東化学株式会社,"Kanto Chemical Co., Inc.",鹿特級,,500,ml,ml,0.82,-,-,-,-,,,, 111-27-3,1804800L,18048-00,3700,CH3(CH2)5OH,ガラスビン,,"無色透明,液体",>98.0%(GC),102.1747,bp.157℃ mp.-52℃ d(20/20℃) 0.817～0.823 Fp.65℃,単位管理,Unit Management,－,－,-,-,,,-,-,,,,,,,,,C6／H14／O1,,,,,,,,
n-ﾍﾟﾝﾁﾙｱﾙｺｰﾙ,FALSE,FALSE,FALSE,FALSE,FALSE,FALSE,FALSE,FALSE,FALSE,FALSE,TRUE,FALSE,FALSE,FALSE,FALSE,FALSE,関東化学株式会社,鹿特級, 71-41-0,500,ml,2,0,,,,,n-ﾍﾟﾝﾁﾙｱﾙｺｰﾙ,ｱﾐﾙｱﾙｺｰﾙ,1-ﾍﾟﾝﾀﾉｰﾙ,n-Pentyl alcohol,Amyl alcohol,1-Pentanol,関東化学株式会社,"Kanto Chemical Co., Inc.",鹿特級,,500,ml,ml,0.815,-,-,-,-,,,, 71-41-0,0133500C,01335-00,3400,CH3(CH2)4OH,ガラスビン,,,>98.5%(GC),88.1482,bp.137.5℃ mp.-78℃ d(20/4℃) 0.815 Fp.51℃,単位管理,Unit Management,－,－,-,-,,,-,-,,,,,,,,,C5／H12／O1,,,,,,,,
N-メチル-D-グルカミン,FALSE,TRUE,FALSE,FALSE,FALSE,FALSE,FALSE,FALSE,FALSE,FALSE,FALSE,FALSE,TRUE,FALSE,FALSE,FALSE,東京化成工業株式会社,-, 6284-40-8,25,g,3,0,,,,,N-メチル-D-グルカミン,,,N-Methyl-D-glucamine,,,東京化成工業株式会社,,-,-,25,g,g,1,-,-,-,-,,,, 6284-40-8,G8VKG,M0227,2600,,,,,,,,単位管理,Unit Management,－,－,-,-,,,-,-,,,,,,,,,,,,,,,,,
"Octafluoro-1,4-diiodobutane, 98%",FALSE,FALSE,FALSE,TRUE,FALSE,FALSE,FALSE,FALSE,FALSE,FALSE,FALSE,FALSE,FALSE,FALSE,FALSE,FALSE,Aldrich,-, 375-50-8,5,g,1,0,,,,,,,,"Octafluoro-1,4-diiodobutane, 98%",,,Aldrich,,-,-,5,g,g,2.474,室温,,-,-,,,, 375-50-8,4.55E+12,473863,,,,,,,,,単位管理,Unit Management,－,－,-,-,,,-,-,,,,,,,,,,,,,,,,,
o-ｱﾐﾉﾌｪﾉｰﾙ,FALSE,FALSE,FALSE,FALSE,FALSE,FALSE,FALSE,TRUE,FALSE,FALSE,FALSE,FALSE,FALSE,FALSE,FALSE,FALSE,関東化学株式会社,鹿1級, 95-55-6,25,g,1,0,,,,,o-ｱﾐﾉﾌｪﾉｰﾙ,o-ﾋﾄﾞﾛｷｼｱﾆﾘﾝ,,o-Aminophenol,o-Hydroxyaniline,,関東化学株式会社,"Kanto Chemical Co., Inc.",鹿1級,,25,g,g,1,-,-,-,-,1,570,100, 95-55-6,0124331E,01243-31,3200,H2NC6H4OH,ガラスビン,,,>95.0%(T),109.1257,mp.177℃,単位管理,Unit Management,－,－,-,-,,,-,-,,,,,,,,,C6／H7／N1／O1,,,,,,,,
o-キシレン,FALSE,FALSE,FALSE,FALSE,FALSE,FALSE,FALSE,FALSE,FALSE,FALSE,TRUE,FALSE,FALSE,FALSE,FALSE,FALSE,東京化成工業株式会社,-, 95-47-6,500,ml,1,0,,,,,o-キシレン,,,o-Xylene,,,東京化成工業株式会社,,-,-,500,ml,ml,0.88,-,-,-,-,1,80,100, 95-47-6,LTJYM,X0012,2300,,,,,,,,単位管理,Unit Management,－,－,-,-,,,-,-,,,,,,,,,,,,,,,,,
o-ｸﾚｿﾞｰﾙ,FALSE,FALSE,FALSE,FALSE,FALSE,FALSE,FALSE,FALSE,FALSE,FALSE,FALSE,FALSE,FALSE,FALSE,TRUE,FALSE,関東化学株式会社,特級, 95-48-7,500,ml,1,0,,,,,o-ｸﾚｿﾞｰﾙ,2-ﾋﾄﾞﾛｷｼﾄﾙｴﾝ,2-ﾒﾁﾙﾌｪﾉｰﾙ,o-Cresol,2-Hydroxytoluene,2-Methylphenol,関東化学株式会社,"Kanto Chemical Co., Inc.",特級,,500,ml,ml,1.047,-,-,-,-,1,86,100, 95-48-7,0745300J,07453-00,3900,CH3C6H4OH,ガラスビン,,"無色～薄黄,結晶又は液体",>99.0%(GC),108.1374,bp.191℃～192℃ mp.30℃ d(20/4℃) 1.047 Fp.81.1℃,単位管理,Unit Management,－,－,-,-,,,-,-,,,,,,,,,C7／H8／O1,,,,,,,,
o-ｸﾛﾛﾌｪﾉｰﾙ,FALSE,FALSE,FALSE,FALSE,FALSE,FALSE,FALSE,FALSE,FALSE,FALSE,FALSE,FALSE,FALSE,FALSE,TRUE,FALSE,関東化学株式会社,鹿1級, 95-57-8,500,g,1,0,,,,,o-ｸﾛﾛﾌｪﾉｰﾙ,,,o-Chlorophenol (o=2),,,関東化学株式会社,"Kanto Chemical Co., Inc.",鹿1級,,500,g,g,1.265,-,-,-,-,,,, 95-57-8,0729401N,07294-01,2500,ClC6H4OH,ガラスビン,,,>95.0%(GC),128.5549,bp.175℃ mp.9.3℃ d1.262～1.268 Fp.71℃,単位管理,Unit Management,－,－,-,-,,,-,-,,,,,,,,,C6／CL1／H5／O1,,,,,,,,
o-スルホベンズイミド,FALSE,TRUE,FALSE,FALSE,FALSE,FALSE,FALSE,FALSE,FALSE,FALSE,FALSE,FALSE,FALSE,FALSE,FALSE,FALSE,東京化成工業株式会社,-, 81-07-2,25,g,2,0,,,,,o-スルホベンズイミド,,,o-Sulfobenzimide,,,東京化成工業株式会社,,-,-,25,g,g,1,-,-,-,-,,,, 81-07-2,BCCKG,B0004,2200,,,,,,,,単位管理,Unit Management,－,－,-,-,,,-,-,,,,,,,,,,,,,,,,,
o-スルホベンズイミドナトリウム二水和物,FALSE,TRUE,FALSE,FALSE,FALSE,FALSE,FALSE,FALSE,FALSE,FALSE,FALSE,FALSE,FALSE,FALSE,FALSE,FALSE,東京化成工業株式会社,-, 6155-57-3,25,g,1,0,,,,,o-スルホベンズイミドナトリウム二水和物,,,o-Sulfobenzimide Sodium SaltDihydrate,,,東京化成工業株式会社,,-,-,25,g,g,1,-,-,-,-,,,, 6155-57-3,BFVKG,B0131,1900,,,,,,,,単位管理,Unit Management,－,－,-,-,,,-,-,,,,,,,,,,,,,,,,,
o-バニリン,FALSE,TRUE,FALSE,FALSE,FALSE,FALSE,FALSE,FALSE,FALSE,FALSE,FALSE,FALSE,FALSE,FALSE,FALSE,FALSE,東京化成工業株式会社,-, 148-53-8,25,g,1,0,,,,,o-バニリン,,,o-Vanillin,,,東京化成工業株式会社,,-,-,25,g,g,1,-,-,-,-,,,, 148-53-8,F6UKG,H0262,3100,,,,,,,,単位管理,Unit Management,－,－,-,-,,,-,-,,,,,,,,,,,,,,,,,
o-フェニレンジアミン (25g),FALSE,FALSE,FALSE,FALSE,FALSE,FALSE,TRUE,FALSE,FALSE,FALSE,FALSE,FALSE,FALSE,FALSE,FALSE,FALSE,富士フイルム和光純薬(株),和光一級, 95-54-5,25,g,1,0,,,,,o-フェニレンジアミン (25g),,,o-Phenylenediamine,,,富士フイルム和光純薬(株),,和光一級,,25,g,g,1,冷蔵貯蔵,,-,-,1,348,100, 95-54-5,4.99E+12,160-11022,2850,H2NC6H4NH2,,,,95+%(Titration),,mp. 100～104℃ bp. 252℃,単位管理,Unit Management,－,－,-,-,,,-,-,,,,,,,,,,,,,,,,,
o-フタルアルデヒド,FALSE,TRUE,FALSE,FALSE,FALSE,FALSE,FALSE,FALSE,FALSE,FALSE,FALSE,FALSE,FALSE,FALSE,FALSE,FALSE,東京化成工業株式会社,-, 643-79-8,5,g,1,0,,,,,o-フタルアルデヒド,,,o-Phthalaldehyde[for HPLC Labeling],,,東京化成工業株式会社,,-,-,5,g,g,1,-,-,-,-,,,, 643-79-8,IP6EG,P0280,5700,,,,,,,,単位管理,Unit Management,－,－,-,-,,,-,-,,,,,,,,,,,,,,,,,
PAR,FALSE,TRUE,FALSE,FALSE,FALSE,FALSE,FALSE,FALSE,FALSE,FALSE,FALSE,FALSE,FALSE,FALSE,FALSE,FALSE,東京化成工業株式会社,Ace, 1141-59-9,5,g,1,0,,,,,PAR,,,PAR[=4-(2-Pyridylazo)resorcinol] [Spectrophotometric reagent for transition metals],,,東京化成工業株式会社,,Ace,,5,g,g,1,-,-,-,-,,,, 1141-59-9,A83EG,A5001,16300,,,,,,,,単位管理,Unit Management,－,－,-,-,,,-,-,,,,,,,,,,,,,,,,,
Pefloxacin mesylate dihydrate,FALSE,TRUE,FALSE,FALSE,FALSE,FALSE,FALSE,FALSE,FALSE,FALSE,FALSE,FALSE,FALSE,FALSE,FALSE,FALSE,Sigma,-, 149676-40-4,10,g,1,0,,,,,,,,Pefloxacin mesylate dihydrate,,,Sigma,,-,-,10,g,g,1,冷蔵貯蔵,,-,-,,,, 149676-40-4,,P0106,,,,,,,,,単位管理,Unit Management,－,－,-,-,,,-,-,,,,,,,,,,,,,,,,,
"PHENANTHRIDINE, 98%",FALSE,TRUE,FALSE,FALSE,FALSE,FALSE,FALSE,FALSE,FALSE,FALSE,FALSE,FALSE,FALSE,FALSE,FALSE,FALSE,Aldrich,-, 229-87-8,1,g,1,0,,,,,"PHENANTHRIDINE, 98%",,,"PHENANTHRIDINE, 98%",,,Aldrich,,-,-,1,g,g,1,室温,,-,-,,,, 229-87-8,,157384,,,-,-,,,,,単位管理,Unit Management,本,本,-,-,,,-,-,,,,,,,,,,,,,,,,,
Phosphomycin calcium salt,FALSE,FALSE,FALSE,FALSE,FALSE,FALSE,FALSE,FALSE,TRUE,FALSE,FALSE,FALSE,FALSE,FALSE,FALSE,FALSE,Sigma,-, 26016-98-8,5,g,1,0,,,,,,,,Phosphomycin calcium salt,,,Sigma,,-,-,5,g,g,1,２-８℃,,,,,,, 26016-98-8,,P7902,,,,,,,,,単位管理,Unit Management,－,－,-,-,,,-,-,,,,,,,,,,,,,,,,,
"Poly(ethylene terephthalate), granular",FALSE,FALSE,TRUE,FALSE,FALSE,FALSE,FALSE,FALSE,FALSE,FALSE,FALSE,FALSE,FALSE,FALSE,FALSE,FALSE,Aldrich,-, 25038-59-9,250,g,1,0,,,,,,,,"Poly(ethylene terephthalate), granular",,,Aldrich,,-,-,250,g,g,1.68,室温,,-,-,,,, 25038-59-9,,429252,,,,,,,,,単位管理,Unit Management,－,－,-,-,,,-,-,,,,,,,,,,,,,,,,,
PREDNISOLONE,FALSE,TRUE,FALSE,FALSE,FALSE,FALSE,FALSE,FALSE,FALSE,FALSE,FALSE,FALSE,FALSE,FALSE,FALSE,FALSE,Sigma,-, 50-24-8,1,g,1,0,,,,,PREDNISOLONE,,,PREDNISOLONE,,,Sigma,,-,-,1,g,g,1,冷暗貯蔵,,-,-,,,, 50-24-8,,P6004,,,-,-,,,,,単位管理,Unit Management,本,本,-,-,,,-,-,,,,,,,,,,,,,,,,,
"PYRIDINE, 99+%",FALSE,FALSE,FALSE,FALSE,FALSE,FALSE,FALSE,FALSE,FALSE,FALSE,TRUE,FALSE,FALSE,FALSE,FALSE,FALSE,Aldrich,-, 110-86-1,500,ml,1,0,,,,,"PYRIDINE, 99+%",,,"PYRIDINE, 99+%",,,Aldrich,,-,-,500,ml,ml,1,冷暗貯蔵,,-,-,1,342,100, 110-86-1,,P57506,,,-,-,,,,,単位管理,Unit Management,本,本,-,-,,,-,-,,,,,,,,,,,,,,,,,
p-アセトアミドフェノール,FALSE,FALSE,FALSE,FALSE,TRUE,FALSE,FALSE,FALSE,FALSE,FALSE,FALSE,FALSE,FALSE,FALSE,FALSE,FALSE,ナカライテスク（株）,GR, 103-90-2,25,g,1,0,,,,,p-アセトアミドフェノール,,,p-Acetamidophenol,,,ナカライテスク（株）,,GR,,25,g,g,1,-,-,-,-,,,, 103-90-2,00FQQ,00204-82,2500,CH3CONHC6H4OH,,,,≧98.0%(HPLC),151.16,mp. 170℃ bp. >500℃,単位管理,Unit Management,－,－,-,-,,,-,-,,,,,,,,,,,,,,,,,
p-アニシジン,FALSE,TRUE,FALSE,FALSE,FALSE,FALSE,FALSE,FALSE,FALSE,FALSE,FALSE,FALSE,FALSE,FALSE,FALSE,FALSE,東京化成工業株式会社,-, 104-94-9,25,g,1,0,,,,,p-アニシジン,,,p-Anisidine,,,東京化成工業株式会社,,-,-,25,g,g,1,冷蔵貯蔵,,-,-,,,, 104-94-9,ANSKG,A0487,2800,,,,,,,,単位管理,Unit Management,－,－,-,-,,,-,-,,,,,,,,,,,,,,,,,
p-アニスアルデヒド,FALSE,FALSE,FALSE,FALSE,FALSE,FALSE,FALSE,FALSE,FALSE,FALSE,TRUE,FALSE,FALSE,FALSE,FALSE,FALSE,東京化成工業株式会社,-, 123-11-5,25,ml,1,0,,,,,p-アニスアルデヒド,,,p-Anisaldehyde,,,東京化成工業株式会社,,-,-,25,ml,ml,1.12,-,-,-,-,,,, 123-11-5,ANLKM,A0480,2200,,,,,,,,単位管理,Unit Management,－,－,-,-,,,-,-,,,,,,,,,,,,,,,,,
p-アニス酸,FALSE,TRUE,FALSE,FALSE,FALSE,FALSE,FALSE,FALSE,FALSE,FALSE,FALSE,FALSE,FALSE,FALSE,FALSE,FALSE,東京化成工業株式会社,-, 100-09-4,25,g,1,0,,,,,p-アニス酸,,,p-Anisic Acid,,,東京化成工業株式会社,,-,-,25,g,g,1,-,-,-,-,,,, 100-09-4,ANNKG,A0482,2000,,,,,,,,単位管理,Unit Management,－,－,-,-,,,-,-,,,,,,,,,,,,,,,,,
p-ｱﾐﾉﾌｪﾉｰﾙ,FALSE,FALSE,FALSE,FALSE,TRUE,FALSE,FALSE,FALSE,FALSE,FALSE,FALSE,FALSE,FALSE,FALSE,FALSE,FALSE,関東化学株式会社,鹿1級, 123-30-8,25,g,1,0,,,,,p-ｱﾐﾉﾌｪﾉｰﾙ,p-ﾋﾄﾞﾛｷｼｱﾆﾘﾝ,,p-Aminophenol,p-Hydroxyaniline,,関東化学株式会社,"Kanto Chemical Co., Inc.",鹿1級,,25,g,g,1,-,-,-,-,1,23,100, 123-30-8,0124531G,01245-31,2500,H2NC6H4OH,ガラスビン,,"白～紫又は薄黄又は暗い黄赤,結晶～粉末",>97.0%(T),109.1257,mp.186℃,単位管理,Unit Management,－,－,-,-,,,-,-,,,,,,,,,C6／H7／N1／O1,,,,,,,,
p-アミノフェノール,FALSE,FALSE,FALSE,FALSE,FALSE,FALSE,FALSE,FALSE,FALSE,FALSE,FALSE,FALSE,TRUE,FALSE,FALSE,FALSE,ナカライテスク（株）,ＥＰ, 123-30-8,25,g,1,0,,,,,p-アミノフェノール,,,p-Aminophenol,,,ナカライテスク（株）,,ＥＰ,,25,g,g,1,冷蔵貯蔵,,-,-,1,23,100, 123-30-8,0IUS6,08797-92,3200,H2NC6H4OH,,,,≧98.0%(T),109.13,mp. 187℃ bp. 284℃ (分解),単位管理,Unit Management,－,－,-,-,,,-,-,,,,,,,,,,,,,,,,,
p-アミノフェノール (25g),FALSE,FALSE,FALSE,FALSE,FALSE,TRUE,FALSE,FALSE,FALSE,FALSE,FALSE,FALSE,TRUE,FALSE,FALSE,FALSE,富士フイルム和光純薬(株),和光一級, 123-30-8,25,g,1,0,,,,,p-アミノフェノール (25g),,,p-Aminophenol,,,富士フイルム和光純薬(株),,和光一級,,25,g,g,1,室温,,-,-,1,23,100, 123-30-8,4.99E+12,015-02692,3250,H2NC6H4OH,,,,98+%(HPLC),,mp. 約186℃(dec.) ,単位管理,Unit Management,－,－,-,-,,,-,-,,,,,,,,,,,,,,,,,
p-キシレン,FALSE,FALSE,FALSE,FALSE,FALSE,FALSE,FALSE,FALSE,FALSE,FALSE,TRUE,FALSE,FALSE,FALSE,FALSE,FALSE,東京化成工業株式会社,-, 106-42-3,500,ml,1,0,,,,,p-キシレン,,,p-Xylene,,,東京化成工業株式会社,,-,-,500,ml,ml,0.86,-,-,-,-,1,80,100, 106-42-3,LTLYM,X0014,2500,,,,,,,,単位管理,Unit Management,－,－,-,-,,,-,-,,,,,,,,,,,,,,,,,
p-ｸﾚｿﾞｰﾙ,FALSE,FALSE,FALSE,FALSE,FALSE,FALSE,FALSE,FALSE,FALSE,FALSE,FALSE,FALSE,FALSE,FALSE,TRUE,FALSE,関東化学株式会社,特級, 106-44-5,500,ml,1,0,,,,,p-ｸﾚｿﾞｰﾙ,4-ﾋﾄﾞﾛｷｼﾄﾙｴﾝ,4-ﾒﾁﾙﾌｪﾉｰﾙ,p-Cresol,4-Hydroxytoluene,4-Methylphenol,関東化学株式会社,"Kanto Chemical Co., Inc.",特級,,500,ml,ml,1.034,-,-,-,-,1,86,100, 106-44-5,0745500L,07455-00,3300,CH3C6H4OH,ガラスビン,,"無色～薄黄,液体又は固体",>99.0%(GC),108.1374,bp.201.8℃ mp.35.5℃ d(20/4℃) 1.034 Fp.150℃,単位管理,Unit Management,－,－,-,-,,,-,-,,,,,,,,,C7／H8／O1,,,,,,,,
p-クロロベンズアルデヒド (25g),FALSE,FALSE,FALSE,FALSE,FALSE,FALSE,FALSE,FALSE,TRUE,FALSE,FALSE,FALSE,FALSE,FALSE,FALSE,FALSE,富士フイルム和光純薬(株),和光特級, 104-88-1,25,g,1,0,,,,,p-クロロベンズアルデヒド (25g),,,p-Chlorobenzaldehyde,,,富士フイルム和光純薬(株),,和光特級,,25,g,g,1.196,室温,,-,-,,,, 104-88-1,4.99E+12,038-02422,2420,ClC6H4CHO,,,,98+%(Capillary GC),,mp. 46～50℃ bp. 約214℃,単位管理,Unit Management,－,－,-,-,,,-,-,,,,,,,,,,,,,,,,,
p-ｸﾛﾛ安息香酸,FALSE,FALSE,FALSE,FALSE,FALSE,FALSE,FALSE,TRUE,FALSE,FALSE,FALSE,FALSE,FALSE,FALSE,FALSE,FALSE,関東化学株式会社,鹿特級, 74-11-3,25,g,1,0,,,,,p-ｸﾛﾛ安息香酸,,,p-Chlorobenzoic acid,,,関東化学株式会社,"Kanto Chemical Co., Inc.",鹿特級,,25,g,g,1,-,-,-,-,,,, 74-11-3,0725630N,07256-30,3300,ClC6H4COOH,ガラスビン,,,>98.0%(T),156.5649,mp.243℃,単位管理,Unit Management,－,－,-,-,,,-,-,,,,,,,,,C7／CL1／H5／O2,,,,,,,,
p-シアノ安息香酸 (5g),FALSE,FALSE,FALSE,FALSE,TRUE,FALSE,FALSE,FALSE,FALSE,FALSE,FALSE,FALSE,FALSE,FALSE,FALSE,FALSE,和光純薬工業(株),和光特級, 619-65-8,5,g,1,0,,,,,p-シアノ安息香酸 (5g),,,p-Cyanobenzoic Acid,,,和光純薬工業(株),,和光特級,,5,g,g,1,室温,,,,,,, 619-65-8,4.99E+12,033-05451,9000,NCC6H4COOH,,,,98+%(HPLC),,mp. 218～223℃ ,単位管理,Unit Management,－,－,-,-,,,-,-,,,,,,,,,,,,,,,,,
p-ジメチルアミノベンズアルデヒド,FALSE,FALSE,FALSE,FALSE,TRUE,FALSE,FALSE,FALSE,FALSE,FALSE,FALSE,FALSE,FALSE,FALSE,FALSE,FALSE,ナカライテスク（株）,特級(ＧＲ), 100-10-7,25,g,1,0,,,,,p-ジメチルアミノベンズアルデヒド,,,p-Dimethylaminobenzaldehyde,,,ナカライテスク（株）,,特級(ＧＲ),,25,g,g,1,-,-,-,-,,,, 100-10-7,0RGW2,12816-02,2500,(CH3)2NC6H4CHO,,,,≧99.0%(T),149.19,mp. 74℃ ,単位管理,Unit Management,－,－,-,-,,,-,-,,,,,,,,,,,,,,,,,
p-トルイジン,FALSE,FALSE,FALSE,FALSE,FALSE,FALSE,TRUE,TRUE,FALSE,FALSE,FALSE,FALSE,FALSE,FALSE,FALSE,FALSE,東京化成工業株式会社,-, 106-49-0,25,g,1,0,,,,,p-トルイジン,,,p-Toluidine,,,東京化成工業株式会社,,-,-,25,g,g,1,冷蔵貯蔵,,-,-, 特1,299,100, 106-49-0,KULKG,T0300,3000,,,,,,,,単位管理,Unit Management,－,－,-,-,,,-,-,,,,,,,,,,,,,,,,,
p-トルイジン (25g),FALSE,FALSE,FALSE,FALSE,FALSE,TRUE,FALSE,FALSE,FALSE,FALSE,FALSE,FALSE,FALSE,FALSE,FALSE,FALSE,富士フイルム和光純薬(株),和光特級, 106-49-0,25,g,1,0,,,,,p-トルイジン (25g),,,p-Toluidine,,,富士フイルム和光純薬(株),,和光特級,,25,g,g,0.962,冷蔵貯蔵,,-,-, 特1,299,100, 106-49-0,4.99E+12,203-02012,2860,CH3C6H4NH2,,,,98+%(Capillary GC),,mp. 42-45℃ bp. 201℃,単位管理,Unit Management,－,－,-,-,,,-,-,,,,,,,,,,,,,,,,,
p-トルエンスルホンアミド,FALSE,FALSE,FALSE,FALSE,FALSE,FALSE,FALSE,FALSE,FALSE,FALSE,FALSE,FALSE,TRUE,FALSE,FALSE,FALSE,東京化成工業株式会社,-, 70-55-3,25,g,1,0,,,,,p-トルエンスルホンアミド,,,p-Toluenesulfonamide,,,東京化成工業株式会社,,-,-,25,g,g,1,-,-,-,-,,,, 70-55-3,KT2KG,T0281,1900,,,,,,,,単位管理,Unit Management,－,－,-,-,,,-,-,,,,,,,,,,,,,,,,,
p-トルエンスルホン酸ナトリウム,FALSE,TRUE,FALSE,FALSE,FALSE,FALSE,FALSE,FALSE,FALSE,FALSE,FALSE,FALSE,FALSE,FALSE,FALSE,FALSE,東京化成工業株式会社,-, 657-84-1,25,g,1,0,,,,,p-トルエンスルホン酸ナトリウム,,,Sodium p-Toluenesulfonate,,,東京化成工業株式会社,,-,-,25,g,g,1,-,-,-,-,,,, 657-84-1,KTSKG,T0271,1900,,,,,,,,単位管理,Unit Management,－,－,-,-,,,-,-,,,,,,,,,,,,,,,,,
p-トルエンスルホン酸メチル,FALSE,FALSE,FALSE,FALSE,FALSE,FALSE,FALSE,FALSE,FALSE,TRUE,FALSE,FALSE,FALSE,FALSE,FALSE,FALSE,東京化成工業株式会社,-, 80-48-8,25,g,1,0,,,,,p-トルエンスルホン酸メチル,,,Methyl p-Toluenesulfonate,,,東京化成工業株式会社,,-,-,25,g,g,1,-,-,-,-,,,, 80-48-8,KTQKG,T0269,2000,,,,,,,,単位管理,Unit Management,－,－,-,-,,,-,-,,,,,,,,,,,,,,,,,
p-ﾄﾙｴﾝｽﾙﾎﾝ酸酢酸溶液,FALSE,TRUE,FALSE,FALSE,FALSE,FALSE,FALSE,FALSE,FALSE,FALSE,FALSE,FALSE,FALSE,FALSE,FALSE,FALSE,Thermo Fisher Scientific Inc.,-, 104-15-4,250,g,1,0,,,,,p-ﾄﾙｴﾝｽﾙﾎﾝ酸酢酸溶液,ﾄｼﾙ酸酢酸溶液,,"p-Toluenesulfonic acid, in acetic acid","Tosic acid, in acetic acid",,Thermo Fisher Scientific Inc.,,-,-,250,g,g,1.07,-,-,-,-,,,, 104-15-4,,42122-1A,25960,C7H8O3S,ガラスビン,,,,172.2042,bp.116℃ d1.0700,単位管理,Unit Management,－,－,-,-,,,-,-,,,,,,,,,C7／H8／O3／S1,,,,,,,,
p-ニトロけい皮酸 (5g),FALSE,FALSE,TRUE,FALSE,FALSE,FALSE,FALSE,FALSE,FALSE,FALSE,FALSE,FALSE,FALSE,FALSE,FALSE,FALSE,和光純薬工業(株),-, 619-89-6,5,g,1,0,,,,,p-ニトロけい皮酸 (5g),,,p-Nitrocinnamic Acid,,,和光純薬工業(株),,-,-,5,g,g,1,-,-,-,-,,,, 619-89-6,4.99E+12,140-02051,6200,O2NC6H4CH:CHCOOH,-,-,,90.0+% (Titration),193.16,融点:286～290℃,単位管理,Unit Management,本,本,-,-,,,-,-,,,,,,,,,,,,,,,,,
p-ﾆﾄﾛ安息香酸,FALSE,FALSE,FALSE,FALSE,FALSE,FALSE,FALSE,FALSE,FALSE,TRUE,FALSE,FALSE,FALSE,FALSE,FALSE,FALSE,関東化学株式会社,鹿特級, 62-23-7,25,g,1,0,,,,,p-ﾆﾄﾛ安息香酸,,,p-Nitrobenzoic acid,,,関東化学株式会社,"Kanto Chemical Co., Inc.",鹿特級,,25,g,g,1,-,-,-,-,,,, 62-23-7,2821830O,28218-30,2000,NO2C6H4COOH,ガラスビン,,,>98.0%(T),167.1186,mp.238℃～244℃,単位管理,Unit Management,－,－,-,-,,,-,-,,,,,,,,,C7／H5／N1／O4,,,,,,,,
p-ﾋﾄﾞﾛｷｼｱｾﾄｱﾆﾘﾄﾞ,FALSE,FALSE,FALSE,FALSE,TRUE,FALSE,FALSE,FALSE,FALSE,FALSE,FALSE,FALSE,FALSE,FALSE,FALSE,FALSE,関東化学株式会社,鹿特級, 103-90-2,25,g,1,0,,,,,p-ﾋﾄﾞﾛｷｼｱｾﾄｱﾆﾘﾄﾞ,4-ｱｾﾄｱﾐﾄﾞﾌｪﾉｰﾙ,,p-Hydroxyacetanilide,4-Acetamidophenol,,関東化学株式会社,"Kanto Chemical Co., Inc.",鹿特級,,25,g,g,1,-,-,-,-,,,, 103-90-2,1809530Q,18095-30,3800,HOC6H4NHCOCH3,ガラスビン,,,,151.1623,mp.169℃～179℃,単位管理,Unit Management,－,－,-,-,,,-,-,,,,,,,,,C8／H9／N1／O2,,,,,,,,
p-ﾋﾄﾞﾛｷｼ安息香酸,TRUE,FALSE,FALSE,FALSE,FALSE,FALSE,FALSE,FALSE,FALSE,FALSE,FALSE,FALSE,TRUE,FALSE,FALSE,FALSE,関東化学株式会社,鹿特級, 99-96-7,25,g,2,0,,,,,p-ﾋﾄﾞﾛｷｼ安息香酸,4-ﾋﾄﾞﾛｷｼﾍﾞﾝｾﾞﾝｶﾙﾎﾞﾝ酸,,p-Hydroxybenzoic acid,4-Hydroxybenzenecarboxylic acid,,関東化学株式会社,"Kanto Chemical Co., Inc.",鹿特級,,25,g,g,1,-,-,-,-,,,, 99-96-7,1810530I,18105-30,1600,HOC6H4COOH,ガラスビン,,,>98.0%(T),138.1203,mp.213℃～214℃,単位管理,Unit Management,－,－,-,-,,,-,-,,,,,,,,,C7／H6／O3,,,,,,,,
p-ヒドロキシ安息香酸メチル (25g),FALSE,TRUE,FALSE,FALSE,FALSE,FALSE,FALSE,FALSE,FALSE,FALSE,FALSE,FALSE,FALSE,FALSE,FALSE,FALSE,富士フイルム和光純薬(株),和光特級, 99-76-3,25,g,1,0,,,,,p-ヒドロキシ安息香酸メチル (25g),,,Methyl p-Hydroxybenzoate,,,富士フイルム和光純薬(株),,和光特級,,25,g,g,1,室温,,-,-,2,334,100, 99-76-3,4.99E+12,138-02632,2010,HOC6H4COOCH3,,,,99+%(Capillary GC),,mp. 125～128℃ ,単位管理,Unit Management,－,－,-,-,,,-,-,,,,,,,,,,,,,,,,,
p-フェニレンジアミン (25g),FALSE,FALSE,FALSE,FALSE,FALSE,FALSE,TRUE,FALSE,FALSE,TRUE,FALSE,FALSE,FALSE,FALSE,FALSE,FALSE,富士フイルム和光純薬(株),和光一級, 106-50-3,25,g,1,0,,,,,p-フェニレンジアミン (25g),,,p-Phenylenediamine,,,富士フイルム和光純薬(株),,和光一級,,25,g,g,1.14,冷蔵貯蔵,,-,-,1,348,100, 106-50-3,4.99E+12,164-01532,3450,H2NC6H4NH2,,,,97+%(Titration),,mp. 140～144℃ bp. 267℃,単位管理,Unit Management,－,－,-,-,,,-,-,,,,,,,,,,,,,,,,,
p-フェニレンジボロン酸 (1g),FALSE,FALSE,TRUE,FALSE,FALSE,FALSE,FALSE,FALSE,FALSE,FALSE,FALSE,FALSE,FALSE,FALSE,FALSE,FALSE,富士フイルムワコーケミカル(株) (和光純薬取扱),-, 4612-26-4,1,g,1,0,,,,,p-フェニレンジボロン酸 (1g),,,p-Phenylenediboronic Acid,,,富士フイルムワコーケミカル(株) (和光純薬取扱),,-,-,1,g,g,1,室温,,-,-,1,405,13, 4612-26-4,4.99E+12,327-67341,7880,C6H8B2O4,,,,90+%(NMR),,mp. >350℃ ,単位管理,Unit Management,－,－,-,-,,,-,-,,,,,,,,,,,,,,,,,
p-ﾍﾞﾝｿﾞｷﾉﾝ,FALSE,TRUE,FALSE,FALSE,FALSE,FALSE,FALSE,FALSE,FALSE,FALSE,FALSE,FALSE,FALSE,FALSE,FALSE,FALSE,関東化学株式会社,鹿特級, 106-51-4,25,g,1,0,,,,,p-ﾍﾞﾝｿﾞｷﾉﾝ,PBQ,p-ｷﾉﾝ,"p-Benzoquinone (p=1,4)",PBQ,p-Quinone,関東化学株式会社,"Kanto Chemical Co., Inc.",鹿特級,,25,g,g,1,-,-,-,-,,,, 106-51-4,3501930L,35019-30,3000,O:C6H4:O,ガラスビン,,,>98.0%(T),108.0943,mp.113℃～115℃,単位管理,Unit Management,－,－,-,-,,,-,-,,,,,,,,,C6／H4／O2,,,,,,,,
"Quercetin, >=95% (HPLC), solid",FALSE,TRUE,FALSE,FALSE,FALSE,FALSE,FALSE,FALSE,FALSE,FALSE,FALSE,FALSE,FALSE,FALSE,FALSE,FALSE,Sigma,-, 117-39-5,10,g,2,0,,,,,,,,"Quercetin, >=95% (HPLC), solid",,,Sigma,,-,-,10,g,g,1,室温,,-,-,,,, 117-39-5,,Q4951,,,,,,,,,単位管理,Unit Management,－,－,-,-,,,-,-,,,,,,,,,,,,,,,,,
"RuCl[(R,R)-Tsdpen](mesitylene)",FALSE,TRUE,FALSE,FALSE,FALSE,FALSE,FALSE,FALSE,FALSE,FALSE,FALSE,FALSE,FALSE,FALSE,FALSE,FALSE,東京化成工業株式会社,SU, 174813-82-2,200,mg,1,0,,,,,"RuCl[(R,R)-Tsdpen](mesitylene)",,,"RuCl[(R,R)-Tsdpen](mesitylene)",,,東京化成工業株式会社,,SU,,200,mg,mg,1,-,-,-,-,,,, 174813-82-2,9EWUD,R0127,4900,,,,,,,,単位管理,Unit Management,－,－,-,-,,,-,-,,,,,,,,,,,,,,,,,
SAJ一級 トリエチルアミン,FALSE,FALSE,FALSE,FALSE,FALSE,FALSE,FALSE,FALSE,FALSE,FALSE,FALSE,FALSE,FALSE,FALSE,TRUE,FALSE,SAJ,SAJ first grade, 121-44-8,500,ml,1,0,,,,,SAJ一級 トリエチルアミン,,,"Triethylamine, SAJ first grade, >=98.0%",,,SAJ,,SAJ first grade,,500,ml,ml,0.726,室温,,-,-,1,277,100, 121-44-8,4.55E+12,30-4210,,,,,,,,,単位管理,Unit Management,－,－,-,-,,,-,-,,,,,,,,,,,,,,,,,
SAJ一級 酢酸エチル,FALSE,FALSE,FALSE,FALSE,FALSE,FALSE,FALSE,FALSE,FALSE,FALSE,TRUE,FALSE,FALSE,FALSE,FALSE,FALSE,SAJ,SAJ first grade, 141-78-6,3,L,1,0,,,,,SAJ一級 酢酸エチル,,,"Ethyl acetate, SAJ first grade, >=99.0%",,,SAJ,,SAJ first grade,,3,L,L,0.902,室温,,-,-,,,, 141-78-6,4.55E+12,09-0690,,,,,,,,,単位管理,Unit Management,－,－,-,-,,,-,-,,,,,,,,,,,,,,,,,
SAJ一級 酢酸メチル,FALSE,FALSE,FALSE,FALSE,FALSE,FALSE,FALSE,FALSE,FALSE,FALSE,TRUE,FALSE,FALSE,FALSE,FALSE,FALSE,SAJ,SAJ first grade, 79-20-9,500,ml,1,0,,,,,SAJ一級 酢酸メチル,,,"Methyl acetate, SAJ first grade, >=99.0%",,,SAJ,,SAJ first grade,,500,ml,ml,0.934,室温,,-,-,,,, 79-20-9,4.55E+12,19-2350,,,,,,,,,単位管理,Unit Management,－,－,-,-,,,-,-,,,,,,,,,,,,,,,,,
SAJ特級 2-メチル-2-プロパノール (tert-ブチルアルコール),FALSE,FALSE,FALSE,FALSE,FALSE,FALSE,FALSE,FALSE,FALSE,FALSE,TRUE,FALSE,FALSE,FALSE,FALSE,FALSE,SAJ,SAJ special grade, 75-65-0,500,ml,2,0,,,,,SAJ特級 2-メチル-2-プロパノール (tert-ブチルアルコール),,,"tert-Butanol, SAJ special grade, >=99.0%",,,SAJ,,SAJ special grade,,500,ml,ml,0.775,室温,,-,-,,,, 75-65-0,4.55E+12,03-4630,,,,,,,,,単位管理,Unit Management,－,－,-,-,,,-,-,,,,,,,,,,,,,,,,,
S-Benzoylthiamine O-monophosphate,FALSE,FALSE,FALSE,FALSE,FALSE,FALSE,FALSE,FALSE,TRUE,FALSE,FALSE,FALSE,FALSE,FALSE,FALSE,FALSE,Sigma,-, 22457-89-2,250,mg,1,0,,,,,,,,S-Benzoylthiamine O-monophosphate,,,Sigma,,-,-,250,mg,mg,1,冷蔵貯蔵,,-,-,,,, 22457-89-2,,B9636,,,,,,,,,単位管理,Unit Management,－,－,-,-,,,-,-,,,,,,,,,,,,,,,,,
"Sparfloxacin, >=98.0% (HPLC)",FALSE,FALSE,FALSE,FALSE,FALSE,FALSE,FALSE,TRUE,FALSE,FALSE,FALSE,FALSE,FALSE,FALSE,FALSE,FALSE,Sigma,-, 110871-86-8,1,g,2,0,,,,,,,,"Sparfloxacin, >=98.0% (HPLC)",,,Sigma,,-,-,1,g,g,1,室温,,-,-,,,, 110871-86-8,,56968,,,,,,,,,単位管理,Unit Management,－,－,-,-,,,-,-,,,,,,,,,,,,,,,,,
"Tenoxicam, NSAID",FALSE,FALSE,FALSE,FALSE,FALSE,FALSE,FALSE,FALSE,TRUE,FALSE,FALSE,FALSE,FALSE,FALSE,FALSE,FALSE,Sigma,-, 59804-37-4,5,g,1,0,,,,,,,,"Tenoxicam, NSAID",,,Sigma,,-,-,5,g,g,1,室温,,-,-,,,, 59804-37-4,,T0909,,,,,,,,,単位管理,Unit Management,－,－,-,-,,,-,-,,,,,,,,,,,,,,,,,
TMPyP,FALSE,FALSE,FALSE,FALSE,FALSE,FALSE,FALSE,FALSE,FALSE,FALSE,FALSE,FALSE,FALSE,FALSE,FALSE,TRUE,和光純薬工業(株),-, 36951-72-1,1,g,0,2,,,,,TMPyP,,,TMPyP,,,和光純薬工業(株),,-,-,1,g,g,1,-,-,-,-,,,, 36951-72-1,4.99E+12,341-03883,20400,,-,-,,,,,単位管理,Unit Management,本,本,-,-,,,-,-,,,,,,,,,,,,,,,,,
Tolnaftate,FALSE,FALSE,FALSE,FALSE,TRUE,FALSE,FALSE,FALSE,FALSE,FALSE,FALSE,FALSE,FALSE,FALSE,FALSE,FALSE,Sigma,-, 2398-96-1,1,g,1,0,,,,,,,,Tolnaftate,,,Sigma,,-,-,1,g,g,1,冷蔵貯蔵,,-,-,,,, 2398-96-1,,T6638,,,,,,,,,単位管理,Unit Management,－,－,-,-,,,-,-,,,,,,,,,,,,,,,,,
Tolnaftate,FALSE,FALSE,FALSE,FALSE,TRUE,FALSE,FALSE,FALSE,FALSE,FALSE,FALSE,FALSE,FALSE,FALSE,FALSE,FALSE,Sigma,-, 2398-96-1,5,g,1,0,,,,,,,,Tolnaftate,,,Sigma,,-,-,5,g,g,1,冷蔵貯蔵,,-,-,,,, 2398-96-1,,T6638,,,,,,,,,単位管理,Unit Management,－,－,-,-,,,-,-,,,,,,,,,,,,,,,,,
ｔｒａｎｓ－１，２－ビス(４－ピリジル)エチレン,TRUE,FALSE,FALSE,FALSE,FALSE,FALSE,FALSE,FALSE,FALSE,FALSE,FALSE,FALSE,FALSE,FALSE,FALSE,FALSE,Aldrich,-, 13362-78-2,5,g,1,0,,,,,ｔｒａｎｓ－１，２－ビス(４－ピリジル)エチレン,,,"TRANS-1,2-BIS(4-PYRIDYL)ETHYLENE, 97%",,,Aldrich,,-,-,5,g,g,1,室温,,-,-,,,, 13362-78-2,,B52808,,,-,-,,,,,単位管理,Unit Management,本,本,-,-,,,-,-,,,,,,,,,,,,,,,,,
"trans-1,4-シクロヘキサンジアミン",FALSE,FALSE,FALSE,FALSE,FALSE,FALSE,FALSE,TRUE,FALSE,FALSE,FALSE,FALSE,FALSE,FALSE,FALSE,FALSE,東京化成工業株式会社,-, 2615-25-0,5,g,1,0,,,,,"trans-1,4-シクロヘキサンジアミン",,,"trans-1,4-Cyclohexanediamine",,,東京化成工業株式会社,,-,-,5,g,g,1,-,-,-,-,,,, 2615-25-0,M5ZEG,C1426,3600,,,,,,,,単位管理,Unit Management,－,－,-,-,,,-,-,,,,,,,,,,,,,,,,,
trans-1-メチル-4-カルボキシ-5-(3-ピリジル)-2-ピロリジノン,FALSE,TRUE,FALSE,FALSE,FALSE,FALSE,FALSE,FALSE,FALSE,FALSE,FALSE,FALSE,FALSE,FALSE,FALSE,FALSE,東京化成工業株式会社,-, 161171-06-8,1,g,1,0,,,,,trans-1-メチル-4-カルボキシ-5-(3-ピリジル)-2-ピロリジノン,,,trans-1-Methyl-4-carboxy-5-(3-pyridyl)-2-pyrrolidinone,,,東京化成工業株式会社,,-,-,1,g,g,1,-,-,-,-,,,, 161171-06-8,HVPBG,M1053,8100,,,,,,,,単位管理,Unit Management,－,－,-,-,,,-,-,,,,,,,,,,,,,,,,,
"trans-2,5-ジメチルピペラジン",FALSE,FALSE,TRUE,FALSE,FALSE,FALSE,FALSE,FALSE,FALSE,FALSE,FALSE,FALSE,FALSE,FALSE,FALSE,FALSE,東京化成工業株式会社,-, 2815-34-1,5,g,1,0,,,,,"trans-2,5-ジメチルピペラジン",,,"trans-2,5-Dimethylpiperazine",,,東京化成工業株式会社,,-,-,5,g,g,1,-,-,-,-,,,, 2815-34-1,D4GEG,D0763,6400,,,,,,,,単位管理,Unit Management,－,－,-,-,,,-,-,,,,,,,,,,,,,,,,,
trans-2-ヘキセン-1-オール,FALSE,FALSE,FALSE,FALSE,FALSE,FALSE,FALSE,FALSE,FALSE,FALSE,TRUE,FALSE,FALSE,FALSE,FALSE,FALSE,東京化成工業株式会社,-, 928-95-0,25,g,1,0,,,,,trans-2-ヘキセン-1-オール,,,trans-2-Hexen-1-ol,,,東京化成工業株式会社,,-,-,25,g,g,0.85,-,-,-,-,,,, 928-95-0,F86KG,H0346,4200,,,,,,,,単位管理,Unit Management,－,－,-,-,,,-,-,,,,,,,,,,,,,,,,,
"trans-3-(3-Pyridyl)acrylic acid, 99%",FALSE,TRUE,FALSE,FALSE,FALSE,FALSE,FALSE,FALSE,FALSE,FALSE,FALSE,FALSE,FALSE,FALSE,FALSE,FALSE,Aldrich,-, 19337-97-4,5,g,2,0,,,,,,,,"trans-3-(3-Pyridyl)acrylic acid, 99%",,,Aldrich,,-,-,5,g,g,1,室温,,-,-,,,, 19337-97-4,,P66203,,,,,,,,,単位管理,Unit Management,－,－,-,-,,,-,-,,,,,,,,,,,,,,,,,
trans-3-ヘキセン二酸,FALSE,TRUE,FALSE,FALSE,FALSE,FALSE,FALSE,FALSE,FALSE,FALSE,FALSE,FALSE,FALSE,FALSE,FALSE,FALSE,東京化成工業株式会社,-, 4436-74-2,5,g,1,0,,,,,trans-3-ヘキセン二酸,,,trans-3-Hexenedioic Acid,,,東京化成工業株式会社,,-,-,5,g,g,1,-,-,-,-,,,, 4436-74-2,GCTEG,H0477,9900,,,,,,,,単位管理,Unit Management,－,－,-,-,,,-,-,,,,,,,,,,,,,,,,,
trans-4-(アミノメチル)シクロヘキサンカルボン酸,TRUE,FALSE,FALSE,FALSE,FALSE,FALSE,FALSE,FALSE,FALSE,FALSE,FALSE,FALSE,FALSE,FALSE,FALSE,FALSE,ナカライテスク（株）,GR, 1197-18-8,5,g,1,0,,,,,trans-4-(アミノメチル)シクロヘキサンカルボン酸,,,trans-4-(Aminomethyl)cyclohexanecarboxylic Acid,,,ナカライテスク（株）,,GR,,5,g,g,1,-,-,-,-,,,, 1197-18-8,04KNW,02134-84,4800,C8H15NO2,,,,≧98.0%(T),157.21,,単位管理,Unit Management,－,－,-,-,,,-,-,,,,,,,,,,,,,,,,,
trans-4-ｸﾛﾛ-3-ﾆﾄﾛけい皮酸,TRUE,FALSE,FALSE,FALSE,FALSE,FALSE,FALSE,FALSE,FALSE,FALSE,FALSE,FALSE,FALSE,FALSE,FALSE,FALSE,Thermo Fisher Scientific Inc.,-, 20797-48-2,5,g,1,0,,,,,trans-4-ｸﾛﾛ-3-ﾆﾄﾛけい皮酸,,,trans-4-Chloro-3-nitrocinnamic acid,,,Thermo Fisher Scientific Inc.,,-,-,5,g,g,1,-,-,-,-,,,, 20797-48-2,,30586-1A,6900,ClC6H3(NO2)CH:CHCO2H,-,-,,,227.5997,mp.183℃～185℃,単位管理,Unit Management,－,－,-,-,,,-,-,,,,,,,20797482.jpg,,C9／CL1／H6／N1／O4,,,,,,,,
trans-4-ヒドロキシ-L-プロリン,FALSE,FALSE,FALSE,FALSE,FALSE,FALSE,FALSE,FALSE,FALSE,FALSE,FALSE,FALSE,TRUE,FALSE,FALSE,FALSE,東京化成工業株式会社,-, 51-35-4,5,g,1,0,,,,,trans-4-ヒドロキシ-L-プロリン,,,trans-4-Hydroxy-L-proline,,,東京化成工業株式会社,,-,-,5,g,g,1,-,-,-,-,,,, 51-35-4,F7SEG,H0296,2400,,,,,,,,単位管理,Unit Management,－,－,-,-,,,-,-,,,,,,,,,,,,,,,,,
trans-p-クマル酸,FALSE,TRUE,FALSE,FALSE,FALSE,FALSE,FALSE,FALSE,FALSE,FALSE,FALSE,FALSE,FALSE,FALSE,FALSE,FALSE,東京化成工業株式会社,-, 501-98-4,25,g,1,0,,,,,trans-p-クマル酸,,,trans-p-Coumaric Acid,,,東京化成工業株式会社,,-,-,25,g,g,1,-,-,-,-,,,, 501-98-4,CT1KG,C0393,6200,,,,,,,,単位管理,Unit Management,－,－,-,-,,,-,-,,,,,,,,,,,,,,,,,
trans-アコニット酸,FALSE,TRUE,FALSE,FALSE,FALSE,FALSE,FALSE,FALSE,FALSE,FALSE,FALSE,FALSE,FALSE,FALSE,FALSE,FALSE,ナカライテスク（株）,ＥＰ, 4023-65-8,25,g,1,0,,,,,trans-アコニット酸,,,trans-Aconitic Acid,,,ナカライテスク（株）,,ＥＰ,,25,g,g,1,-,-,-,-,,,, 4023-65-8,01K92,00729-22,15400,HOOCCH:C(COOH)CH2COOH,,,,≧98.0%(T),174.11,mp. 190℃(分解) ,単位管理,Unit Management,－,－,-,-,,,-,-,,,,,,,,,,,,,,,,,
trans-けい皮酸,FALSE,TRUE,FALSE,FALSE,FALSE,FALSE,FALSE,FALSE,FALSE,FALSE,FALSE,FALSE,FALSE,FALSE,FALSE,FALSE,東京化成工業株式会社,-, 140-10-3,25,g,0,1,,,,,trans-けい皮酸,,,trans-Cinnamic Acid,,,東京化成工業株式会社,,-,-,25,g,g,1,-,-,-,-,,,, 140-10-3,CSXKG,C0353,2000,,,,,,,,単位管理,Unit Management,－,－,-,-,,,-,-,,,,,,,,,,,,,,,,,
trans-スチルベン,FALSE,TRUE,FALSE,FALSE,FALSE,FALSE,FALSE,FALSE,FALSE,FALSE,FALSE,FALSE,FALSE,FALSE,FALSE,FALSE,東京化成工業株式会社,-, 103-30-0,25,g,1,0,,,,,trans-スチルベン,,,trans-Stilbene,,,東京化成工業株式会社,,-,-,25,g,g,1,-,-,-,-,,,, 103-30-0,JJ6KG,S0090,8500,,,,,,,,単位管理,Unit Management,－,－,-,-,,,-,-,,,,,,,,,,,,,,,,,
trans-フェルラ酸,FALSE,TRUE,FALSE,FALSE,FALSE,FALSE,FALSE,FALSE,FALSE,FALSE,FALSE,FALSE,FALSE,FALSE,FALSE,FALSE,東京化成工業株式会社,-, 537-98-4,25,g,1,0,,,,,trans-フェルラ酸,,,trans-Ferulic Acid,,,東京化成工業株式会社,,-,-,25,g,g,1,-,-,-,-,,,, 537-98-4,F6ZKG,H0267,7800,,,,,,,,単位管理,Unit Management,－,－,-,-,,,-,-,,,,,,,,,,,,,,,,,
t-ブチルメチルエーテル,FALSE,FALSE,FALSE,FALSE,FALSE,FALSE,FALSE,FALSE,FALSE,FALSE,TRUE,FALSE,FALSE,FALSE,FALSE,FALSE,ナカライテスク（株）,ＥＰ, 1634-04-4,500,ml,1,0,,,,,t-ブチルメチルエーテル,,,t-Butyl Methyl Ether,,,ナカライテスク（株）,,ＥＰ,,500,ml,ml,0.74,-,-,-,-,,,, 1634-04-4,080I9,03739-15,1550,(CH3)3COCH3,,,,≧99.5%(GC),88.15,mp. -109℃ bp. 55℃,単位管理,Unit Management,－,－,-,-,,,-,-,,,,,,,,,,,,,,,,,
α-ｼｸﾛﾃﾞｷｽﾄﾘﾝ,FALSE,FALSE,TRUE,FALSE,FALSE,FALSE,FALSE,FALSE,FALSE,FALSE,FALSE,FALSE,FALSE,FALSE,FALSE,FALSE,関東化学株式会社,鹿特級, 10016-20-3,10,g,1,0,,,,,α-ｼｸﾛﾃﾞｷｽﾄﾘﾝ,ｼｸﾛﾍｷｻｱﾐﾛｰｽ,α-ｼｬﾙﾃﾞｨﾝｶﾞｰﾃﾞｷｽﾄﾘﾝ,α-Cyclodextrin,Cyclohexaamylose,α-Schardinger dextrin,関東化学株式会社,"Kanto Chemical Co., Inc.",鹿特級,,10,g,g,1,-,-,-,-,,,, 10016-20-3,0778440U,07784-40,7500,(C6H10O5)6,ガラスビン,,,,972.8424,mp.250℃～260℃,単位管理,Unit Management,－,－,-,-,,,-,-,,,,,,,,,C36／H60／O30,,,,,,,,
α-シクロデキストリン (10g),TRUE,FALSE,FALSE,FALSE,FALSE,FALSE,FALSE,FALSE,FALSE,FALSE,FALSE,FALSE,FALSE,FALSE,FALSE,FALSE,富士フイルム和光純薬(株),和光一級, 10016-20-3,10,g,1,0,,,,,α-シクロデキストリン (10g),,,α-Cyclodextrin,,,富士フイルム和光純薬(株),,和光一級,,10,g,g,1,室温,,-,-,,,, 10016-20-3,4.99E+12,035-08331,4800,(C6H10O5)6,,,,97+%(HPLC),,mp. 278℃ ,単位管理,Unit Management,－,－,-,-,,,-,-,,,,,,,,,,,,,,,,,
α-テルピネオール,FALSE,FALSE,FALSE,FALSE,FALSE,FALSE,FALSE,FALSE,FALSE,FALSE,TRUE,FALSE,FALSE,FALSE,FALSE,FALSE,ナカライテスク（株）,ＥＰ, 98-55-5,25,ml,1,0,,,,,α-テルピネオール,,,α-Terpineol,,,ナカライテスク（株）,,ＥＰ,,25,ml,ml,0.93,-,-,-,-,,,, 98-55-5,1YCSM,32825-62,3000,C10H18O,,,,≧95.0%(GC),154.25,bp. 220℃,単位管理,Unit Management,－,－,-,-,,,-,-,,,,,,,,,,,,,,,,,
α-ﾌﾞﾛﾓ-m-ｷｼﾚﾝ,FALSE,FALSE,FALSE,FALSE,FALSE,FALSE,FALSE,FALSE,FALSE,FALSE,FALSE,TRUE,FALSE,FALSE,FALSE,FALSE,Thermo Fisher Scientific Inc.,-, 620-13-3,25,g,1,0,,,,,α-ﾌﾞﾛﾓ-m-ｷｼﾚﾝ,,,α-Bromo-m-xylene,,,Thermo Fisher Scientific Inc.,,-,-,25,g,g,1.37,-,-,-,-,,,, 620-13-3,,10756-1A,10600,C8H9Br,ガラスビン,,,,185.0606,d1.37,単位管理,Unit Management,－,－,-,-,,,-,-,,,,,,,,,Br1／C8／H9,,,,,,,,
α-ブロモ-o-キシレン,FALSE,FALSE,FALSE,FALSE,FALSE,FALSE,FALSE,FALSE,FALSE,FALSE,FALSE,TRUE,FALSE,FALSE,FALSE,FALSE,東京化成工業株式会社,-, 89-92-9,25,g,1,0,,,,,α-ブロモ-o-キシレン,,,alpha-Bromo-o-xylene,,,東京化成工業株式会社,,-,-,25,g,g,1.39,-,-,-,-,,,, 89-92-9,B33KG,B1004,8300,,,,,,,,単位管理,Unit Management,－,－,-,-,,,-,-,,,,,,,,,,,,,,,,,
α-ﾌﾞﾛﾓ-p-ｷｼﾚﾝ,FALSE,FALSE,FALSE,FALSE,FALSE,FALSE,FALSE,FALSE,FALSE,FALSE,FALSE,TRUE,FALSE,FALSE,FALSE,FALSE,関東化学株式会社,-, 104-81-4,5,g,1,0,,,,,α-ﾌﾞﾛﾓ-p-ｷｼﾚﾝ,,,α-Bromo-p-xylene,,,関東化学株式会社,"Kanto Chemical Co., Inc.",-,-,5,g,g,1,-,-,-,-,,,, 104-81-4,0433752O,04337-52,4000,BrCH2C6H4CH3,ガラスビン,,,>97.0%(HLC),185.0606,mp.32℃～35℃,単位管理,Unit Management,－,－,-,-,,,-,-,,,,,,,,,BR1／C8／H9,,,,,,,,
α-ﾍﾞﾝｼﾞﾙｼﾞｵｷｼﾑ,TRUE,FALSE,FALSE,FALSE,TRUE,FALSE,FALSE,FALSE,FALSE,FALSE,FALSE,FALSE,FALSE,FALSE,FALSE,FALSE,関東化学株式会社,鹿1級, 23873-81-6,25,g,1,1,,,,,α-ﾍﾞﾝｼﾞﾙｼﾞｵｷｼﾑ,ﾋﾞﾍﾞﾝｿﾞｲﾙｼﾞｵｷｼﾑ,ｼﾞﾌｪﾆﾙｸﾞﾘｵｷｼﾑ,α-Benzil dioxime,Bibenzoyl dioxime,Diphenylglyoxime,関東化学株式会社,"Kanto Chemical Co., Inc.",鹿1級,,25,g,g,1,-,-,-,-,,,, 23873-81-6,0410431D,04104-31,28500,C6H5C(:NOH)C(:NOH)C6H5,ガラスビン,,"白～暗赤みの黄,粉末",,240.2567,mp.238℃～240℃,単位管理,Unit Management,－,－,-,-,,,-,-,,,,,,,,,C14／H12／N2／O2,,,,,,,,
β-アラニン,FALSE,TRUE,FALSE,FALSE,FALSE,FALSE,FALSE,FALSE,FALSE,FALSE,FALSE,FALSE,FALSE,FALSE,FALSE,FALSE,東京化成工業株式会社,-, 107-95-9,25,g,1,0,,,,,β-アラニン,,,beta-Alanine,,,東京化成工業株式会社,,-,-,25,g,g,1,-,-,-,-,,,, 107-95-9,AE9KG,A0180,1900,,,,,,,,単位管理,Unit Management,－,－,-,-,,,-,-,,,,,,,,,,,,,,,,,
β-シクロデキストリン,TRUE,FALSE,FALSE,FALSE,FALSE,FALSE,FALSE,FALSE,FALSE,FALSE,FALSE,FALSE,FALSE,FALSE,FALSE,FALSE,東京化成工業株式会社,-, 7585-39-9,25,g,1,0,,,,,β-シクロデキストリン,,,beta-Cyclodextrin,,,東京化成工業株式会社,,-,-,25,g,g,1,-,-,-,-,,,, 7585-39-9,C74KG,C0900,2000,,,,,,,,単位管理,Unit Management,－,－,-,-,,,-,-,,,,,,,,,,,,,,,,,
β-シクロデキストリン (500g),FALSE,FALSE,TRUE,FALSE,FALSE,FALSE,FALSE,FALSE,FALSE,FALSE,FALSE,FALSE,FALSE,FALSE,FALSE,FALSE,富士フイルム和光純薬(株),和光一級, 7585-39-9,500,g,1,0,,,,,β-シクロデキストリン (500g),,,β-Cyclodextrin,,,富士フイルム和光純薬(株),,和光一級,,500,g,g,1,室温,,-,-,,,, 7585-39-9,4.99E+12,034-08345,12300,(C6H10O5)7,,,,98+%(HPLC),,mp. 298～300℃ ,単位管理,Unit Management,－,－,-,-,,,-,-,,,,,,,,,,,,,,,,,
β-シトロネロール,FALSE,FALSE,FALSE,FALSE,FALSE,FALSE,FALSE,FALSE,FALSE,FALSE,TRUE,FALSE,FALSE,FALSE,FALSE,FALSE,東京化成工業株式会社,-, 106-22-9,25,ml,1,0,,,,,β-シトロネロール,,,beta-Citronellol,,,東京化成工業株式会社,,-,-,25,ml,ml,0.86,-,-,-,-,,,, 106-22-9,CTEKM,C0370,2200,,,,,,,,単位管理,Unit Management,－,－,-,-,,,-,-,,,,,,,,,,,,,,,,,
β-テトラロン,FALSE,TRUE,FALSE,FALSE,FALSE,FALSE,FALSE,FALSE,FALSE,FALSE,FALSE,FALSE,FALSE,FALSE,FALSE,FALSE,東京化成工業株式会社,-, 530-93-8,5,g,1,0,,,,,β-テトラロン,,,beta-Tetralone,,,東京化成工業株式会社,,-,-,5,g,g,1.1,-,-,-,-,,,, 530-93-8,LIOEG,T1167,11800,,,,,,,,単位管理,Unit Management,－,－,-,-,,,-,-,,,,,,,,,,,,,,,,,
γ-シクロデキストリン,TRUE,FALSE,FALSE,FALSE,FALSE,FALSE,FALSE,FALSE,FALSE,FALSE,FALSE,FALSE,FALSE,FALSE,FALSE,FALSE,東京化成工業株式会社,-, 17465-86-0,5,g,1,0,,,,,γ-シクロデキストリン,,,gamma-Cyclodextrin,,,東京化成工業株式会社,,-,-,5,g,g,1,-,-,-,-,,,, 17465-86-0,C69EG,C0869,4500,,,,,,,,単位管理,Unit Management,－,－,-,-,,,-,-,,,,,,,,,,,,,,,,,
γ-シクロデキストリン,TRUE,FALSE,FALSE,FALSE,FALSE,FALSE,FALSE,FALSE,FALSE,FALSE,FALSE,FALSE,FALSE,FALSE,FALSE,FALSE,東京化成工業株式会社,-, 17465-86-0,25,g,1,0,,,,,γ-シクロデキストリン,,,gamma-Cyclodextrin,,,東京化成工業株式会社,,-,-,25,g,g,1,-,-,-,-,,,, 17465-86-0,C69KG,C0869,11700,,,,,,,,単位管理,Unit Management,－,－,-,-,,,-,-,,,,,,,,,,,,,,,,,
"Δ4-アンドロステン-3,17-ジオン",FALSE,FALSE,FALSE,FALSE,FALSE,FALSE,FALSE,TRUE,FALSE,FALSE,FALSE,FALSE,FALSE,FALSE,FALSE,FALSE,東京化成工業株式会社,-, 63-05-8,5,g,1,0,,,,,"Δ4-アンドロステン-3,17-ジオン",,,"DELTA4-Androstene-3,17-dione",,,東京化成工業株式会社,,-,-,5,g,g,1,-,-,-,-,,,, 63-05-8,AXQEG,A0845,15300,,,,,,,,単位管理,Unit Management,－,－,-,-,,,-,-,,,,,,,,,,,,,,,,,
アクリジン,FALSE,TRUE,FALSE,FALSE,FALSE,FALSE,FALSE,FALSE,FALSE,FALSE,FALSE,FALSE,FALSE,FALSE,FALSE,FALSE,東京化成工業株式会社,-, 260-94-6,5,g,1,0,,,,,アクリジン,,,Acridine,,,東京化成工業株式会社,,-,-,5,g,g,1,-,-,-,-,,,, 260-94-6,AIFEG,A0294,14400,,,,,,,,単位管理,Unit Management,－,－,-,-,,,-,-,,,,,,,,,,,,,,,,,
アクリル酸エチル,FALSE,FALSE,FALSE,TRUE,FALSE,FALSE,FALSE,FALSE,FALSE,FALSE,FALSE,FALSE,FALSE,FALSE,FALSE,FALSE,ナカライテスク（株）,ＥＰ, 140-88-5,500,ml,1,0,,,,,アクリル酸エチル,,,Ethyl Acrylate,,,ナカライテスク（株）,,ＥＰ,,500,ml,ml,0.92,冷暗貯蔵,,-,-,1,3,100, 140-88-5,0VISX,14707-85,4400,CH2:CHCOOC2H5,,,,≧99.0%(GC),100.12,mp. -71℃ bp. 99℃,単位管理,Unit Management,－,－,-,-,,,-,-,,,,,,,,,,,,,,,,,
アクリロニトリル,FALSE,FALSE,FALSE,FALSE,TRUE,FALSE,FALSE,TRUE,FALSE,FALSE,FALSE,FALSE,FALSE,FALSE,FALSE,FALSE,東京化成工業株式会社,-, 107-13-1,25,ml,2,0,,,,,アクリロニトリル,,,Acrylonitrile(stabilized with MEHQ),,,東京化成工業株式会社,,-,-,25,ml,ml,0.81,-,-,-,-,1,9,100, 107-13-1,AEBKM,A0146,2200,,,,,,,,単位管理,Unit Management,－,－,-,-,,,-,-,,,,,,,,,,,,,,,,,
アシクロビル,FALSE,FALSE,FALSE,FALSE,FALSE,FALSE,FALSE,FALSE,FALSE,FALSE,FALSE,FALSE,TRUE,FALSE,FALSE,FALSE,東京化成工業株式会社,-, 59277-89-3,5,g,4,0,,,,,アシクロビル,,,Acyclovir,,,東京化成工業株式会社,,-,-,5,g,g,1,-,-,-,-,,,, 59277-89-3,R72EG,A1915,5100,,,,,,,,単位管理,Unit Management,－,－,-,-,,,-,-,,,,,,,,,,,,,,,,,
アジスロマイシン,TRUE,FALSE,FALSE,FALSE,FALSE,FALSE,FALSE,FALSE,FALSE,FALSE,FALSE,FALSE,FALSE,FALSE,FALSE,FALSE,LKT,-, 117772-70-0,500,mg,1,0,,,,,アジスロマイシン,,,Azithromycin,,,LKT,,-,-,500,mg,mg,1,-,-,-,-,,,, 117772-70-0,0VFK9,A9834,9000,,-,-,,,,,単位管理,Unit Management,本,本,-,-,,,-,-,,,,,,,,,,,,,,,,,
アジスロマイシン二水和物,TRUE,FALSE,FALSE,FALSE,FALSE,FALSE,FALSE,FALSE,FALSE,FALSE,FALSE,FALSE,FALSE,FALSE,FALSE,FALSE,東京化成工業株式会社,-, 117772-70-0,1,g,1,1,,,,,アジスロマイシン二水和物,,,AzithromycinDihydrate,,,東京化成工業株式会社,,-,-,1,g,g,1,-,-,-,-,,,, 117772-70-0,TZSBG,A2076,7700,,,,,,,,単位管理,Unit Management,－,－,-,-,,,-,-,,,,,,,,,,,,,,,,,
アジピン酸,FALSE,FALSE,FALSE,FALSE,FALSE,FALSE,FALSE,FALSE,TRUE,FALSE,FALSE,FALSE,TRUE,FALSE,FALSE,FALSE,東京化成工業株式会社,-, 124-04-9,25,g,1,0,,,,,アジピン酸,,,Adipic Acid,,,東京化成工業株式会社,,-,-,25,g,g,1,-,-,-,-,,,, 124-04-9,AEQKG,A0161,2100,,,,,,,,単位管理,Unit Management,－,－,-,-,,,-,-,,,,,,,,,,,,,,,,,
アスパルテーム,FALSE,TRUE,FALSE,FALSE,FALSE,FALSE,FALSE,FALSE,FALSE,FALSE,FALSE,FALSE,FALSE,FALSE,FALSE,FALSE,東京化成工業株式会社,-, 22839-47-0,1,g,1,0,,,,,アスパルテーム,,,Aspartame,,,東京化成工業株式会社,,-,-,1,g,g,1,-,-,-,-,,,, 22839-47-0,A1YBG,A0997,2900,,,,,,,,単位管理,Unit Management,－,－,-,-,,,-,-,,,,,,,,,,,,,,,,,
アセクロフェナック,TRUE,FALSE,FALSE,FALSE,FALSE,FALSE,FALSE,FALSE,FALSE,FALSE,FALSE,FALSE,FALSE,FALSE,FALSE,FALSE,東京化成工業株式会社,-, 89796-99-6,5,g,1,0,,,,,アセクロフェナック,,,Aceclofenac,,,東京化成工業株式会社,,-,-,5,g,g,1,-,-,-,-,,,, 89796-99-6,X62EG,A2484,13200,,,,,,,,単位管理,Unit Management,－,－,-,-,,,-,-,,,,,,,,,,,,,,,,,
アセスルファムK,FALSE,TRUE,FALSE,FALSE,FALSE,FALSE,FALSE,FALSE,FALSE,FALSE,FALSE,FALSE,FALSE,FALSE,FALSE,FALSE,東京化成工業株式会社,-, 55589-62-3,25,g,1,0,,,,,アセスルファムK,,,Acesulfame K,,,東京化成工業株式会社,,-,-,25,g,g,1,-,-,-,-,,,, 55589-62-3,OF7KG,A1490,3700,,,,,,,,単位管理,Unit Management,－,－,-,-,,,-,-,,,,,,,,,,,,,,,,,
ｱｾﾀｿﾞﾗﾐﾄﾞ,FALSE,TRUE,FALSE,FALSE,FALSE,FALSE,FALSE,FALSE,FALSE,FALSE,FALSE,FALSE,FALSE,FALSE,FALSE,FALSE,Sigma,-, 59-66-5,25,g,1,0,,,,,ｱｾﾀｿﾞﾗﾐﾄﾞ,,,"Acetazolamide, >=99%, powder",,,Sigma,,-,-,25,g,g,1,室温,,-,-,,,, 59-66-5,4.55E+12,A6011,,,,,,,,,単位管理,Unit Management,－,－,-,-,,,-,-,,,,,,,,,,,,,,,,,
アセチルサリチル酸,FALSE,FALSE,FALSE,FALSE,FALSE,FALSE,FALSE,FALSE,FALSE,FALSE,FALSE,FALSE,TRUE,FALSE,FALSE,FALSE,ナカライテスク（株）,GR, 50-78-2,25,g,1,0,,,,,アセチルサリチル酸,,,Acetylsalicylic Acid,,,ナカライテスク（株）,,GR,,25,g,g,1,-,-,-,-,,,, 50-78-2,01KEM,00731-72,2300,CH3COOC6H4COOH,,,,≧99.0%（乾燥後）(T),180.16,mp. 135℃ ,単位管理,Unit Management,－,－,-,-,,,-,-,,,,,,,,,,,,,,,,,
アセトアミド,FALSE,TRUE,FALSE,FALSE,FALSE,FALSE,FALSE,FALSE,FALSE,FALSE,FALSE,FALSE,FALSE,FALSE,FALSE,FALSE,東京化成工業株式会社,-, 60-35-5,25,g,1,0,,,,,アセトアミド,,,Acetamide,,,東京化成工業株式会社,,-,-,25,g,g,1,-,-,-,-,,,, 60-35-5,AAGKG,A0007,2100,,,,,,,,単位管理,Unit Management,－,－,-,-,,,-,-,,,,,,,,,,,,,,,,,
アセトニトリル,FALSE,FALSE,FALSE,FALSE,FALSE,FALSE,FALSE,FALSE,FALSE,FALSE,TRUE,FALSE,FALSE,FALSE,FALSE,FALSE,ナカライテスク（株）,特級(ＧＲ), 75-05-8,500,ml,1,0,,,,,アセトニトリル,,,Acetonitrile,,,ナカライテスク（株）,,特級(ＧＲ),,500,ml,ml,0.782,-,-,-,-,,,, 75-05-8,00V95,00405-65,2200,CH3CN,,,,≧99.5%(GC),41.05,mp. -46℃ bp. 82℃,単位管理,Unit Management,－,－,-,-,,,-,-,,,,,,,,,,,,,,,,,
ｱｾﾄﾆﾄﾘﾙ,FALSE,FALSE,FALSE,FALSE,FALSE,FALSE,FALSE,FALSE,FALSE,FALSE,TRUE,FALSE,FALSE,FALSE,FALSE,FALSE,Sigma-Aldrich,anhydrous, 75-05-8,100,ml,1,0,,,,,ｱｾﾄﾆﾄﾘﾙ,,,"Acetonitrile, anhydrous, 99.8%",,,Sigma-Aldrich,,anhydrous,,100,ml,ml,0.786,室温,,-,-,,,, 75-05-8,4.55E+12,271004,,,,,,,,,単位管理,Unit Management,－,－,-,-,,,-,-,,,,,,,,,,,,,,,,,
アセトニトリル（超脱水）,FALSE,FALSE,FALSE,FALSE,FALSE,FALSE,FALSE,FALSE,FALSE,FALSE,TRUE,FALSE,FALSE,FALSE,FALSE,FALSE,和光純薬工業(株),-, 75-05-8,500,ml,1,0,,,,,アセトニトリル（超脱水）,,,,,,和光純薬工業(株),,-,-,500,ml,ml,0.782,密閉,,-,-,,,, 75-05-8,4.99E+12,010-22905,,CH3CN,ガラスビン,,液体,,41.05,,単位管理,Unit Management,－,－,-,-,,,-,-,0,,99,99,,,,,C2／H3／N1,,,,,,,,
アセトン,FALSE,FALSE,FALSE,FALSE,FALSE,FALSE,FALSE,FALSE,FALSE,FALSE,TRUE,FALSE,FALSE,FALSE,TRUE,FALSE,各社,, 67-64-1,3,L,1,0,,,,,アセトン,,,acetone,,,各社,,,,3,L,L,0.8,換気・密閉貯蔵,,,,,,, 67-64-1,,,,C3H6O,,,液体,,,,単位管理,Unit Management,－,－,-,-,,,-,-,1,0,1,0,,,,,C3／H6／O1,,,,,,,,
アセトン(超脱水) (500mL),FALSE,FALSE,FALSE,FALSE,FALSE,FALSE,FALSE,FALSE,FALSE,FALSE,TRUE,FALSE,FALSE,FALSE,FALSE,FALSE,富士フイルム和光純薬(株),有機合成用, 67-64-1,500,ml,1,0,,,,,アセトン(超脱水) (500mL),,,"Acetone, Super Dehydrated",,,富士フイルム和光純薬(株),,有機合成用,,500,ml,ml,0.791,冷暗貯蔵,,-,-,,,, 67-64-1,4.99E+12,016-23465,4300,(CH3)2CO,,,,99.5+%(Capillary GC),,mp. -95℃ bp. 約56℃,単位管理,Unit Management,－,－,-,-,,,-,-,,,,,,,,,,,,,,,,,
アゼライン酸,FALSE,FALSE,FALSE,FALSE,FALSE,FALSE,FALSE,FALSE,FALSE,FALSE,FALSE,FALSE,TRUE,FALSE,FALSE,FALSE,東京化成工業株式会社,-, 123-99-9,25,g,1,0,,,,,アゼライン酸,,,Azelaic Acid,,,東京化成工業株式会社,,-,-,25,g,g,1,-,-,-,-,,,, 123-99-9,MTDKG,A1318,3400,,,,,,,,単位管理,Unit Management,－,－,-,-,,,-,-,,,,,,,,,,,,,,,,,
アゾジカルボンアミド,FALSE,FALSE,FALSE,FALSE,FALSE,FALSE,FALSE,TRUE,FALSE,FALSE,FALSE,FALSE,FALSE,FALSE,FALSE,FALSE,東京化成工業株式会社,-, 123-77-3,25,g,1,0,,,,,アゾジカルボンアミド,,,Azodicarbonamide,,,東京化成工業株式会社,,-,-,25,g,g,1,-,-,-,-,,,, 123-77-3,AP0KG,A0567,2100,,,,,,,,単位管理,Unit Management,－,－,-,-,,,-,-,,,,,,,,,,,,,,,,,
アゾベンゼン,TRUE,FALSE,FALSE,FALSE,FALSE,FALSE,FALSE,TRUE,FALSE,FALSE,FALSE,FALSE,FALSE,FALSE,FALSE,FALSE,東京化成工業株式会社,-, 103-33-3,25,g,2,0,,,,,アゾベンゼン,,,Azobenzene,,,東京化成工業株式会社,,-,-,25,g,g,1,-,-,-,-,,,, 103-33-3,APYKG,A0565,10000,,,,,,,,単位管理,Unit Management,－,－,-,-,,,-,-,,,,,,,,,,,,,,,,,
"アゾベンゼン-4,4'-ジカルボン酸",TRUE,FALSE,FALSE,FALSE,FALSE,FALSE,FALSE,FALSE,FALSE,FALSE,FALSE,FALSE,FALSE,FALSE,FALSE,FALSE,東京化成工業株式会社,-, 586-91-4,1,g,1,0,,,,,"アゾベンゼン-4,4'-ジカルボン酸",,,"Azobenzene-4,4'-dicarboxylic Acid",,,東京化成工業株式会社,,-,-,1,g,g,1,-,-,-,-,,,, 586-91-4,PNQBG,A1596,14100,,,,,,,,単位管理,Unit Management,－,－,-,-,,,-,-,,,,,,,,,,,,,,,,,
アデニン (25g),FALSE,FALSE,FALSE,FALSE,FALSE,FALSE,FALSE,FALSE,FALSE,FALSE,FALSE,FALSE,TRUE,FALSE,FALSE,FALSE,富士フイルム和光純薬(株),和光一級, 73-24-5,25,g,1,0,,,,,アデニン (25g),,,Adenine,,,富士フイルム和光純薬(株),,和光一級,,25,g,g,1,室温,,-,-,,,, 73-24-5,4.99E+12,012-11512,8700,C5H5N5,,,,95+%(Titration),,mp. 360℃ (dec.) ,単位管理,Unit Management,－,－,-,-,,,-,-,,,,,,,,,,,,,,,,,
アニリン (100mL),FALSE,FALSE,FALSE,FALSE,FALSE,FALSE,FALSE,FALSE,FALSE,FALSE,TRUE,FALSE,FALSE,FALSE,FALSE,FALSE,富士フイルム和光純薬(株),試薬特級 [JISマーク認定品目], 62-53-3,100,ml,1,0,,,,,アニリン (100mL),,,Aniline,,,富士フイルム和光純薬(株),,試薬特級 [JISマーク認定品目],,100,ml,ml,1.021,室温,,-,-,1,18,100, 62-53-3,4.99E+12,019-03991,1950,C6H7N,,,,99+%(Titration),,mp. -6℃ bp. 約184℃,単位管理,Unit Management,－,－,-,-,,,-,-,,,,,,,,,,,,,,,,,
アニリン (500mL),FALSE,FALSE,FALSE,FALSE,FALSE,FALSE,FALSE,FALSE,FALSE,FALSE,TRUE,FALSE,FALSE,FALSE,FALSE,FALSE,富士フイルム和光純薬(株),試薬特級 [JISマーク認定品目], 62-53-3,500,ml,1,0,,,,,アニリン (500mL),,,Aniline,,,富士フイルム和光純薬(株),,試薬特級 [JISマーク認定品目],,500,ml,ml,1.021,室温,,-,-,1,18,100, 62-53-3,4.99E+12,019-03996,2050,C6H7N,,,,99+%(Titration),,mp. -6℃ bp. 約184℃,単位管理,Unit Management,－,－,-,-,,,-,-,,,,,,,,,,,,,,,,,
アミノグアニジン塩酸塩,FALSE,TRUE,FALSE,FALSE,FALSE,FALSE,FALSE,FALSE,FALSE,FALSE,FALSE,FALSE,FALSE,FALSE,FALSE,FALSE,東京化成工業株式会社,-, 1937-19-5,25,g,1,0,,,,,アミノグアニジン塩酸塩,,,Aminoguanidine Hydrochloride,,,東京化成工業株式会社,,-,-,25,g,g,1,-,-,-,-,,,, 1937-19-5,A5LKG,A1129,2800,,,,,,,,単位管理,Unit Management,－,－,-,-,,,-,-,,,,,,,,,,,,,,,,,
アミロライド塩酸塩,FALSE,TRUE,FALSE,FALSE,FALSE,FALSE,FALSE,FALSE,FALSE,FALSE,FALSE,FALSE,FALSE,FALSE,FALSE,FALSE,東京化成工業株式会社,-, 2016-88-8,5,g,1,0,,,,,アミロライド塩酸塩,,,Amiloride Hydrochloride,,,東京化成工業株式会社,,-,-,5,g,g,1,-,-,-,-,,,, 2016-88-8,Y97EG,A2599,24400,,,,,,,,単位管理,Unit Management,－,－,-,-,,,-,-,,,,,,,,,,,,,,,,,
アモキシシリン三水和物,FALSE,FALSE,FALSE,FALSE,FALSE,FALSE,FALSE,FALSE,TRUE,FALSE,FALSE,FALSE,TRUE,FALSE,FALSE,FALSE,東京化成工業株式会社,-, 61336-70-7,5,g,2,0,,,,,アモキシシリン三水和物,,,AmoxicillinTrihydrate,,,東京化成工業株式会社,,-,-,5,g,g,1,-,-,-,-,,,, 61336-70-7,T7LEG,A2099,3800,,,,,,,,単位管理,Unit Management,－,－,-,-,,,-,-,,,,,,,,,,,,,,,,,
アルブチン,FALSE,FALSE,FALSE,FALSE,FALSE,FALSE,FALSE,TRUE,FALSE,FALSE,FALSE,FALSE,FALSE,FALSE,FALSE,FALSE,東京化成工業株式会社,-, 497-76-7,5,g,1,0,,,,,アルブチン,,,Arbutin,,,東京化成工業株式会社,,-,-,5,g,g,1,-,-,-,-,,,, 497-76-7,AOREG,A0522,1800,,,,,,,,単位管理,Unit Management,－,－,-,-,,,-,-,,,,,,,,,,,,,,,,,
アロキサンチン二水和物,FALSE,FALSE,FALSE,FALSE,FALSE,FALSE,FALSE,FALSE,FALSE,FALSE,FALSE,FALSE,TRUE,FALSE,FALSE,FALSE,東京化成工業株式会社,-, 6011-27-4,1,g,1,0,,,,,アロキサンチン二水和物,,,AlloxantinDihydrate,,,東京化成工業株式会社,,-,-,1,g,g,1,-,-,-,-,,,, 6011-27-4,AGIBG,A0225,3100,,,,,,,,単位管理,Unit Management,－,－,-,-,,,-,-,,,,,,,,,,,,,,,,,
アンチピリン,TRUE,FALSE,FALSE,FALSE,FALSE,FALSE,FALSE,FALSE,FALSE,FALSE,FALSE,FALSE,FALSE,FALSE,FALSE,FALSE,東京化成工業株式会社,-, 60-80-0,25,g,1,0,,,,,アンチピリン,,,Antipyrine,,,東京化成工業株式会社,,-,-,25,g,g,1,-,-,-,-,,,, 60-80-0,EZCKG,D1876,2200,,,,,,,,単位管理,Unit Management,－,－,-,-,,,-,-,,,,,,,,,,,,,,,,,
アントラキノン,FALSE,TRUE,FALSE,FALSE,FALSE,FALSE,FALSE,FALSE,FALSE,FALSE,FALSE,FALSE,FALSE,FALSE,FALSE,FALSE,東京化成工業株式会社,-, 84-65-1,25,g,0,1,,,,,アントラキノン,,,Anthraquinone,,,東京化成工業株式会社,,-,-,25,g,g,1,-,-,-,-,1,584,100, 84-65-1,AN7KG,A0502,1900,,,,,,,,単位管理,Unit Management,－,－,-,-,,,-,-,,,,,,,,,,,,,,,,,
アントラセン,FALSE,TRUE,FALSE,FALSE,FALSE,FALSE,FALSE,FALSE,FALSE,FALSE,FALSE,FALSE,FALSE,FALSE,FALSE,FALSE,東京化成工業株式会社,-, 120-12-7,25,g,1,0,,,,,アントラセン,,,Anthracene,,,東京化成工業株式会社,,-,-,25,g,g,1,-,-,-,-,1,32,100, 120-12-7,AN0KG,A0495,2400,,,,,,,,単位管理,Unit Management,－,－,-,-,,,-,-,,,,,,,,,,,,,,,,,
ｱﾝﾄﾗﾆﾙ酸,FALSE,FALSE,FALSE,FALSE,FALSE,FALSE,FALSE,FALSE,FALSE,FALSE,FALSE,FALSE,TRUE,FALSE,FALSE,FALSE,関東化学株式会社,鹿特級, 118-92-3,25,g,1,0,,,,,ｱﾝﾄﾗﾆﾙ酸,o-ｱﾐﾉ安息香酸,,Anthranilic acid,o-Aminobenzoic acid,,関東化学株式会社,"Kanto Chemical Co., Inc.",鹿特級,,25,g,g,1,-,-,-,-,,,, 118-92-3,0141230B,01412-30,2500,NH2C6H4COOH,ガラスビン,,,>98.0%(T),137.1357,mp.144℃～146℃,単位管理,Unit Management,－,－,-,-,,,-,-,,,,,,,118923.jpg,,C7／H7／N1／O2,,,,,,,,
アンピシリンナトリウム,FALSE,FALSE,FALSE,FALSE,FALSE,TRUE,FALSE,FALSE,FALSE,FALSE,FALSE,FALSE,FALSE,FALSE,FALSE,FALSE,ナカライテスク（株）,GR, 69-52-3,5,g,1,0,,,,,アンピシリンナトリウム,,,Ampicillin Sodium Salt,,,ナカライテスク（株）,,GR,,5,g,g,1,冷蔵貯蔵,,-,-,,,, 69-52-3,05VCG,273974,3400,C16H18N3NaO4S,-,-,,≧98.0%(T),371.39,mp. 約210℃(分解) ,単位管理,Unit Management,本,本,-,-,,,-,-,,,,,,,,,,,,,,,,,
アンピシリンナトリウム,FALSE,FALSE,FALSE,FALSE,FALSE,TRUE,FALSE,FALSE,FALSE,FALSE,FALSE,FALSE,FALSE,FALSE,FALSE,FALSE,ナカライテスク（株）,-, 02739-74,5,g,1,0,,,,,アンピシリンナトリウム,,,Ampicilｌin Sldium Salt,,,ナカライテスク（株）,,-,-,5,g,g,1,冷蔵貯蔵,,-,-,,,, 02739-74,,,,,ガラスビン,,,,,,単位管理,Unit Management,－,－,-,-,,,-,-,1,0,1,0,,,,,C16／H18／N3／Na1／O4／S1,,,,,,,,
アンピシリンナトリウム (5g),FALSE,FALSE,FALSE,FALSE,FALSE,FALSE,FALSE,FALSE,TRUE,FALSE,FALSE,FALSE,FALSE,FALSE,FALSE,FALSE,和光純薬工業(株),生化学用, 69-52-3,5,g,1,0,,,,,アンピシリンナトリウム (5g),,,Ampicillin Sodium,,,和光純薬工業(株),,生化学用,,5,g,g,1,冷蔵貯蔵,,-,-,,,, 69-52-3,4.99E+12,010-10371,3000,C16H18N3NaO4S,-,-,白色の結晶性粉末～粉末,,371.39,融点:215℃,単位管理,Unit Management,本,本,-,-,,,-,-,,,,,,,,,,,,,,,,,
ｱﾝﾓﾆｱ水,FALSE,FALSE,FALSE,FALSE,FALSE,FALSE,FALSE,FALSE,TRUE,FALSE,FALSE,FALSE,FALSE,FALSE,FALSE,FALSE,関東化学株式会社,特級, 1336-21-6,500,ml,1,0,,,,,ｱﾝﾓﾆｱ水,水酸化ｱﾝﾓﾆｳﾑ,,Ammonia solution,Ammonium hydroxide,,関東化学株式会社,"Kanto Chemical Co., Inc.",特級,,500,ml,ml,1,-,-,-,-,,,, 1336-21-6,0126600F,01266-00,1400,NH3,-,-,"無色,液体",28.0%～30.0%(as NH3),17.0308,,単位管理,Unit Management,－,－,-,-,,,-,-,,,,,,,,,,,,,,,,,
イソニコチノイルクロリド塩酸塩,TRUE,FALSE,FALSE,FALSE,FALSE,FALSE,FALSE,FALSE,FALSE,FALSE,FALSE,FALSE,FALSE,FALSE,FALSE,FALSE,東京化成工業株式会社,-, 39178-35-3,25,g,1,0,,,,,イソニコチノイルクロリド塩酸塩,,,Isonicotinoyl Chloride Hydrochloride,,,東京化成工業株式会社,,-,-,25,g,g,1,-,-,-,-,,,, 39178-35-3,GPKKG,I0144,8800,,,,,,,,単位管理,Unit Management,－,－,-,-,,,-,-,,,,,,,,,,,,,,,,,
ｲｿﾆｺﾁﾉﾆﾄﾘﾙ,TRUE,FALSE,FALSE,FALSE,FALSE,FALSE,FALSE,FALSE,FALSE,FALSE,FALSE,FALSE,FALSE,FALSE,FALSE,FALSE,関東化学株式会社,鹿特級, 100-48-1,25,g,1,0,,,,,ｲｿﾆｺﾁﾉﾆﾄﾘﾙ,4-ｼｱﾉﾋﾟﾘｼﾞﾝ,4-ﾋﾟﾘｼﾞﾝｶﾙﾎﾞﾆﾄﾘﾙ,Isonicotinonitrile,4-Cyanopyridine,4-Pyridinecarbonitrile,関東化学株式会社,"Kanto Chemical Co., Inc.",鹿特級,,25,g,g,1,-,-,-,-,,,, 100-48-1,0778330S,07783-30,10500,CNC5H4N,ガラスビン,,,>98.0%(GC),104.1092,mp.83℃,単位管理,Unit Management,－,－,-,-,,,-,-,,,,,,,,,C6／H4／N2,,,,,,,,
ｲｿﾆｺﾁﾉﾋﾄﾞﾗｼﾞﾄﾞ,FALSE,FALSE,TRUE,FALSE,FALSE,FALSE,FALSE,FALSE,FALSE,FALSE,FALSE,FALSE,FALSE,FALSE,FALSE,FALSE,関東化学株式会社,鹿特級, 54-85-3,25,g,1,0,,,,,ｲｿﾆｺﾁﾉﾋﾄﾞﾗｼﾞﾄﾞ,ｲｿﾆｺﾁﾝ酸ﾋﾄﾞﾗｼﾞﾄﾞ,,Isonicotinohydrazide,Isonicotinic acid hydrazide,,関東化学株式会社,"Kanto Chemical Co., Inc.",鹿特級,,25,g,g,1,-,-,-,-,,,, 54-85-3,2022430D,20224-30,5100,C5H4NCONHNH2,ガラスビン,,,>98.0%(T),137.1394,mp.173℃,単位管理,Unit Management,－,－,-,-,,,-,-,,,,,,,,,C6／H7／N3／O1,,,,,,,,
イソニコチンアミド,FALSE,FALSE,FALSE,FALSE,FALSE,FALSE,FALSE,FALSE,FALSE,FALSE,FALSE,FALSE,TRUE,FALSE,FALSE,FALSE,東京化成工業株式会社,-, 1453-82-3,25,g,0,1,,,,,イソニコチンアミド,,,Isonicotinamide,,,東京化成工業株式会社,,-,-,25,g,g,1,-,-,-,-,,,, 1453-82-3,GPBKG,I0135,3000,,,,,,,,単位管理,Unit Management,－,－,-,-,,,-,-,,,,,,,,,,,,,,,,,
イソニコチン酸,FALSE,TRUE,FALSE,FALSE,FALSE,FALSE,FALSE,FALSE,TRUE,FALSE,FALSE,FALSE,FALSE,FALSE,FALSE,FALSE,東京化成工業株式会社,-, 55-22-1,25,g,0,1,,,,,イソニコチン酸,,,Isonicotinic Acid,,,東京化成工業株式会社,,-,-,25,g,g,1,-,-,-,-,,,, 55-22-1,GRBKG,I0207,2800,,,,,,,,単位管理,Unit Management,－,－,-,-,,,-,-,,,,,,,,,,,,,,,,,
イソニコチン酸,FALSE,FALSE,FALSE,FALSE,FALSE,FALSE,FALSE,FALSE,FALSE,FALSE,FALSE,FALSE,TRUE,FALSE,FALSE,FALSE,ナカライテスク（株）,GR, 55-22-1,25,g,1,0,,,,,イソニコチン酸,,,Isonicotinic Acid,,,ナカライテスク（株）,,GR,,25,g,g,1,-,-,-,-,,,, 55-22-1,161I6,19615-22,2600,C5H4NCOOH,,,,≧98.0%（乾燥後）(T),123.11,mp. 315℃ ,単位管理,Unit Management,－,－,-,-,,,-,-,,,,,,,,,,,,,,,,,
イソフタルアルデヒド,TRUE,FALSE,FALSE,FALSE,FALSE,FALSE,FALSE,FALSE,FALSE,FALSE,FALSE,FALSE,FALSE,FALSE,FALSE,FALSE,東京化成工業株式会社,-, 626-19-7,25,g,1,0,,,,,イソフタルアルデヒド,,,Isophthalaldehyde,,,東京化成工業株式会社,,-,-,25,g,g,1,-,-,-,-,,,, 626-19-7,GPTKG,I0153,5300,,,,,,,,単位管理,Unit Management,－,－,-,-,,,-,-,,,,,,,,,,,,,,,,,
イソフタル酸,TRUE,FALSE,FALSE,FALSE,FALSE,FALSE,FALSE,FALSE,FALSE,FALSE,FALSE,FALSE,FALSE,FALSE,FALSE,FALSE,ナカライテスク（株）,ＥＰ, 121-91-5,25,g,1,0,,,,,イソフタル酸,,,Isophthalic Acid,,,ナカライテスク（株）,,ＥＰ,,25,g,g,1,-,-,-,-,,,, 121-91-5,1621M,1962222,1800,C6H4(COOH)2,,,,≧95.0%(T),166.13,mp. 342～343℃ ,単位管理,Unit Management,－,－,-,-,,,-,-,,,,,,,,,,,,,,,,,
イソフタル酸 (25g),FALSE,TRUE,FALSE,FALSE,FALSE,FALSE,FALSE,FALSE,FALSE,FALSE,FALSE,FALSE,FALSE,FALSE,FALSE,FALSE,富士フイルム和光純薬(株),和光一級, 121-91-5,25,g,1,0,,,,,イソフタル酸 (25g),,,Isophthalic Acid,,,富士フイルム和光純薬(株),,和光一級,,25,g,g,1.54,室温,,-,-,,,, 121-91-5,4.99E+12,097-01832,2420,C6H4(COOH)2,,,,95+%(Capillary GC),,mp. 345℃ ,単位管理,Unit Management,－,－,-,-,,,-,-,,,,,,,,,,,,,,,,,
イソブチロニトリル (25mL),FALSE,FALSE,FALSE,FALSE,TRUE,FALSE,FALSE,FALSE,FALSE,FALSE,FALSE,FALSE,FALSE,FALSE,FALSE,FALSE,富士フイルム和光純薬(株),和光一級, 78-82-0,25,ml,1,0,,,,,イソブチロニトリル (25mL),,,Isobutyronitrile,,,富士フイルム和光純薬(株),,和光一級,,25,ml,ml,0.77,室温,,-,-,,,, 78-82-0,4.99E+12,021-04013,3630,(CH3)2CHCN,,,,97+%(Capillary GC),,mp. -75℃ bp. 約108℃,単位管理,Unit Management,－,－,-,-,,,-,-,,,,,,,,,,,,,,,,,
イソプレン,FALSE,FALSE,FALSE,FALSE,TRUE,FALSE,FALSE,FALSE,FALSE,FALSE,FALSE,FALSE,FALSE,FALSE,FALSE,FALSE,東京化成工業株式会社,-, 78-79-5,25,ml,1,0,,,,,イソプレン,,,Isoprene(stabilized with TBC),,,東京化成工業株式会社,,-,-,25,ml,ml,0.68,冷蔵貯蔵,,-,-,1,36,100, 78-79-5,GP0KM,I0160,2400,,,,,,,,単位管理,Unit Management,－,－,-,-,,,-,-,,,,,,,,,,,,,,,,,
ｲｿﾌﾟﾛﾋﾟﾙ ｱﾙｺ-ﾙ,FALSE,FALSE,FALSE,FALSE,FALSE,FALSE,FALSE,FALSE,FALSE,FALSE,TRUE,FALSE,FALSE,FALSE,FALSE,FALSE,高橋藤吉商店,溶媒, 67-63-0,500,ml,1,0,,,,,ｲｿﾌﾟﾛﾋﾟﾙ ｱﾙｺ-ﾙ,,,Isopropyl Alcohol,,,高橋藤吉商店,,溶媒,,500,ml,ml,0.79,-,-,-,-,,,, 67-63-0,,,1900,,ガラスビン,,,,,,単位管理,Unit Management,本,本,-,-,,,-,-,10,,,,ｙ,,,,,,,,,,,,
イトプリド塩酸塩 (5g),FALSE,FALSE,FALSE,FALSE,FALSE,FALSE,FALSE,FALSE,TRUE,FALSE,FALSE,FALSE,FALSE,FALSE,FALSE,FALSE,和光純薬工業(株),生化学用, 122892-31-3,5,g,1,0,,,,,イトプリド塩酸塩 (5g),,,Itopride Hydrochloride,,,和光純薬工業(株),,生化学用,,5,g,g,1,冷蔵貯蔵,,,,,,, 122892-31-3,4.55E+12,099-06593,79000,C20H26N2O4・HCl,,,,90+%,,,単位管理,Unit Management,－,－,-,-,,,-,-,,,,,,,,,,,,,,,,,
イブプロフェン,TRUE,FALSE,FALSE,FALSE,FALSE,FALSE,FALSE,FALSE,FALSE,FALSE,FALSE,FALSE,FALSE,FALSE,FALSE,FALSE,東京化成工業株式会社,-, 15687-27-1,25,g,1,0,,,,,イブプロフェン,,,Ibuprofen,,,東京化成工業株式会社,,-,-,25,g,g,1,-,-,-,-,,,, 15687-27-1,GW1KG,I0415,10900,,,,,,,,単位管理,Unit Management,－,－,-,-,,,-,-,,,,,,,,,,,,,,,,,
イミダゾール,FALSE,FALSE,TRUE,FALSE,FALSE,FALSE,FALSE,FALSE,FALSE,FALSE,FALSE,FALSE,FALSE,FALSE,FALSE,FALSE,東京化成工業株式会社,-, 288-32-4,25,g,0,1,,,,,イミダゾール,,,Imidazole,,,東京化成工業株式会社,,-,-,25,g,g,1,-,-,-,-,,,, 288-32-4,GLLKG,I0001,2100,,,,,,,,単位管理,Unit Management,－,－,-,-,,,-,-,,,,,,,,,,,,,,,,,
インジウム,TRUE,FALSE,FALSE,FALSE,FALSE,FALSE,FALSE,FALSE,FALSE,FALSE,FALSE,FALSE,FALSE,FALSE,FALSE,FALSE,Aldrich,-, 7440-74-6,5,g,1,1,,,,,インジウム,,,"INDIUM, POWDER, -100 MESH, 99.99%",,,Aldrich,,-,-,5,g,g,1,室温,,-,-,1,44,100, 7440-74-6,,264032,,,-,-,,,,,単位管理,Unit Management,本,本,-,-,,,-,-,,,,,,,,,,,,,,,,,
インドメタシン,TRUE,FALSE,FALSE,FALSE,FALSE,FALSE,FALSE,FALSE,FALSE,FALSE,FALSE,FALSE,TRUE,FALSE,FALSE,FALSE,東京化成工業株式会社,-, 53-86-1,25,g,2,0,,,,,インドメタシン,,,Indomethacin,,,東京化成工業株式会社,,-,-,25,g,g,1,-,-,-,-,,,, 53-86-1,SADKG,I0655,6300,,,,,,,,単位管理,Unit Management,－,－,-,-,,,-,-,,,,,,,,,,,,,,,,,
ウラシル,FALSE,FALSE,FALSE,FALSE,FALSE,FALSE,FALSE,FALSE,FALSE,FALSE,FALSE,FALSE,TRUE,FALSE,FALSE,FALSE,東京化成工業株式会社,-, 66-22-8,25,g,2,0,,,,,ウラシル,,,Uracil,,,東京化成工業株式会社,,-,-,25,g,g,1,-,-,-,-,,,, 66-22-8,LPWKG,U0013,2900,,,,,,,,単位管理,Unit Management,－,－,-,-,,,-,-,,,,,,,,,,,,,,,,,
ウラニン,FALSE,TRUE,FALSE,FALSE,FALSE,FALSE,FALSE,FALSE,FALSE,FALSE,FALSE,FALSE,FALSE,FALSE,FALSE,FALSE,東京化成工業株式会社,-, 518-47-8,25,g,1,0,,,,,ウラニン,,,Uranine,,,東京化成工業株式会社,,-,-,25,g,g,1,-,-,-,-,,,, 518-47-8,FMNKG,F0096,2600,,,,,,,,単位管理,Unit Management,－,－,-,-,,,-,-,,,,,,,,,,,,,,,,,
エカベトナトリウム水和物 (10g),FALSE,TRUE,FALSE,FALSE,FALSE,FALSE,FALSE,FALSE,FALSE,FALSE,FALSE,FALSE,FALSE,FALSE,FALSE,FALSE,和光純薬工業(株),生化学用, 219773-47-4,10,g,1,0,,,,,エカベトナトリウム水和物 (10g),,,Ecabet Sodium Hydrate,,,和光純薬工業(株),,生化学用,,10,g,g,1,室温,,,,,,, 219773-47-4,4.55E+12,057-08511,8000,C20H27NaO5S・5H2O,,,,90+%(無水物換算),,,単位管理,Unit Management,－,－,-,-,,,-,-,,,,,,,,,,,,,,,,,
エタノール(99.5),FALSE,FALSE,FALSE,FALSE,FALSE,FALSE,FALSE,FALSE,FALSE,FALSE,TRUE,FALSE,FALSE,FALSE,FALSE,FALSE,上野化学工業株式会社,一級, 64-17-5,500,ml,1,0,,,,,エタノール(99.5),,,,,,上野化学工業株式会社,,一級,,500,ml,ml,1,-,-,-,-,,,, 64-17-5,,,,,ガラスビン,,,,46.07,,単位管理,Unit Management,－,－,-,-,,,-,-,0,,99,99,,,,,C2／H6／O1,,,,,,,,
エタノール(超脱水)(99.5) (500mL),FALSE,FALSE,FALSE,FALSE,FALSE,FALSE,FALSE,FALSE,FALSE,FALSE,TRUE,FALSE,FALSE,FALSE,FALSE,FALSE,富士フイルム和光純薬(株),有機合成用, 64-17-5,500,ml,2,0,,,,,エタノール(超脱水)(99.5) (500mL),,,"Ethanol, Super Dehydrated (99.5)",,,富士フイルム和光純薬(株),,有機合成用,,500,ml,ml,0.79,室温,,-,-,,,, 64-17-5,4.55E+12,050-08425,5750,C2H5OH,,,,99.5+%(Capillary GC),,mp. -117℃ bp. 約78℃,単位管理,Unit Management,－,－,-,-,,,-,-,,,,,,,,,,,,,,,,,
エタノール-D1 (重水素化率 99.5%以上) NMR用 マグニソルブ(TM),FALSE,FALSE,FALSE,FALSE,FALSE,FALSE,FALSE,FALSE,FALSE,FALSE,TRUE,FALSE,FALSE,FALSE,FALSE,FALSE,Merck,, 925-93-9,50,ml,1,0,,,,,エタノール-D1 (重水素化率 99.5%以上) NMR用 マグニソルブ(TM),,,Ethanol-D1 deuteration degree min. 99.5% for NMR spectroscopy MagniSolv(TM),ETHANOL-D1 DEUTERATION DEGREE MIN. 99.5% FOR NMR SPECTROSCOPY MAGNISOLV(TM),,Merck,,,,50,ml,ml,0.79,-,-,-,-,,,, 925-93-9,,815037,19300,,,,,,,,単位管理,Unit Management,－,－,-,-,,,-,-,,,,,,,,,,,,,,,,,
エタンスルホン酸,FALSE,FALSE,FALSE,FALSE,FALSE,FALSE,FALSE,FALSE,FALSE,FALSE,FALSE,TRUE,FALSE,FALSE,FALSE,FALSE,東京化成工業株式会社,-, 594-45-6,25,g,1,0,,,,,エタンスルホン酸,,,Ethanesulfonic Acid,,,東京化成工業株式会社,,-,-,25,g,g,1.34,-,-,-,-,,,, 594-45-6,E85KG,E0033,10400,,,,,,,,単位管理,Unit Management,－,－,-,-,,,-,-,,,,,,,,,,,,,,,,,
エチルベンゼン,FALSE,FALSE,FALSE,FALSE,FALSE,TRUE,FALSE,FALSE,FALSE,FALSE,FALSE,FALSE,FALSE,FALSE,FALSE,FALSE,東京化成工業株式会社,-, 100-41-4,25,ml,1,0,,,,,エチルベンゼン,,,Ethylbenzene,,,東京化成工業株式会社,,-,-,25,ml,ml,0.87,-,-,-,-,1,53,100, 100-41-4,E90KM,E0064,2200,,,,,,,,単位管理,Unit Management,－,－,-,-,,,-,-,,,,,,,,,,,,,,,,,
エチレングリコール,FALSE,TRUE,FALSE,FALSE,FALSE,FALSE,FALSE,FALSE,FALSE,FALSE,FALSE,FALSE,FALSE,FALSE,FALSE,FALSE,東京化成工業株式会社,-, 107-21-1,25,g,1,0,,,,,エチレングリコール,,,Ethylene Glycol,,,東京化成工業株式会社,,-,-,25,g,g,1.12,-,-,-,-,,,, 107-21-1,FA5KG,E0105,2200,,,,,,,,単位管理,Unit Management,－,－,-,-,,,-,-,,,,,,,,,,,,,,,,,
ｴﾁﾚﾝｼﾞｱﾐﾝ(無水),FALSE,FALSE,FALSE,FALSE,FALSE,FALSE,FALSE,FALSE,FALSE,FALSE,TRUE,FALSE,FALSE,FALSE,FALSE,FALSE,関東化学株式会社,鹿特級, 107-15-3,500,ml,1,0,,,,,ｴﾁﾚﾝｼﾞｱﾐﾝ(無水),"1,2-ｼﾞｱﾐﾉｴﾀﾝ",,"Ethylenediamine, anhydrous","1,2-Diaminoethane",,関東化学株式会社,"Kanto Chemical Co., Inc.",鹿特級,,500,ml,ml,0.9,-,-,-,-,1,59,100, 107-15-3,1409000E,14090-00,2900,NH2CH2CH2NH2,ガラスビン,,,>99.0%(T),60.0988,bp.116℃～117℃ mp.8.5℃ d(20℃) 0.90 Fp.34℃,単位管理,Unit Management,－,－,-,-,,,-,-,,,,,,,,,C2／H8／N2,,,,,,,,
エトドラク,FALSE,FALSE,FALSE,FALSE,FALSE,FALSE,FALSE,TRUE,FALSE,FALSE,FALSE,FALSE,FALSE,FALSE,FALSE,FALSE,東京化成工業株式会社,-, 41340-25-4,5,g,2,0,,,,,エトドラク,,,Etodolac,,,東京化成工業株式会社,,-,-,5,g,g,1,冷蔵貯蔵,,-,-,,,, 41340-25-4,WKKEG,E0858,6500,,,,,,,,単位管理,Unit Management,－,－,-,-,,,-,-,,,,,,,,,,,,,,,,,
エトドラク,FALSE,FALSE,FALSE,FALSE,FALSE,FALSE,FALSE,TRUE,FALSE,FALSE,FALSE,FALSE,FALSE,FALSE,FALSE,FALSE,東京化成工業株式会社,-, 41340-25-4,25,g,1,0,,,,,エトドラク,,,Etodolac,,,東京化成工業株式会社,,-,-,25,g,g,1,冷蔵貯蔵,,-,-,,,, 41340-25-4,WKKKG,E0858,21200,,,,,,,,単位管理,Unit Management,－,－,-,-,,,-,-,,,,,,,,,,,,,,,,,
エノキサシン1.5水和物,FALSE,FALSE,FALSE,FALSE,FALSE,FALSE,FALSE,FALSE,FALSE,FALSE,FALSE,FALSE,TRUE,FALSE,FALSE,FALSE,東京化成工業株式会社,-, 84294-96-2,25,g,2,0,,,,,エノキサシン1.5水和物,,,EnoxacinSesquihydrate,,,東京化成工業株式会社,,-,-,25,g,g,1,-,-,-,-,,,, 84294-96-2,T45KG,E0762,25300,,,,,,,,単位管理,Unit Management,－,－,-,-,,,-,-,,,,,,,,,,,,,,,,,
エパルレスタット,FALSE,FALSE,FALSE,FALSE,FALSE,FALSE,FALSE,FALSE,FALSE,FALSE,FALSE,FALSE,TRUE,FALSE,FALSE,FALSE,東京化成工業株式会社,-, 82159-09-9,5,g,1,0,,,,,エパルレスタット,,,Epalrestat,,,東京化成工業株式会社,,-,-,5,g,g,1,-,-,-,-,,,, 82159-09-9,XRHEG,E0906,16200,,,,,,,,単位管理,Unit Management,－,－,-,-,,,-,-,,,,,,,,,,,,,,,,,
エピアンドロステロン,FALSE,FALSE,FALSE,FALSE,FALSE,FALSE,FALSE,TRUE,FALSE,FALSE,FALSE,FALSE,FALSE,FALSE,FALSE,FALSE,東京化成工業株式会社,-, 481-29-8,1,g,1,0,,,,,エピアンドロステロン,,,Epiandrosterone,,,東京化成工業株式会社,,-,-,1,g,g,1,-,-,-,-,,,, 481-29-8,FIMBG,E0374,5700,,,,,,,,単位管理,Unit Management,－,－,-,-,,,-,-,,,,,,,,,,,,,,,,,
エラグ酸二水和物,FALSE,TRUE,FALSE,FALSE,FALSE,FALSE,FALSE,FALSE,FALSE,FALSE,FALSE,FALSE,FALSE,FALSE,FALSE,FALSE,東京化成工業株式会社,-, 133039-73-3,5,g,1,0,,,,,エラグ酸二水和物,,,Ellagic AcidDihydrate,,,東京化成工業株式会社,,-,-,5,g,g,1,-,-,-,-,,,, 133039-73-3,FINEG,E0375,10000,,,,,,,,単位管理,Unit Management,－,－,-,-,,,-,-,,,,,,,,,,,,,,,,,
エリスロマイシン,FALSE,FALSE,FALSE,FALSE,FALSE,FALSE,FALSE,TRUE,TRUE,FALSE,FALSE,FALSE,FALSE,FALSE,FALSE,FALSE,東京化成工業株式会社,-, 114-07-8,5,g,1,0,,,,,エリスロマイシン,,,Erythromycin,,,東京化成工業株式会社,,-,-,5,g,g,1,-,-,-,-,,,, 114-07-8,TY5EG,E0751,6800,,,,,,,,単位管理,Unit Management,－,－,-,-,,,-,-,,,,,,,,,,,,,,,,,
エリスロマイシン (25g),FALSE,FALSE,FALSE,FALSE,FALSE,FALSE,FALSE,TRUE,FALSE,FALSE,FALSE,FALSE,FALSE,FALSE,FALSE,FALSE,富士フイルム和光純薬(株),-, 114-07-8,25,g,1,0,,,,,エリスロマイシン (25g),,,Erythromycin,,,富士フイルム和光純薬(株),,-,-,25,g,g,1,冷蔵貯蔵,,-,-,,,, 114-07-8,4.99E+12,055-07152,25600,C37H67NO13,,,,70+%(HPLC)(as erythr,,mp. 136 - 140℃ ,単位管理,Unit Management,－,－,-,-,,,-,-,,,,,,,,,,,,,,,,,
エンロフロキサシン,FALSE,FALSE,FALSE,FALSE,FALSE,FALSE,FALSE,FALSE,FALSE,FALSE,FALSE,FALSE,TRUE,FALSE,FALSE,FALSE,東京化成工業株式会社,-, 93106-60-6,25,g,1,0,,,,,エンロフロキサシン,,,Enrofloxacin,,,東京化成工業株式会社,,-,-,25,g,g,1,-,-,-,-,,,, 93106-60-6,UVSKG,E0786,14900,,,,,,,,単位管理,Unit Management,－,－,-,-,,,-,-,,,,,,,,,,,,,,,,,
オキサシリンナトリウム一水和物 (5g),FALSE,FALSE,FALSE,FALSE,FALSE,FALSE,FALSE,FALSE,TRUE,FALSE,FALSE,FALSE,FALSE,FALSE,FALSE,FALSE,和光純薬工業(株),生化学用, 7240-38-2,5,g,1,0,,,,,オキサシリンナトリウム一水和物 (5g),,,Oxacillin Sodium Monohydrate,,,和光純薬工業(株),,生化学用,,5,g,g,1,冷蔵貯蔵,,-,-,,,, 7240-38-2,4.99E+12,150-02133,10000,C19H18N3NaO5S･H2O,-,-,白色～ほとんど白色の結晶粉末,,441.44,mp. 188℃ (dec.) ,単位管理,Unit Management,本,本,-,-,,,-,-,,,,,,,,,,,,,,,,,
オキサミド,FALSE,TRUE,FALSE,FALSE,FALSE,FALSE,FALSE,FALSE,FALSE,FALSE,FALSE,FALSE,FALSE,FALSE,FALSE,FALSE,東京化成工業株式会社,-, 471-46-5,25,g,1,0,,,,,オキサミド,,,Oxamide,,,東京化成工業株式会社,,-,-,25,g,g,1,-,-,-,-,,,, 471-46-5,IEEKG,O0086,1900,,,,,,,,単位管理,Unit Management,－,－,-,-,,,-,-,,,,,,,,,,,,,,,,,
ｵｷｻﾘﾙ ｸﾛﾘﾄﾞ,FALSE,FALSE,FALSE,FALSE,FALSE,FALSE,FALSE,TRUE,FALSE,FALSE,FALSE,FALSE,FALSE,FALSE,FALSE,FALSE,東京化成工業株式会社,有機合成用, 79-37-8,25,g,1,0,,,,,ｵｷｻﾘﾙ ｸﾛﾘﾄﾞ,,,Oxalyl Chloride,,,東京化成工業株式会社,,有機合成用,,25,g,g,1.48,冷凍貯蔵,,-,-,,,, 79-37-8,IEAKG,O0082,3500,,アンプル,,,,,,単位管理,Unit Management,本,本,-,-,,,-,-,10,,,,fzx,,,,C2／Cl2／O2,,,,,,,,
オキサルジヒドラジド,TRUE,FALSE,FALSE,FALSE,FALSE,FALSE,FALSE,FALSE,FALSE,FALSE,FALSE,FALSE,FALSE,FALSE,FALSE,FALSE,ACROS ORGANICS,-, 996-98-5,25,g,1,0,,,,,オキサルジヒドラジド,,,Oxalyl dihydrazide,,,ACROS ORGANICS,,-,-,25,g,g,1,冷暗貯蔵,,-,-,,,, 996-98-5,157511AU,157510250,5600,C2H6N4O2,-,-,,,118.09,mp 240 ℃(dec.),単位管理,Unit Management,本,本,-,-,,,-,-,,,,,,,,,C2／H6／N4／O2,,,,,,,,
オクタフルオロシクロペンテン,FALSE,FALSE,FALSE,FALSE,FALSE,FALSE,FALSE,TRUE,FALSE,TRUE,FALSE,FALSE,FALSE,FALSE,FALSE,FALSE,東京化成工業株式会社,-, 559-40-0,10,g,4,0,,,,,オクタフルオロシクロペンテン,,,Octafluorocyclopentene,,,東京化成工業株式会社,,-,-,10,g,g,1,冷蔵貯蔵,,含ハロゲン（Ｆ，Ｃｌ，Ｂｒ，Ｉ）,,,,, 559-40-0,PHTPG,O0292,14500,,-,-,,,,,単位管理,Unit Management,本,本,-,-,,,-,-,1,0,1,0,,,,,C5／F8,,,,,,,,
オフロキサシン,FALSE,FALSE,FALSE,FALSE,FALSE,FALSE,FALSE,FALSE,FALSE,FALSE,FALSE,FALSE,TRUE,FALSE,FALSE,FALSE,東京化成工業株式会社,-, 82419-36-1,5,g,1,0,,,,,オフロキサシン,,,Ofloxacin,,,東京化成工業株式会社,,-,-,5,g,g,1,-,-,-,-,,,, 82419-36-1,YVYEG,O0403,10300,,,,,,,,単位管理,Unit Management,－,－,-,-,,,-,-,,,,,,,,,,,,,,,,,
オレイン酸,FALSE,FALSE,FALSE,FALSE,FALSE,FALSE,FALSE,FALSE,TRUE,FALSE,FALSE,FALSE,FALSE,FALSE,FALSE,FALSE,東京化成工業株式会社,-, 112-80-1,5,ml,1,0,,,,,オレイン酸,,,Oleic Acid,,,東京化成工業株式会社,,-,-,5,ml,ml,0.89,冷蔵貯蔵,,-,-,,,, 112-80-1,IG0EM,O0180,6700,,,,,,,,単位管理,Unit Management,－,－,-,-,,,-,-,,,,,,,,,,,,,,,,,
オロチン酸一水和物,FALSE,TRUE,FALSE,FALSE,FALSE,FALSE,FALSE,FALSE,FALSE,FALSE,FALSE,FALSE,FALSE,FALSE,FALSE,FALSE,東京化成工業株式会社,-, 50887-69-9,25,g,2,0,,,,,オロチン酸一水和物,,,Orotic AcidMonohydrate,,,東京化成工業株式会社,,-,-,25,g,g,1,-,-,-,-,,,, 50887-69-9,IDTKG,O0065,2000,,,,,,,,単位管理,Unit Management,－,－,-,-,,,-,-,,,,,,,,,,,,,,,,,
ｶﾞﾁﾌﾛｷｻｼﾝ,FALSE,FALSE,FALSE,FALSE,FALSE,FALSE,FALSE,TRUE,FALSE,FALSE,FALSE,FALSE,FALSE,FALSE,FALSE,FALSE,Thermo Fisher Scientific Inc.,-, 112811-59-3,1,g,1,0,,,,,ｶﾞﾁﾌﾛｷｻｼﾝ,,,Gatifloxacin,,,Thermo Fisher Scientific Inc.,,-,-,1,g,g,1,冷凍保存 -20℃以下,,-,-,,,, 112811-59-3,,46023-1A,10890,C19H22FN3O4,-,-,,,375.3935,,単位管理,Unit Management,－,－,-,-,,,-,-,,,,,,,,,C19／F1／H22／N3／O4,,,,,,,,
カテコール,FALSE,TRUE,FALSE,FALSE,FALSE,FALSE,FALSE,FALSE,FALSE,FALSE,FALSE,FALSE,FALSE,FALSE,FALSE,FALSE,東京化成工業株式会社,-, 120-80-9,500,g,2,0,,,,,カテコール,,,Catechol,,,東京化成工業株式会社,,-,-,500,g,g,1,-,-,-,-,1,343,100, 120-80-9,IX5YG,P0567,10400,,,,,,,,単位管理,Unit Management,－,－,-,-,,,-,-,,,,,,,,,,,,,,,,,
カフェイン,FALSE,TRUE,FALSE,FALSE,FALSE,FALSE,FALSE,FALSE,FALSE,FALSE,FALSE,FALSE,FALSE,FALSE,FALSE,FALSE,東京化成工業株式会社,-, 58-08-2,25,g,1,0,,,,,カフェイン,,,Caffeine,,,東京化成工業株式会社,,-,-,25,g,g,1,-,-,-,-,,,, 58-08-2,SAAKG,C2042,1900,,,,,,,,単位管理,Unit Management,－,－,-,-,,,-,-,,,,,,,,,,,,,,,,,
カフェイン一水和物 (25g),FALSE,TRUE,FALSE,FALSE,FALSE,FALSE,FALSE,FALSE,FALSE,FALSE,FALSE,FALSE,FALSE,FALSE,FALSE,FALSE,富士フイルム和光純薬(株),和光特級, 5743-12-4,25,g,1,0,,,,,カフェイン一水和物 (25g),,,Caffeine Monohydrate,,,富士フイルム和光純薬(株),,和光特級,,25,g,g,1,室温,,-,-,,,, 5743-12-4,4.99E+12,034-06782,2550,C8H10N4O2・H2O,,,,99+%(HPLC),,mp. 235～238℃ (乾燥後) ,単位管理,Unit Management,－,－,-,-,,,-,-,,,,,,,,,,,,,,,,,
カフェイン酸,TRUE,FALSE,FALSE,FALSE,FALSE,FALSE,FALSE,FALSE,FALSE,FALSE,FALSE,FALSE,FALSE,FALSE,FALSE,FALSE,東京化成工業株式会社,-, 331-39-5,5,g,1,0,,,,,カフェイン酸,,,Caffeic Acid,,,東京化成工業株式会社,,-,-,5,g,g,1,-,-,-,-,,,, 331-39-5,CI6EG,C0002,3700,,,,,,,,単位管理,Unit Management,－,－,-,-,,,-,-,,,,,,,,,,,,,,,,,
カプサイシン (1g),FALSE,FALSE,FALSE,FALSE,FALSE,FALSE,FALSE,FALSE,TRUE,FALSE,FALSE,FALSE,FALSE,FALSE,FALSE,FALSE,富士フイルム和光純薬(株),和光一級, 404-86-4,1,g,1,0,,,,,カプサイシン (1g),,,Capsaicin,,,富士フイルム和光純薬(株),,和光一級,,1,g,g,1,冷蔵貯蔵,,-,-,,,, 404-86-4,4.99E+12,030-11353,7350,C18H27NO3,,,,93+%(HPLC)(カプサイ,,mp. 62～66℃ bp. 210～220℃  (0.01mmHg),単位管理,Unit Management,－,－,-,-,,,-,-,,,,,,,,,,,,,,,,,
カリウム tert-ブトキシド,FALSE,FALSE,FALSE,FALSE,FALSE,FALSE,FALSE,FALSE,TRUE,FALSE,FALSE,FALSE,FALSE,FALSE,FALSE,FALSE,東京化成工業株式会社,-, 865-47-4,25,g,1,0,,,,,カリウム tert-ブトキシド,,,Potassium tert-Butoxide,,,東京化成工業株式会社,,-,-,25,g,g,1,-,-,-,-,,,, 865-47-4,JAEKG,P1008,2000,,,,,,,,単位管理,Unit Management,－,－,-,-,,,-,-,,,,,,,,,,,,,,,,,
カルバクロール,FALSE,FALSE,FALSE,FALSE,FALSE,FALSE,FALSE,FALSE,FALSE,FALSE,TRUE,FALSE,FALSE,FALSE,FALSE,FALSE,東京化成工業株式会社,-, 499-75-2,25,g,1,0,,,,,カルバクロール,,,Carvacrol,,,東京化成工業株式会社,,-,-,25,g,g,0.98,-,-,-,-,,,, 499-75-2,CJUKG,C0026,4000,,,,,,,,単位管理,Unit Management,－,－,-,-,,,-,-,,,,,,,,,,,,,,,,,
カルバゾール,TRUE,FALSE,FALSE,FALSE,FALSE,FALSE,FALSE,FALSE,FALSE,FALSE,FALSE,FALSE,FALSE,FALSE,FALSE,FALSE,東京化成工業株式会社,-, 86-74-8,25,g,1,0,,,,,カルバゾール,,,Carbazole,,,東京化成工業株式会社,,-,-,25,g,g,1,-,-,-,-,,,, 86-74-8,CJ0KG,C0032,3000,,,,,,,,単位管理,Unit Management,－,－,-,-,,,-,-,,,,,,,,,,,,,,,,,
カルバゾクロム (5g),FALSE,FALSE,FALSE,FALSE,FALSE,FALSE,FALSE,FALSE,TRUE,FALSE,FALSE,FALSE,FALSE,FALSE,FALSE,FALSE,和光純薬工業(株),生化学用, 69-81-8,5,g,1,0,,,,,カルバゾクロム (5g),,,Carbazochrome,,,和光純薬工業(株),,生化学用,,5,g,g,1,室温,,,,,,, 69-81-8,4.99E+12,039-13643,5000,C10H12N4O3,,,,98+%(HPLC),,mp. 約222℃ (dec.) ,単位管理,Unit Management,－,－,-,-,,,-,-,,,,,,,,,,,,,,,,,
カルバゾクロムスルホン酸ナトリウム三水和物 (25g),FALSE,FALSE,FALSE,FALSE,FALSE,FALSE,FALSE,FALSE,TRUE,FALSE,FALSE,FALSE,FALSE,FALSE,FALSE,FALSE,和光純薬工業(株),生化学用, 51460-26-5,25,g,1,0,,,,,カルバゾクロムスルホン酸ナトリウム三水和物 (25g),,,Carbazochrome Sodium Sulfonate Trihydrate,,,和光純薬工業(株),,生化学用,,25,g,g,1,室温,,-,-,,,, 51460-26-5,4.99E+12,038-13652,9100,C10H11N4NaO5S・3H2O,-,-,橙色の粉末,99+%(HPLC),376.32,mp. 約210℃ (dec.) ,単位管理,Unit Management,本,本,-,-,,,-,-,,,,,,,,,,,,,,,,,
カルバマゼピン,TRUE,FALSE,FALSE,FALSE,FALSE,FALSE,FALSE,FALSE,FALSE,FALSE,FALSE,FALSE,FALSE,FALSE,FALSE,FALSE,東京化成工業株式会社,-, 298-46-4,10,g,1,0,,,,,カルバマゼピン,,,Carbamazepin,,,東京化成工業株式会社,,-,-,10,g,g,1,-,-,-,-,,,, 298-46-4,DDJFG,C1095,7100,,,,,,,,単位管理,Unit Management,－,－,-,-,,,-,-,,,,,,,,,,,,,,,,,
カルバマゼピン (10g),TRUE,FALSE,FALSE,FALSE,FALSE,FALSE,FALSE,FALSE,FALSE,FALSE,FALSE,FALSE,FALSE,FALSE,FALSE,FALSE,和光純薬工業(株),生化学用, 298-46-4,10,g,1,0,,,,,カルバマゼピン (10g),,,Carbamazepine,,,和光純薬工業(株),,生化学用,,10,g,g,1,室温,,-,-,,,, 298-46-4,4.99E+12,030-10591,4800,C15H12N2O,-,-,,97.0+% (Absorptiomet,,mp. 189～193℃,単位管理,Unit Management,本,本,-,-,,,-,-,,,,,,,,,,,,,,,,,
キサントン,FALSE,TRUE,FALSE,FALSE,FALSE,FALSE,FALSE,FALSE,FALSE,FALSE,FALSE,FALSE,FALSE,FALSE,FALSE,FALSE,東京化成工業株式会社,-, 90-47-1,25,g,1,0,,,,,キサントン,,,Xanthone,,,東京化成工業株式会社,,-,-,25,g,g,1,-,-,-,-,,,, 90-47-1,LTCKG,X0005,8000,,,,,,,,単位管理,Unit Management,－,－,-,-,,,-,-,,,,,,,,,,,,,,,,,
キニーネ,FALSE,FALSE,FALSE,FALSE,FALSE,FALSE,FALSE,FALSE,TRUE,FALSE,FALSE,FALSE,FALSE,FALSE,FALSE,FALSE,ナカライテスク（株）,ＥＰ, 130-95-0,5,g,1,0,,,,,キニーネ,,,Quinine,,,ナカライテスク（株）,,ＥＰ,,5,g,g,1,-,-,-,-,,,, 130-95-0,1S4VK,29923-14,6500,C20H24N2O2,,,,≧98.0%(T),324.42,mp. 176℃ ,単位管理,Unit Management,－,－,-,-,,,-,-,,,,,,,,,,,,,,,,,
キニーネ塩酸塩,FALSE,FALSE,FALSE,FALSE,FALSE,FALSE,FALSE,TRUE,FALSE,FALSE,FALSE,FALSE,FALSE,FALSE,FALSE,FALSE,ナカライテスク（株）,ＥＰ, 6119-47-7,25,g,1,0,,,,,キニーネ塩酸塩,,,Quinine Hydrochloride,,,ナカライテスク（株）,,ＥＰ,,25,g,g,1,-,-,-,-,,,, 6119-47-7,1S3VE,29910-32,8400,C20H24N2O2・HCl・2H2O,,,,≧98.0%（乾燥後）(T),396.91,,単位管理,Unit Management,－,－,-,-,,,-,-,,,,,,,,,,,,,,,,,
キニジン硫酸塩二水和物,FALSE,FALSE,FALSE,FALSE,FALSE,FALSE,FALSE,FALSE,TRUE,FALSE,FALSE,FALSE,FALSE,FALSE,FALSE,FALSE,東京化成工業株式会社,-, 6591-63-5,5,g,1,0,,,,,キニジン硫酸塩二水和物,,,Quinidine SulfateDihydrate,,,東京化成工業株式会社,,-,-,5,g,g,1,-,-,-,-,,,, 6591-63-5,JEHEG,Q0010,3700,,,,,,,,単位管理,Unit Management,－,－,-,-,,,-,-,,,,,,,,,,,,,,,,,
キノキサリン,TRUE,FALSE,FALSE,FALSE,FALSE,FALSE,FALSE,FALSE,FALSE,FALSE,FALSE,FALSE,FALSE,FALSE,FALSE,FALSE,東京化成工業株式会社,-, 91-19-0,25,g,1,0,,,,,キノキサリン,,,Quinoxaline,,,東京化成工業株式会社,,-,-,25,g,g,1,冷蔵貯蔵,,-,-,,,, 91-19-0,JERKG,Q0020,5800,,,,,,,,単位管理,Unit Management,－,－,-,-,,,-,-,,,,,,,,,,,,,,,,,
ギ酸,FALSE,FALSE,TRUE,FALSE,FALSE,FALSE,FALSE,FALSE,FALSE,FALSE,FALSE,FALSE,FALSE,FALSE,FALSE,FALSE,東京化成工業株式会社,-, 64-18-6,300,ml,1,0,,,,,ギ酸,,,,,,東京化成工業株式会社,,-,-,300,ml,ml,1,冷暗、密閉貯蔵,,-,-,,,, 64-18-6,,F0513TK,,,-,-,液体,,46.03,,単位管理,Unit Management,－,－,-,-,,,-,-,0,,99,99,,,,,C1／H2／O2,,,,,,,,
グアイアズレン (10g),FALSE,TRUE,FALSE,FALSE,FALSE,FALSE,FALSE,FALSE,FALSE,FALSE,FALSE,FALSE,FALSE,FALSE,FALSE,FALSE,(株)ワコーケミカル (和光純薬取扱),-, 489-84-9,10,g,1,0,,,,,グアイアズレン (10g),,,Guaiazulene,,,(株)ワコーケミカル (和光純薬取扱),,-,-,10,g,g,1,室温,,,,,,, 489-84-9,4.99E+12,320-20571,5900,C15H18,,,,96+%,,mp. 31.5℃ bp. 153℃/7mm,単位管理,Unit Management,－,－,-,-,,,-,-,,,,,,,,,,,,,,,,,
グアニジン塩酸塩,FALSE,TRUE,FALSE,FALSE,FALSE,FALSE,FALSE,FALSE,FALSE,FALSE,FALSE,FALSE,FALSE,FALSE,FALSE,FALSE,東京化成工業株式会社,-, 50-01-1,25,g,1,0,,,,,グアニジン塩酸塩,,,Guanidine Hydrochloride,,,東京化成工業株式会社,,-,-,25,g,g,1,-,-,-,-,,,, 50-01-1,FW7KG,G0162,2200,,,,,,,,単位管理,Unit Management,－,－,-,-,,,-,-,,,,,,,,,,,,,,,,,
グアニジン炭酸塩,FALSE,TRUE,FALSE,FALSE,FALSE,FALSE,FALSE,FALSE,FALSE,FALSE,FALSE,FALSE,FALSE,FALSE,FALSE,FALSE,ナカライテスク（株）,GR, 593-85-1,25,g,1,0,,,,,グアニジン炭酸塩,,,Ｇｕａｎｉｄｉｎｅ　Ｃａｒｂｏｎａｔｅ,,,ナカライテスク（株）,,GR,,25,g,g,1,-,-,-,-,,,, 593-85-1,11442,17316-02,1000,,-,-,,９８％（Ｔ）,,,単位管理,Unit Management,本,本,-,-,,,-,-,,,,,,,,,,,,,,,,,
グアニルチオ尿素,FALSE,TRUE,FALSE,FALSE,FALSE,FALSE,FALSE,FALSE,FALSE,FALSE,FALSE,FALSE,TRUE,FALSE,FALSE,FALSE,東京化成工業株式会社,-, 2114-02-5,25,g,2,0,,,,,グアニルチオ尿素,,,Guanylthiourea,,,東京化成工業株式会社,,-,-,25,g,g,1,-,-,-,-,,,, 2114-02-5,FY7KG,G0234,2400,,,,,,,,単位管理,Unit Management,－,－,-,-,,,-,-,,,,,,,,,,,,,,,,,
グアニン (25g),FALSE,FALSE,FALSE,FALSE,FALSE,FALSE,FALSE,FALSE,FALSE,FALSE,FALSE,FALSE,TRUE,FALSE,FALSE,FALSE,富士フイルム和光純薬(株),和光特級, 73-40-5,25,g,1,0,,,,,グアニン (25g),,,Guanine,,,富士フイルム和光純薬(株),,和光特級,,25,g,g,1,室温,,-,-,,,, 73-40-5,4.99E+12,077-01092,10900,C5H5N5O,,,,97+%(Titration),,mp. > 300℃ ,単位管理,Unit Management,－,－,-,-,,,-,-,,,,,,,,,,,,,,,,,
くえん酸,FALSE,TRUE,FALSE,FALSE,FALSE,FALSE,FALSE,FALSE,FALSE,FALSE,FALSE,FALSE,FALSE,FALSE,FALSE,FALSE,東京化成工業株式会社,-, 77-92-9,500,g,1,0,,,,,くえん酸,,,Citric Acid,,,東京化成工業株式会社,,-,-,500,g,g,1,-,-,-,-,,,, 77-92-9,Q8DYG,C1949,1900,,,,,,,,単位管理,Unit Management,－,－,-,-,,,-,-,,,,,,,,,,,,,,,,,
くえん酸 (25g),FALSE,FALSE,FALSE,FALSE,FALSE,FALSE,FALSE,FALSE,FALSE,FALSE,FALSE,FALSE,TRUE,FALSE,FALSE,FALSE,富士フイルム和光純薬(株),和光特級, 77-92-9,25,g,1,0,,,,,くえん酸 (25g),,,Citric Acid,,,富士フイルム和光純薬(株),,和光特級,,25,g,g,1.665,室温,,-,-,,,, 77-92-9,4.99E+12,036-05522,1600,HOOCCH2C(OH)(COOH)CH2COOH,,,,98+%(Titration),,mp. 153℃ ,単位管理,Unit Management,－,－,-,-,,,-,-,,,,,,,,,,,,,,,,,
くえん酸一水和物,TRUE,FALSE,FALSE,FALSE,FALSE,FALSE,FALSE,FALSE,FALSE,FALSE,FALSE,FALSE,FALSE,FALSE,FALSE,FALSE,ナカライテスク（株）,特級(ＧＲ), 5949-29-1,25,g,1,0,,,,,くえん酸一水和物,,,Citric Acid Monohydrate,,,ナカライテスク（株）,,特級(ＧＲ),,25,g,g,1,-,-,-,-,,,, 5949-29-1,0JIMI,09106-02,1600,C6H8O7・H2O,,,,≧99.5%(T),210.14,,単位管理,Unit Management,－,－,-,-,,,-,-,,,,,,,,,,,,,,,,,
ｸﾏﾘﾝ,TRUE,FALSE,FALSE,FALSE,FALSE,FALSE,FALSE,FALSE,FALSE,FALSE,FALSE,FALSE,FALSE,FALSE,FALSE,FALSE,関東化学株式会社,鹿特級, 91-64-5,25,g,1,0,,,,,ｸﾏﾘﾝ,ｸﾏﾘﾝ,,Coumarin,Cumarin,,関東化学株式会社,"Kanto Chemical Co., Inc.",鹿特級,,25,g,g,1,-,-,-,-,,,, 91-64-5,0745030J,07450-30,1800,C9H6O2,ガラスビン,,,>98.0%(GC),146.1421,bp.297℃～299℃ mp.69℃ Fp.151℃,単位管理,Unit Management,－,－,-,-,,,-,-,,,,,,,91645.jpg,,C9／H6／O2,,,,,,,,
クマリン-3-カルボン酸,FALSE,FALSE,FALSE,FALSE,FALSE,FALSE,FALSE,FALSE,TRUE,FALSE,FALSE,FALSE,FALSE,FALSE,FALSE,FALSE,東京化成工業株式会社,-, 531-81-7,5,g,1,0,,,,,クマリン-3-カルボン酸,,,Coumarin-3-carboxylic Acid,,,東京化成工業株式会社,,-,-,5,g,g,1,-,-,-,-,,,, 531-81-7,2KXEG,C3129,4800,,,,,,,,単位管理,Unit Management,－,－,-,-,,,-,-,,,,,,,,,,,,,,,,,
クマリン酸,FALSE,TRUE,FALSE,FALSE,FALSE,FALSE,FALSE,FALSE,FALSE,FALSE,FALSE,FALSE,FALSE,FALSE,FALSE,FALSE,東京化成工業株式会社,-, 500-05-0,5,g,1,0,,,,,クマリン酸,,,Coumalic Acid,,,東京化成工業株式会社,,-,-,5,g,g,1,-,-,-,-,,,, 500-05-0,CTZEG,C0391,3200,,,,,,,,単位管理,Unit Management,－,－,-,-,,,-,-,,,,,,,,,,,,,,,,,
"グリオキサール (39%水溶液, 約8.8mol/L)",FALSE,FALSE,FALSE,FALSE,FALSE,FALSE,FALSE,FALSE,FALSE,FALSE,TRUE,FALSE,FALSE,FALSE,FALSE,FALSE,東京化成工業株式会社,-, 107-22-2,500,g,2,0,,,,,"グリオキサール (39%水溶液, 約8.8mol/L)",,,"Glyoxal(39% in Water, ca. 8.8mol/L)",,,東京化成工業株式会社,,-,-,500,g,g,1.27,-,-,-,-,1,84,100, 107-22-2,FWXYG,G0152,2500,,,,,,,,単位管理,Unit Management,－,－,-,-,,,-,-,,,,,,,,,,,,,,,,,
グリクラジド (10g),FALSE,FALSE,FALSE,FALSE,FALSE,FALSE,FALSE,FALSE,TRUE,FALSE,FALSE,FALSE,FALSE,FALSE,FALSE,FALSE,富士フイルム和光純薬(株),生化学用, 21187-98-4,10,g,5,1,,,,,グリクラジド (10g),,,Gliclazide,,,富士フイルム和光純薬(株),,生化学用,,10,g,g,1,冷蔵貯蔵,,-,-,,,, 21187-98-4,4.99E+12,071-04731,13400,C15H21N3O3S,,,,98+%(Titration),,,単位管理,Unit Management,－,－,-,-,,,-,-,,,,,,,,,,,,,,,,,
グリコール酸 (25g),TRUE,FALSE,FALSE,FALSE,FALSE,FALSE,FALSE,FALSE,FALSE,FALSE,FALSE,FALSE,FALSE,FALSE,FALSE,FALSE,富士フイルム和光純薬(株),和光一級, 79-14-1,25,g,1,0,,,,,グリコール酸 (25g),,,Glycolic Acid,,,富士フイルム和光純薬(株),,和光一級,,25,g,g,1.27,室温,,-,-,,,, 79-14-1,4.99E+12,071-01512,2250,HOCH2COOH,,,,97+%(Titration),,mp. 75～81℃ ,単位管理,Unit Management,－,－,-,-,,,-,-,,,,,,,,,,,,,,,,,
グリコシアミン,TRUE,FALSE,FALSE,FALSE,FALSE,FALSE,FALSE,FALSE,FALSE,FALSE,FALSE,FALSE,FALSE,FALSE,FALSE,FALSE,東京化成工業株式会社,-, 352-97-6,25,g,1,0,,,,,グリコシアミン,,,Glycocyamine,,,東京化成工業株式会社,,-,-,25,g,g,1,-,-,-,-,,,, 352-97-6,FXCKG,G0167,6200,,,,,,,,単位管理,Unit Management,－,－,-,-,,,-,-,,,,,,,,,,,,,,,,,
グリシン,FALSE,FALSE,FALSE,FALSE,FALSE,FALSE,FALSE,FALSE,FALSE,FALSE,FALSE,FALSE,TRUE,FALSE,FALSE,FALSE,東京化成工業株式会社,-, 56-40-6,25,g,1,0,,,,,グリシン,,,Glycine,,,東京化成工業株式会社,,-,-,25,g,g,1,-,-,-,-,,,, 56-40-6,FVGKG,G0099,2100,,,,,,,,単位管理,Unit Management,－,－,-,-,,,-,-,,,,,,,,,,,,,,,,,
クリスタルバイオレット (25g),TRUE,FALSE,FALSE,FALSE,FALSE,FALSE,FALSE,FALSE,FALSE,FALSE,FALSE,FALSE,FALSE,FALSE,FALSE,FALSE,富士フイルム和光純薬(株),試薬特級 [JISマーク認定品目], 60662-33-1,25,g,1,0,,,,,クリスタルバイオレット (25g),,,Crystal Violet,,,富士フイルム和光純薬(株),,試薬特級 [JISマーク認定品目],,25,g,g,1,室温,,-,-,,,, 60662-33-1,4.99E+12,031-04852,6200,C25H30ClN3・9H2O,,,,,,,単位管理,Unit Management,－,－,-,-,,,-,-,,,,,,,,,,,,,,,,,
ｸﾘｿｲｼﾞﾝ,FALSE,TRUE,FALSE,FALSE,FALSE,FALSE,FALSE,FALSE,FALSE,FALSE,FALSE,FALSE,FALSE,FALSE,FALSE,FALSE,関東化学株式会社,鹿1級, 532-82-1,25,g,1,0,,,,,ｸﾘｿｲｼﾞﾝ,"2,4-ｼﾞｱﾐﾉｱｿﾞﾍﾞﾝｾﾞﾝ塩酸塩",4-ﾌｪﾆﾙｱｿﾞ-m-ﾌｪﾆﾚﾝｼﾞｱﾐﾝ一塩酸塩,Chrysoidine,"2,4-Diaminoazobenzene hydrochloride",4-Phenylazo-m-phenylenediamine monohydrochloride,関東化学株式会社,"Kanto Chemical Co., Inc.",鹿1級,,25,g,g,1,-,-,-,-,,,, 532-82-1,0736731R,07367-31,9000,C6H5N:NC6H3(NH2)2･HCl,ガラスビン,,,,248.7104,mp.118℃～118.5℃,単位管理,Unit Management,－,－,-,-,,,-,-,,,,,,,,,C12／H12／N4,,,,,,,,
グリピジド,FALSE,FALSE,FALSE,FALSE,FALSE,FALSE,FALSE,TRUE,FALSE,FALSE,FALSE,FALSE,FALSE,FALSE,FALSE,FALSE,東京化成工業株式会社,-, 29094-61-9,5,g,1,0,,,,,グリピジド,,,Glipizide,,,東京化成工業株式会社,,-,-,5,g,g,1,-,-,-,-,,,, 29094-61-9,WQVEG,G0369,25200,,,,,,,,単位管理,Unit Management,－,－,-,-,,,-,-,,,,,,,,,,,,,,,,,
グリベンクラミド,FALSE,FALSE,FALSE,FALSE,FALSE,FALSE,FALSE,FALSE,TRUE,FALSE,FALSE,FALSE,FALSE,FALSE,FALSE,FALSE,東京化成工業株式会社,-, 10238-21-8,25,g,1,0,,,,,グリベンクラミド,,,Glibenclamide,,,東京化成工業株式会社,,-,-,25,g,g,1,冷蔵貯蔵,,-,-,,,, 10238-21-8,XH4KG,G0382,9300,,,,,,,,単位管理,Unit Management,－,－,-,-,,,-,-,,,,,,,,,,,,,,,,,
クルクミン (合成),FALSE,FALSE,FALSE,FALSE,FALSE,FALSE,FALSE,FALSE,FALSE,TRUE,FALSE,FALSE,FALSE,FALSE,FALSE,FALSE,東京化成工業株式会社,-, 458-37-7,5,g,1,0,,,,,クルクミン (合成),,,Curcumin(Synthetic),,,東京化成工業株式会社,,-,-,5,g,g,1,冷凍貯蔵,,-,-,,,, 458-37-7,U0VEG,C2302,4900,,,,,,,,単位管理,Unit Management,－,－,-,-,,,-,-,,,,,,,,,,,,,,,,,
クルクミン (天然),TRUE,FALSE,FALSE,FALSE,FALSE,FALSE,FALSE,FALSE,TRUE,FALSE,FALSE,FALSE,FALSE,FALSE,FALSE,FALSE,東京化成工業株式会社,-, 458-37-7,25,g,2,0,,,,,クルクミン (天然),,,Curcumin(Natural),,,東京化成工業株式会社,,-,-,25,g,g,1,-,-,-,-,,,, 458-37-7,CU6KG,C0434,11100,,,,,,,,単位管理,Unit Management,－,－,-,-,,,-,-,,,,,,,,,,,,,,,,,
グルタル酸,TRUE,FALSE,FALSE,FALSE,FALSE,FALSE,FALSE,FALSE,TRUE,FALSE,FALSE,FALSE,FALSE,FALSE,FALSE,FALSE,東京化成工業株式会社,-, 110-94-1,25,g,1,0,,,,,グルタル酸,,,Glutaric Acid,,,東京化成工業株式会社,,-,-,25,g,g,1,-,-,-,-,,,, 110-94-1,FUMKG,G0069,2100,,,,,,,,単位管理,Unit Management,－,－,-,-,,,-,-,,,,,,,,,,,,,,,,,
クレアチニン (25g),FALSE,FALSE,FALSE,FALSE,FALSE,FALSE,FALSE,FALSE,FALSE,FALSE,FALSE,FALSE,TRUE,FALSE,FALSE,FALSE,富士フイルム和光純薬(株),和光特級, 60-27-5,25,g,1,0,,,,,クレアチニン (25g),,,Creatinine,,,富士フイルム和光純薬(株),,和光特級,,25,g,g,1,室温,,-,-,,,, 60-27-5,4.99E+12,031-04592,4800,C4H7N3O,,,,99+%(Titration),,mp. 255℃ (dec.) ,単位管理,Unit Management,－,－,-,-,,,-,-,,,,,,,,,,,,,,,,,
クレアチン一水和物,FALSE,FALSE,FALSE,FALSE,FALSE,FALSE,FALSE,FALSE,FALSE,FALSE,FALSE,FALSE,TRUE,FALSE,FALSE,FALSE,ナカライテスク（株）,GR, 6020-87-7,25,g,1,0,,,,,クレアチン一水和物,,,Creatine Monohydrate,,,ナカライテスク（株）,,GR,,25,g,g,1,-,-,-,-,,,, 6020-87-7,0KN22,09630-22,2950,C4H9N3O2・H2O,,,,≧98.0%（乾燥物換算）(T),149.15,mp. 292℃(分解) ,単位管理,Unit Management,－,－,-,-,,,-,-,,,,,,,,,,,,,,,,,
クロキサシリンナトリウム一水和物,FALSE,TRUE,FALSE,FALSE,FALSE,FALSE,FALSE,FALSE,FALSE,FALSE,FALSE,FALSE,FALSE,FALSE,FALSE,FALSE,東京化成工業株式会社,-, 7081-44-9,5,g,1,0,,,,,クロキサシリンナトリウム一水和物,,,Cloxacillin Sodium SaltMonohydrate,,,東京化成工業株式会社,,-,-,5,g,g,1,冷蔵貯蔵,,-,-,,,, 7081-44-9,T7PEG,C2244,18600,,,,,,,,単位管理,Unit Management,－,－,-,-,,,-,-,,,,,,,,,,,,,,,,,
クロニキシン,FALSE,FALSE,FALSE,FALSE,FALSE,FALSE,FALSE,FALSE,TRUE,FALSE,FALSE,FALSE,FALSE,FALSE,FALSE,FALSE,東京化成工業株式会社,-, 17737-65-4,5,g,2,0,,,,,クロニキシン,,,Clonixin,,,東京化成工業株式会社,,-,-,5,g,g,1,-,-,-,-,,,, 17737-65-4,XY5EG,C2619,9800,,,,,,,,単位管理,Unit Management,－,－,-,-,,,-,-,,,,,,,,,,,,,,,,,
クロラニル,FALSE,TRUE,FALSE,FALSE,FALSE,FALSE,FALSE,FALSE,FALSE,FALSE,FALSE,FALSE,FALSE,FALSE,FALSE,FALSE,東京化成工業株式会社,-, 118-75-2,25,g,1,0,,,,,クロラニル,,,Chloranil,,,東京化成工業株式会社,,-,-,25,g,g,1,-,-,-,-,,,, 118-75-2,KNYKG,T0061,2200,,,,,,,,単位管理,Unit Management,－,－,-,-,,,-,-,,,,,,,,,,,,,,,,,
クロラニル酸,TRUE,FALSE,FALSE,FALSE,FALSE,FALSE,FALSE,FALSE,FALSE,FALSE,FALSE,FALSE,FALSE,FALSE,FALSE,FALSE,東京化成工業株式会社,-, 87-88-7,25,g,2,0,,,,,クロラニル酸,,,Chloranilic Acid,,,東京化成工業株式会社,,-,-,25,g,g,1,-,-,-,-,,,, 87-88-7,CK9KG,C0077,8100,,,,,,,,単位管理,Unit Management,－,－,-,-,,,-,-,,,,,,,,,,,,,,,,,
クロロゲン酸,FALSE,TRUE,FALSE,FALSE,FALSE,FALSE,FALSE,FALSE,FALSE,FALSE,FALSE,FALSE,FALSE,FALSE,FALSE,FALSE,東京化成工業株式会社,-, 327-97-9,1,g,1,0,,,,,クロロゲン酸,,,Chlorogenic Acid,,,東京化成工業株式会社,,-,-,1,g,g,1,-,-,-,-,,,, 327-97-9,CN5BG,C0181,9500,,,,,,,,単位管理,Unit Management,－,－,-,-,,,-,-,,,,,,,,,,,,,,,,,
クロロチアジド,FALSE,FALSE,FALSE,FALSE,FALSE,FALSE,FALSE,FALSE,TRUE,FALSE,FALSE,FALSE,FALSE,FALSE,FALSE,FALSE,東京化成工業株式会社,-, 58-94-6,25,g,1,0,,,,,クロロチアジド,,,Chlorothiazide,,,東京化成工業株式会社,,-,-,25,g,g,1,冷蔵貯蔵,,-,-,,,, 58-94-6,UCPKG,C2259,10400,,,,,,,,単位管理,Unit Management,－,－,-,-,,,-,-,,,,,,,,,,,,,,,,,
ｸﾛﾛﾄﾘﾒﾁﾙｼﾗﾝ,FALSE,FALSE,FALSE,FALSE,FALSE,FALSE,FALSE,FALSE,FALSE,FALSE,TRUE,FALSE,FALSE,FALSE,FALSE,FALSE,東京化成工業株式会社,保護基, 75-77-4,25,ml,2,0,,,,,ｸﾛﾛﾄﾘﾒﾁﾙｼﾗﾝ,,,Chlorotrimethylsilane,,,東京化成工業株式会社,,保護基,,25,ml,ml,0.86,冷蔵貯蔵,,-,-,,,, 75-77-4,CRMKM,C0306,1700,,ガラスビン,,,,,,単位管理,Unit Management,本,本,-,-,,,-,-,10,,,,ｃｐｇ,,,,,,,,,,,,
クロロベンゼン,FALSE,FALSE,FALSE,FALSE,FALSE,FALSE,FALSE,FALSE,FALSE,FALSE,TRUE,FALSE,FALSE,FALSE,FALSE,FALSE,東京化成工業株式会社,-, 108-90-7,500,g,1,0,,,,,クロロベンゼン,,,Chlorobenzene,,,東京化成工業株式会社,,-,-,500,g,g,1.11,-,-,-,-,1,125,100, 108-90-7,Q7EYG,C1948,1900,,,,,,,,単位管理,Unit Management,－,－,-,-,,,-,-,,,,,,,,,,,,,,,,,
クロロホルム,FALSE,FALSE,FALSE,FALSE,FALSE,FALSE,FALSE,FALSE,FALSE,FALSE,TRUE,FALSE,FALSE,FALSE,FALSE,FALSE,ナカライテスク（株）,ＥＰ, 67-66-3,500,ml,1,0,,,,,クロロホルム,,,Chloroform,,,ナカライテスク（株）,,ＥＰ,,500,ml,ml,1.47,-,-,-,-,1,127,100, 67-66-3,0I089,08401-65,1500,CHCl3,,,,≧98.0%(GC),119.38,mp. -64℃ bp. 61℃,単位管理,Unit Management,－,－,-,-,,,-,-,,,,,,,,,,,,,,,,,
クロロホルム-d 1 (重水素化率99.8％) TMS 0.03vol％添加,FALSE,FALSE,FALSE,TRUE,FALSE,FALSE,FALSE,FALSE,FALSE,FALSE,FALSE,FALSE,FALSE,FALSE,FALSE,FALSE,Aldrich,NMR用, 865-49-6,100,ml,1,0,,,,,クロロホルム-d 1 (重水素化率99.8％) TMS 0.03vol％添加,,,"Chloroform-d 1♯,99.8％ TMS 0.03％♯",,,Aldrich,,NMR用,,100,ml,ml,1,冷暗貯蔵,,-,-,1,127,100, 865-49-6,,"22,578-9",7300,CDCl3,ガラスビン,,,,120.38,,単位管理,Unit Management,本,本,-,-,,,-,-,1,,,,nmr,,,,C1／CL3／D1,,,,,,,,
"けい素, 粉末, 99.9% (25g)",FALSE,FALSE,FALSE,FALSE,FALSE,FALSE,FALSE,FALSE,FALSE,FALSE,FALSE,FALSE,FALSE,TRUE,FALSE,FALSE,富士フイルム和光純薬(株),-, 7440-21-3,25,g,1,0,,,,,"けい素, 粉末, 99.9% (25g)",,,"Silicon, Powder, 99.9%",,,富士フイルム和光純薬(株),,-,-,25,g,g,2.336,室温,,-,-,,,, 7440-21-3,4.99E+12,191-05582,10400,Si,,,,99.9+%(Subtracting M,,"mp. 1410℃ bp. 約3,280℃",単位管理,Unit Management,－,－,-,-,,,-,-,,,,,,,,,,,,,,,,,
ケトプロフェン,FALSE,FALSE,FALSE,FALSE,FALSE,FALSE,FALSE,FALSE,FALSE,FALSE,FALSE,FALSE,TRUE,FALSE,FALSE,FALSE,東京化成工業株式会社,-, 22071-15-4,25,g,1,0,,,,,ケトプロフェン,,,Ketoprofen,,,東京化成工業株式会社,,-,-,25,g,g,1,-,-,-,-,,,, 22071-15-4,NSMKG,K0038,11900,,,,,,,,単位管理,Unit Management,－,－,-,-,,,-,-,,,,,,,,,,,,,,,,,
ゲフィチニブ,FALSE,FALSE,FALSE,TRUE,FALSE,FALSE,FALSE,FALSE,FALSE,FALSE,FALSE,FALSE,FALSE,FALSE,FALSE,FALSE,東京化成工業株式会社,-, 184475-35-2,1,g,1,0,,,,,ゲフィチニブ,,,Gefitinib,,,東京化成工業株式会社,,-,-,1,g,g,1,冷蔵貯蔵,,-,-,,,, 184475-35-2,6AXBG,G0546,8600,,,,,,,,単位管理,Unit Management,－,－,-,-,,,-,-,,,,,,,,,,,,,,,,,
ゲラニオール,FALSE,FALSE,FALSE,FALSE,FALSE,FALSE,FALSE,FALSE,FALSE,FALSE,TRUE,FALSE,FALSE,FALSE,FALSE,FALSE,東京化成工業株式会社,-, 106-24-1,25,ml,1,0,,,,,ゲラニオール,,,Geraniol,,,東京化成工業株式会社,,-,-,25,ml,ml,0.88,-,-,-,-,2,781,100, 106-24-1,FTGKM,G0027,2000,,,,,,,,単位管理,Unit Management,－,－,-,-,,,-,-,,,,,,,,,,,,,,,,,
ケリダム酸一水和物,FALSE,FALSE,FALSE,FALSE,FALSE,FALSE,FALSE,FALSE,FALSE,FALSE,FALSE,FALSE,TRUE,FALSE,FALSE,FALSE,東京化成工業株式会社,-, 199926-39-1,5,g,1,0,,,,,ケリダム酸一水和物,,,Chelidamic AcidMonohydrate,,,東京化成工業株式会社,,-,-,5,g,g,1,-,-,-,-,,,, 199926-39-1,C5XEG,C0821,9200,,,,,,,,単位管理,Unit Management,－,－,-,-,,,-,-,,,,,,,,,,,,,,,,,
ケリドン酸一水和物,TRUE,FALSE,FALSE,FALSE,FALSE,FALSE,FALSE,FALSE,FALSE,FALSE,FALSE,FALSE,FALSE,FALSE,FALSE,FALSE,東京化成工業株式会社,-, 6003-94-7,25,g,1,0,,,,,ケリドン酸一水和物,,,Chelidonic AcidMonohydrate,,,東京化成工業株式会社,,-,-,25,g,g,1,-,-,-,-,,,, 6003-94-7,C9NKG,C0955,42900,,,,,,,,単位管理,Unit Management,－,－,-,-,,,-,-,,,,,,,,,,,,,,,,,
ケルセチン水和物,FALSE,TRUE,FALSE,FALSE,FALSE,FALSE,FALSE,FALSE,FALSE,FALSE,FALSE,FALSE,FALSE,FALSE,FALSE,FALSE,東京化成工業株式会社,-, 849061-97-8,25,g,1,0,,,,,ケルセチン水和物,,,QuercetinHydrate,,,東京化成工業株式会社,,-,-,25,g,g,1,-,-,-,-,,,, 849061-97-8,IJKKG,P0042,6300,,,,,,,,単位管理,Unit Management,－,－,-,-,,,-,-,,,,,,,,,,,,,,,,,
コール酸,TRUE,FALSE,FALSE,FALSE,FALSE,FALSE,FALSE,FALSE,FALSE,FALSE,FALSE,FALSE,FALSE,FALSE,FALSE,FALSE,ナカライテスク（株）,GR, 81-25-4,5,g,1,0,,,,,コール酸,,,Cholic Acid,,,ナカライテスク（株）,,GR,,5,g,g,1,-,-,-,-,,,, 81-25-4,0IYC0,08843-14,4250,(HO)3C23H36COOH,,,,≧98.0%(T),408.57,mp. 200℃ ,単位管理,Unit Management,－,－,-,-,,,-,-,,,,,,,,,,,,,,,,,
こはく酸,TRUE,FALSE,FALSE,FALSE,FALSE,FALSE,FALSE,FALSE,FALSE,FALSE,FALSE,FALSE,FALSE,FALSE,FALSE,FALSE,ナカライテスク（株）,GR, 110-15-6,25,g,1,0,,,,,こはく酸,,,Succinic Acid,,,ナカライテスク（株）,,GR,,25,g,g,1,-,-,-,-,,,, 110-15-6,1XG5M,32402-92,1500,HOOCCH2CH2COOH,,,,≧99.5%(T),118.09,mp. 185℃ bp. 235℃(分解),単位管理,Unit Management,－,－,-,-,,,-,-,,,,,,,,,,,,,,,,,
こはく酸ジエチル,TRUE,FALSE,FALSE,FALSE,FALSE,FALSE,FALSE,FALSE,FALSE,FALSE,FALSE,FALSE,FALSE,FALSE,FALSE,FALSE,東京化成工業株式会社,-, 123-25-1,25,g,1,0,,,,,こはく酸ジエチル,,,Diethyl Succinate,,,東京化成工業株式会社,,-,-,25,g,g,1.04,-,-,-,-,,,, 123-25-1,JKJKG,S0103,2000,,,,,,,,単位管理,Unit Management,－,－,-,-,,,-,-,,,,,,,,,,,,,,,,,
ｻｯｶﾘﾝ,FALSE,TRUE,FALSE,FALSE,FALSE,FALSE,FALSE,FALSE,FALSE,FALSE,FALSE,FALSE,FALSE,FALSE,FALSE,FALSE,関東化学株式会社,鹿特級, 81-07-2,25,g,1,0,,,,,ｻｯｶﾘﾝ,o-ﾍﾞﾝｿﾞｲｯｸｽﾙﾌｨﾐﾄﾞ,o-ｽﾙﾎﾍﾞﾝｽﾞｲﾐﾄﾞ,Saccharin,o-Benzoic sulfimide,o-Sulfobenzimide,関東化学株式会社,"Kanto Chemical Co., Inc.",鹿特級,,25,g,g,1,-,-,-,-,,,, 81-07-2,3743230M,37432-30,2600,C7H5NO3S,ガラスビン,,,>99.0%(T),183.1872,mp.228.8℃～229.7℃,単位管理,Unit Management,－,－,-,-,,,-,-,,,,,,,81072.jpg,,C7／H5／N1／O3／S1,,,,,,,,
サッカリンナトリウム二水和物 (25g),FALSE,TRUE,FALSE,FALSE,FALSE,FALSE,FALSE,FALSE,FALSE,FALSE,FALSE,FALSE,FALSE,FALSE,FALSE,FALSE,富士フイルム和光純薬(株),和光特級, 6155-57-3,25,g,1,0,,,,,サッカリンナトリウム二水和物 (25g),,,Saccharin Sodium Dihydrate,,,富士フイルム和光純薬(株),,和光特級,,25,g,g,1,室温,,-,-,,,, 6155-57-3,4.99E+12,193-08602,2100,C7H4NNaO3S・2H2O,,,,99+%(Titration)(calc,,mp. > 300℃ ,単位管理,Unit Management,－,－,-,-,,,-,-,,,,,,,,,,,,,,,,,
サリチルアミド,FALSE,FALSE,FALSE,FALSE,FALSE,TRUE,FALSE,FALSE,FALSE,FALSE,FALSE,FALSE,FALSE,FALSE,FALSE,FALSE,東京化成工業株式会社,-, 65-45-2,25,g,1,0,,,,,サリチルアミド,,,Salicylamide,,,東京化成工業株式会社,,-,-,25,g,g,1,-,-,-,-,,,, 65-45-2,JHUKG,S0006,2100,,,,,,,,単位管理,Unit Management,－,－,-,-,,,-,-,,,,,,,,,,,,,,,,,
サリチルアルデヒド,FALSE,FALSE,FALSE,FALSE,FALSE,TRUE,FALSE,FALSE,FALSE,FALSE,FALSE,FALSE,FALSE,FALSE,FALSE,FALSE,東京化成工業株式会社,-, 90-02-8,25,g,1,0,,,,,サリチルアルデヒド,,,Salicylaldehyde,,,東京化成工業株式会社,,-,-,25,g,g,1.17,-,-,-,-,,,, 90-02-8,JHSKG,S0004,2800,,,,,,,,単位管理,Unit Management,－,－,-,-,,,-,-,,,,,,,,,,,,,,,,,
サリチルアルデヒド,FALSE,FALSE,FALSE,FALSE,FALSE,TRUE,FALSE,FALSE,FALSE,FALSE,FALSE,FALSE,FALSE,FALSE,FALSE,FALSE,東京化成工業株式会社,-, 90-02-8,25,g,1,0,,,,,サリチルアルデヒド,,,Salicylaldehyde,,,東京化成工業株式会社,,-,-,25,g,g,1.17,-,-,-,-,,,, 90-02-8,JPBKG,S0275,2400,,,,,,,,単位管理,Unit Management,－,－,-,-,,,-,-,,,,,,,,,,,,,,,,,
ザルトプロフェン,FALSE,FALSE,FALSE,FALSE,FALSE,FALSE,FALSE,FALSE,TRUE,FALSE,FALSE,FALSE,FALSE,FALSE,FALSE,FALSE,東京化成工業株式会社,-, 74711-43-6,1,g,1,0,,,,,ザルトプロフェン,,,Zaltoprofen,,,東京化成工業株式会社,,-,-,1,g,g,1,-,-,-,-,,,, 74711-43-6,X7MBG,Z0021,5500,,,,,,,,単位管理,Unit Management,－,－,-,-,,,-,-,,,,,,,,,,,,,,,,,
シアヌル酸,FALSE,TRUE,FALSE,FALSE,FALSE,FALSE,FALSE,FALSE,FALSE,FALSE,FALSE,FALSE,FALSE,FALSE,FALSE,FALSE,東京化成工業株式会社,-, 108-80-5,25,g,1,0,,,,,シアヌル酸,,,Cyanuric Acid,,,東京化成工業株式会社,,-,-,25,g,g,1,-,-,-,-,,,, 108-80-5,CVVKG,C0459,2100,,,,,,,,単位管理,Unit Management,－,－,-,-,,,-,-,,,,,,,,,,,,,,,,,
シアノピラジン,FALSE,FALSE,FALSE,FALSE,FALSE,FALSE,FALSE,TRUE,FALSE,FALSE,FALSE,FALSE,FALSE,FALSE,FALSE,FALSE,東京化成工業株式会社,-, 19847-12-2,25,g,1,0,,,,,シアノピラジン,,,Cyanopyrazine,,,東京化成工業株式会社,,-,-,25,g,g,1,-,-,-,-,,,, 19847-12-2,DEBKG,C1123,4400,,,,,,,,単位管理,Unit Management,－,－,-,-,,,-,-,,,,,,,,,,,,,,,,,
ジアリルアミン,FALSE,FALSE,FALSE,FALSE,FALSE,FALSE,FALSE,FALSE,FALSE,FALSE,TRUE,FALSE,FALSE,FALSE,FALSE,FALSE,Aldrich,-, 124-02-7,100,ml,1,0,,,,,ジアリルアミン,,,"DIALLYLAMINE, 99%",,,Aldrich,,-,-,100,ml,ml,1,室温,,-,-,,,, 124-02-7,,D9603,,,-,-,,,,,単位管理,Unit Management,本,本,-,-,,,-,-,,,,,,,,,,,,,,,,,
ジエタノールアミン,FALSE,FALSE,FALSE,FALSE,FALSE,FALSE,FALSE,FALSE,FALSE,FALSE,TRUE,FALSE,TRUE,FALSE,FALSE,FALSE,東京化成工業株式会社,-, 111-42-2,1,g,2,0,,,,,ジエタノールアミン,,,Diethanolamine[Matrix for FABMS and liquid SIMS],,,東京化成工業株式会社,,-,-,1,g,g,1,-,-,-,-,1,626,100, 111-42-2,JR4BG,S0376,2000,,,,,,,,単位管理,Unit Management,－,－,-,-,,,-,-,,,,,,,,,,,,,,,,,
ジエチルエーテル,FALSE,FALSE,FALSE,FALSE,FALSE,FALSE,FALSE,TRUE,FALSE,FALSE,FALSE,FALSE,FALSE,FALSE,FALSE,FALSE,高橋藤吉商店,溶媒, 60-29-7,500,ml,1,0,,,,,ジエチルエーテル,エチルエーテル,,Diethyl ether (Ethyl ether),Ethyl ether (→Diethyl ether),,高橋藤吉商店,,溶媒,,500,ml,ml,0.713,冷暗貯蔵,,-,-,,,, 60-29-7,,,0,C2H5OC2H5,金属缶,,,,74.12,bp 34.6°C(C)d4 20 0.713(C),単位管理,Unit Management,本,本,-,-,,,-,-,5,,,,so ether,,,,C4／H10／O1,,,,,,,,
ジエチルエーテル (無水),FALSE,FALSE,FALSE,FALSE,FALSE,FALSE,FALSE,FALSE,FALSE,FALSE,TRUE,FALSE,FALSE,FALSE,FALSE,FALSE,東京化成工業株式会社,-, 60-29-7,500,ml,1,0,,,,,ジエチルエーテル (無水),,,Diethyl EtherAnhydrous (stabilized with BHT),,,東京化成工業株式会社,,-,-,500,ml,ml,0.7,-,-,-,-,,,, 60-29-7,SYUYM,D3479,5000,,,,,,,,単位管理,Unit Management,－,－,-,-,,,-,-,,,,,,,,,,,,,,,,,
ｼﾞｴﾁﾙｴｰﾃﾙ(脱水),FALSE,FALSE,FALSE,FALSE,FALSE,FALSE,FALSE,FALSE,FALSE,FALSE,TRUE,FALSE,FALSE,FALSE,FALSE,FALSE,関東化学株式会社,Organics, 60-29-7,500,ml,1,0,,,,,ｼﾞｴﾁﾙｴｰﾃﾙ(脱水),ｴﾁﾙｴｰﾃﾙ(脱水),,"Diethyl ether, dehydrated","Ethyl ether, dehydrated",,関東化学株式会社,"Kanto Chemical Co., Inc.",Organics,,500,ml,ml,0.713,-,-,-,-,,,, 60-29-7,1454705Q,14547-05,8000,C2H5OC2H5,ガラスビン,,"無色透明,揮発性,液体",>99.5%(GC),74.1216,bp.34.6℃ d(20/4℃) 0.713 Fp.-45℃,単位管理,Unit Management,－,－,-,-,,,-,-,,,,,,,,,C4／H10／O1,,,,,,,,
ジエチレングリコールモノエチルエーテル,FALSE,FALSE,FALSE,FALSE,FALSE,FALSE,FALSE,FALSE,FALSE,FALSE,TRUE,FALSE,FALSE,FALSE,FALSE,FALSE,東京化成工業株式会社,-, 111-90-0,500,g,1,0,,,,,ジエチレングリコールモノエチルエーテル,,,Diethylene Glycol Monoethyl Ether,,,東京化成工業株式会社,,-,-,500,g,g,0.99,-,-,-,-,,,, 111-90-0,E9KYG,E0048,2800,,,,,,,,単位管理,Unit Management,－,－,-,-,,,-,-,,,,,,,,,,,,,,,,,
ジクロフェナクナトリウム,FALSE,TRUE,FALSE,FALSE,FALSE,FALSE,FALSE,FALSE,TRUE,FALSE,FALSE,FALSE,FALSE,FALSE,FALSE,FALSE,東京化成工業株式会社,-, 15307-79-6,25,g,3,0,,,,,ジクロフェナクナトリウム,,,Diclofenac Sodium Salt,,,東京化成工業株式会社,,-,-,25,g,g,1,-,-,-,-,,,, 15307-79-6,PPVKG,D2508,10500,,,,,,,,単位管理,Unit Management,－,－,-,-,,,-,-,,,,,,,,,,,,,,,,,
シクロヘキサノン (500mL),FALSE,FALSE,FALSE,FALSE,FALSE,FALSE,FALSE,FALSE,FALSE,FALSE,FALSE,FALSE,FALSE,FALSE,TRUE,FALSE,富士フイルム和光純薬(株),試薬特級 [JISマーク認定品目], 108-94-1,500,ml,2,0,,,,,シクロヘキサノン (500mL),,,Cyclohexanone,,,富士フイルム和光純薬(株),,試薬特級 [JISマーク認定品目],,500,ml,ml,0.946,室温,,-,-,,,, 108-94-1,4.99E+12,037-05096,1950,C6H10O,,,,99+%(GC),,mp. -32℃ bp. 約153℃,単位管理,Unit Management,－,－,-,-,,,-,-,,,,,,,,,,,,,,,,,
シクロヘキサン,FALSE,FALSE,FALSE,FALSE,FALSE,FALSE,FALSE,FALSE,FALSE,FALSE,TRUE,FALSE,FALSE,FALSE,FALSE,FALSE,東京化成工業株式会社,-, 110-82-7,500,ml,1,0,,,,,シクロヘキサン,,,Cyclohexane,,,東京化成工業株式会社,,-,-,500,ml,ml,0.78,-,-,-,-,1,629,100, 110-82-7,CV5YM,C0469,3000,,,,,,,,単位管理,Unit Management,－,－,-,-,,,-,-,,,,,,,,,,,,,,,,,
シクロヘキサンカルボキシアルデヒド,FALSE,FALSE,FALSE,FALSE,FALSE,FALSE,FALSE,TRUE,FALSE,FALSE,FALSE,FALSE,FALSE,FALSE,FALSE,FALSE,東京化成工業株式会社,-, 2043-61-0,25,ml,1,0,,,,,シクロヘキサンカルボキシアルデヒド,,,Cyclohexanecarboxaldehyde,,,東京化成工業株式会社,,-,-,25,ml,ml,0.93,冷蔵貯蔵,,-,-,,,, 2043-61-0,C7KKM,C0880,8200,,,,,,,,単位管理,Unit Management,－,－,-,-,,,-,-,,,,,,,,,,,,,,,,,
シクロヘキサンカルボニトリル,FALSE,FALSE,FALSE,TRUE,FALSE,FALSE,FALSE,FALSE,FALSE,FALSE,FALSE,FALSE,FALSE,FALSE,FALSE,FALSE,Aldrich,-, 766-05-2,25,ml,1,0,,,,,シクロヘキサンカルボニトリル,,,"CYCLOHEXANECARBONITRILE, 99%* SEE S46198-9*",,,Aldrich,,-,-,25,ml,ml,1,室温,,-,-,,,, 766-05-2,,168041,,,-,-,,,,,単位管理,Unit Management,本,本,-,-,,,-,-,,,,,,,,,,,,,,,,,
シクロペンタノン (25mL),FALSE,FALSE,FALSE,FALSE,FALSE,FALSE,FALSE,FALSE,FALSE,FALSE,TRUE,FALSE,FALSE,FALSE,FALSE,FALSE,富士フイルム和光純薬(株),和光一級, 120-92-3,25,ml,1,0,,,,,シクロペンタノン (25mL),,,Cyclopentanone,,,富士フイルム和光純薬(株),,和光一級,,25,ml,ml,0.951,室温,,-,-,,,, 120-92-3,4.99E+12,035-09713,2180,C5H8O,,,,95+%(Capillary GC),,mp. -51℃ bp. 130℃,単位管理,Unit Management,－,－,-,-,,,-,-,,,,,,,,,,,,,,,,,
ジクロロアセトニトリル,FALSE,FALSE,FALSE,FALSE,FALSE,FALSE,FALSE,TRUE,FALSE,FALSE,FALSE,FALSE,FALSE,FALSE,FALSE,FALSE,東京化成工業株式会社,-, 3018-12-0,25,g,1,0,,,,,ジクロロアセトニトリル,,,Dichloroacetonitrile,,,東京化成工業株式会社,,-,-,25,g,g,1.37,-,-,-,-,,,, 3018-12-0,NZKKG,D2510,10100,,,,,,,,単位管理,Unit Management,－,－,-,-,,,-,-,,,,,,,,,,,,,,,,,
ジクロロメタン (500mL),FALSE,FALSE,FALSE,FALSE,FALSE,FALSE,FALSE,FALSE,FALSE,FALSE,TRUE,FALSE,FALSE,FALSE,FALSE,FALSE,富士フイルム和光純薬(株),和光一級, 75-09-2,500,ml,1,0,,,,,ジクロロメタン (500mL),,,Dichloromethane,,,富士フイルム和光純薬(株),,和光一級,,500,ml,ml,1.329,冷暗貯蔵,,-,-,1,186,100, 75-09-2,4.99E+12,132-02456,1450,CH2Cl2,,,,99+%(GC),,mp. -97℃ bp. 40℃,単位管理,Unit Management,－,－,-,-,,,-,-,,,,,,,,,,,,,,,,,
ジクロロメタン (超脱水) (500mL),FALSE,FALSE,FALSE,FALSE,FALSE,FALSE,FALSE,FALSE,FALSE,FALSE,TRUE,FALSE,FALSE,FALSE,FALSE,FALSE,富士フイルム和光純薬(株),有機合成用, 75-09-2,500,ml,1,0,,,,,ジクロロメタン (超脱水) (500mL),,,"Dichloromethane, Super Dehydrated",,,富士フイルム和光純薬(株),,有機合成用,,500,ml,ml,1.323,冷暗貯蔵,,-,-,1,186,100, 75-09-2,4.99E+12,044-31235,4750,CH2Cl2,,,,99.5+%(Capillary GC),,mp. -97℃ bp. 約40℃,単位管理,Unit Management,－,－,-,-,,,-,-,,,,,,,,,,,,,,,,,
ジシアンジアミド,FALSE,TRUE,FALSE,FALSE,FALSE,FALSE,FALSE,FALSE,FALSE,FALSE,FALSE,FALSE,FALSE,FALSE,FALSE,FALSE,東京化成工業株式会社,-, 461-58-5,25,g,1,0,,,,,ジシアンジアミド,,,Dicyandiamide,,,東京化成工業株式会社,,-,-,25,g,g,1,-,-,-,-,,,, 461-58-5,CVQKG,C0454,2100,,,,,,,,単位管理,Unit Management,－,－,-,-,,,-,-,,,,,,,,,,,,,,,,,
ジシクロヘキシルアミン,FALSE,FALSE,FALSE,FALSE,FALSE,FALSE,FALSE,TRUE,FALSE,FALSE,FALSE,FALSE,FALSE,FALSE,FALSE,FALSE,東京化成工業株式会社,-, 101-83-7,25,ml,1,0,,,,,ジシクロヘキシルアミン,,,Dicyclohexylamine,,,東京化成工業株式会社,,-,-,25,ml,ml,0.91,-,-,-,-,1,188,100, 101-83-7,DVCKM,D0435,1900,,,,,,,,単位管理,Unit Management,－,－,-,-,,,-,-,,,,,,,,,,,,,,,,,
ジダノシン (1g),FALSE,FALSE,FALSE,FALSE,FALSE,FALSE,FALSE,FALSE,cin,FALSE,FALSE,FALSE,FALSE,FALSE,FALSE,FALSE,和光純薬工業(株),薬理研究用, 69655-05-6,1,g,1,0,,,,,ジダノシン (1g),,,Didanosine,,,和光純薬工業(株),,薬理研究用,,1,g,g,1,冷凍貯蔵,,-,-,,,, 69655-05-6,4.99E+12,046-31393,25000,C10H12N4O3,-,-,,98+%,,,単位管理,Unit Management,本,本,-,-,,,-,-,,,,,,,,,,,,,,,,,
シタロプラム臭化水素酸塩,FALSE,TRUE,FALSE,FALSE,FALSE,FALSE,FALSE,FALSE,FALSE,FALSE,FALSE,FALSE,FALSE,FALSE,FALSE,FALSE,東京化成工業株式会社,-, 59729-32-7,1,g,1,0,,,,,シタロプラム臭化水素酸塩,,,Citalopram Hydrobromide,,,東京化成工業株式会社,,-,-,1,g,g,1,-,-,-,-,,,, 59729-32-7,VOCBG,C2370,13100,,,,,,,,単位管理,Unit Management,－,－,-,-,,,-,-,,,,,,,,,,,,,,,,,
シチジン,FALSE,FALSE,FALSE,FALSE,FALSE,FALSE,FALSE,FALSE,FALSE,FALSE,FALSE,FALSE,FALSE,TRUE,FALSE,FALSE,東京化成工業株式会社,-, 65-46-3,25,g,1,0,,,,,シチジン,,,Cytidine,,,東京化成工業株式会社,,-,-,25,g,g,1,-,-,-,-,,,, 65-46-3,CXMKG,C0522,9500,,,,,,,,単位管理,Unit Management,－,－,-,-,,,-,-,,,,,,,,,,,,,,,,,
シトシン,FALSE,TRUE,FALSE,FALSE,FALSE,FALSE,FALSE,FALSE,FALSE,FALSE,FALSE,FALSE,TRUE,FALSE,FALSE,FALSE,東京化成工業株式会社,-, 71-30-7,5,g,2,0,,,,,シトシン,,,Cytosine,,,東京化成工業株式会社,,-,-,5,g,g,1,-,-,-,-,,,, 71-30-7,CXSEG,C0528,3700,,,,,,,,単位管理,Unit Management,－,－,-,-,,,-,-,,,,,,,,,,,,,,,,,
ジトラノール,FALSE,FALSE,FALSE,FALSE,FALSE,FALSE,FALSE,FALSE,TRUE,FALSE,FALSE,FALSE,FALSE,FALSE,FALSE,FALSE,東京化成工業株式会社,-, 1143-38-0,10,g,1,0,,,,,ジトラノール,,,Dithranol,,,東京化成工業株式会社,,-,-,10,g,g,1,-,-,-,-,,,, 1143-38-0,LINFG,T1166,31300,,,,,,,,単位管理,Unit Management,－,－,-,-,,,-,-,,,,,,,,,,,,,,,,,
シトロネラール,FALSE,FALSE,FALSE,FALSE,FALSE,FALSE,FALSE,FALSE,FALSE,FALSE,TRUE,FALSE,FALSE,FALSE,FALSE,FALSE,ナカライテスク（株）,ＥＰ, 106-23-0,25,g,1,0,,,,,シトロネラール,,,Citronellal,,,ナカライテスク（株）,,ＥＰ,,25,g,g,0.855,-,-,-,-,,,, 106-23-0,0JIXM,911032,2400,C10H18O,-,-,,80%(GC),154.25,bp. 204～206℃,単位管理,Unit Management,本,本,-,-,,,-,-,,,,,,,,,,,,,,,,,
ｼﾞﾌｪﾆﾙｱｾﾄﾆﾄﾘﾙ,TRUE,FALSE,FALSE,FALSE,FALSE,FALSE,FALSE,FALSE,FALSE,FALSE,FALSE,FALSE,FALSE,FALSE,FALSE,FALSE,Aldrich,-, 86-29-3,100,g,1,0,,,,,ｼﾞﾌｪﾆﾙｱｾﾄﾆﾄﾘﾙ,,,"Diphenylacetonitrile, 98%",,,Aldrich,,-,-,100,g,g,1,室温,,-,-,,,, 86-29-3,4.55E+12,112127,,,,,,,,,単位管理,Unit Management,－,－,-,-,,,-,-,,,,,,,,,,,,,,,,,
ジフェニルアミン,FALSE,TRUE,FALSE,FALSE,FALSE,FALSE,FALSE,FALSE,FALSE,FALSE,FALSE,FALSE,FALSE,FALSE,FALSE,FALSE,東京化成工業株式会社,-, 122-39-4,25,g,1,0,,,,,ジフェニルアミン,,,Diphenylamine,,,東京化成工業株式会社,,-,-,25,g,g,1,-,-,-,-,1,203,100, 122-39-4,D7HKG,D0872,2500,,,,,,,,単位管理,Unit Management,－,－,-,-,,,-,-,,,,,,,,,,,,,,,,,
ｼﾞﾌｪﾆﾙｴｰﾃﾙ,FALSE,FALSE,FALSE,FALSE,FALSE,FALSE,FALSE,FALSE,FALSE,FALSE,FALSE,FALSE,FALSE,FALSE,TRUE,FALSE,関東化学株式会社,鹿特級, 101-84-8,500,g,1,0,,,,,ｼﾞﾌｪﾆﾙｴｰﾃﾙ,ｼﾞﾌｪﾆﾙｵｷｼﾄﾞ,ﾌｪﾉｷｼﾍﾞﾝｾﾞﾝ,Diphenyl ether,Diphenyl oxide,Phenoxybenzene,関東化学株式会社,"Kanto Chemical Co., Inc.",鹿特級,,500,g,g,1.073,-,-,-,-,2,204,100, 101-84-8,3212700F,32127-00,4600,(C6H5)2O,ガラスビン,,,>98.0%(GC),170.2064,bp.259℃ mp.28℃ d1.073 Fp.115.6℃,単位管理,Unit Management,－,－,-,-,,,-,-,,,,,,,,,C12／H10／O1,,,,,,,,
ジフェニルプロピルホスフィン,FALSE,FALSE,FALSE,FALSE,FALSE,FALSE,FALSE,FALSE,FALSE,FALSE,TRUE,FALSE,FALSE,FALSE,FALSE,FALSE,東京化成工業株式会社,-, 7650-84-2,5,g,1,0,,,,,ジフェニルプロピルホスフィン,,,Diphenylpropylphosphine,,,東京化成工業株式会社,,-,-,5,g,g,1.03,-,-,-,-,,,, 7650-84-2,OIIEG,D2630,10200,,,,,,,,単位管理,Unit Management,－,－,-,-,,,-,-,,,,,,,,,,,,,,,,,
シプロフロキサシン,FALSE,FALSE,FALSE,FALSE,FALSE,FALSE,FALSE,FALSE,FALSE,FALSE,FALSE,FALSE,TRUE,FALSE,FALSE,FALSE,東京化成工業株式会社,-, 85721-33-1,5,g,1,0,,,,,シプロフロキサシン,,,Ciprofloxacin,,,東京化成工業株式会社,,-,-,5,g,g,1,-,-,-,-,,,, 85721-33-1,W1KEG,C2510,4000,,,,,,,,単位管理,Unit Management,－,－,-,-,,,-,-,,,,,,,,,,,,,,,,,
ｼﾌﾟﾛﾌﾛｷｻｼﾝ,FALSE,FALSE,FALSE,FALSE,FALSE,FALSE,FALSE,FALSE,FALSE,FALSE,FALSE,FALSE,TRUE,FALSE,FALSE,FALSE,Sigma-Aldrich,-, 85721-33-1,5,g,1,0,,,,,ｼﾌﾟﾛﾌﾛｷｻｼﾝ,,,"Ciprofloxacin, >=98% (HPLC)",,,Sigma-Aldrich,,-,-,5,g,g,1,室温,,-,-,,,, 85721-33-1,,17850,,,,,,,,,単位管理,Unit Management,－,－,-,-,,,-,-,,,,,,,,,,,,,,,,,
シプロフロキサシン塩酸塩一水和物,FALSE,FALSE,FALSE,FALSE,FALSE,FALSE,FALSE,FALSE,TRUE,FALSE,FALSE,FALSE,FALSE,FALSE,FALSE,FALSE,東京化成工業株式会社,-, 86393-32-0,5,g,1,0,,,,,シプロフロキサシン塩酸塩一水和物,,,Ciprofloxacin HydrochlorideMonohydrate,,,東京化成工業株式会社,,-,-,5,g,g,1,-,-,-,-,,,, 86393-32-0,T03EG,C2227,2600,,,,,,,,単位管理,Unit Management,－,－,-,-,,,-,-,,,,,,,,,,,,,,,,,
ジブロモメタン,FALSE,FALSE,FALSE,FALSE,TRUE,FALSE,FALSE,FALSE,FALSE,FALSE,FALSE,FALSE,FALSE,FALSE,FALSE,FALSE,東京化成工業株式会社,-, 74-95-3,25,g,1,0,,,,,ジブロモメタン,,,Dibromomethane(stabilized with BHT),,,東京化成工業株式会社,,-,-,25,g,g,2.5,-,-,-,-,,,, 74-95-3,DOLKG,D0192,2100,,,,,,,,単位管理,Unit Management,－,－,-,-,,,-,-,,,,,,,,,,,,,,,,,
ジベンジルアミン,FALSE,FALSE,FALSE,FALSE,FALSE,FALSE,FALSE,TRUE,FALSE,FALSE,FALSE,FALSE,FALSE,FALSE,FALSE,FALSE,東京化成工業株式会社,-, 103-49-1,25,g,0,1,,,,,ジベンジルアミン,,,Dibenzylamine,,,東京化成工業株式会社,,-,-,25,g,g,1.03,-,-,-,-,,,, 103-49-1,DNHKG,D0152,1900,,,,,,,,単位管理,Unit Management,－,－,-,-,,,-,-,,,,,,,,,,,,,,,,,
ジベンジルアミン (25g),FALSE,FALSE,FALSE,FALSE,FALSE,TRUE,FALSE,FALSE,FALSE,FALSE,FALSE,FALSE,FALSE,FALSE,FALSE,FALSE,富士フイルム和光純薬(株),和光一級, 103-49-1,25,g,1,0,,,,,ジベンジルアミン (25g),,,Dibenzylamine,,,富士フイルム和光純薬(株),,和光一級,,25,g,g,1.03,室温,,-,-,,,, 103-49-1,4.99E+12,049-00932,3030,(C6H5CH2)2NH,,,,97+%(Capillary GC),,mp. -26℃ bp. 約300℃,単位管理,Unit Management,－,－,-,-,,,-,-,,,,,,,,,,,,,,,,,
ｼﾞﾍﾞﾝｼﾞﾙｴｰﾃﾙ,FALSE,FALSE,FALSE,FALSE,FALSE,FALSE,FALSE,FALSE,FALSE,FALSE,TRUE,FALSE,FALSE,FALSE,FALSE,FALSE,関東化学株式会社,鹿1級, 103-50-4,25,g,1,0,,,,,ｼﾞﾍﾞﾝｼﾞﾙｴｰﾃﾙ,ﾍﾞﾝｼﾞﾙｴｰﾃﾙ,,Dibenzyl ether,Benzyl ether,,関東化学株式会社,"Kanto Chemical Co., Inc.",鹿1級,,25,g,g,1.0425,-,-,-,-,1,511,100, 103-50-4,0415731L,04157-31,2000,(C6H5CH2)2O,ガラスビン,,,>95.0%(GC),198.2595,bp.295℃～297℃(dec) mp.1.5℃～3.5℃ d1.040～1.045,単位管理,Unit Management,－,－,-,-,,,-,-,,,,,,,,,C14／H14／O1,,,,,,,,
"ジベンゾ[b,e][1,4]ジオキシン",FALSE,TRUE,FALSE,FALSE,FALSE,FALSE,FALSE,FALSE,FALSE,FALSE,FALSE,FALSE,FALSE,FALSE,FALSE,FALSE,東京化成工業株式会社,-, 262-12-4,1,g,1,0,,,,,"ジベンゾ[b,e][1,4]ジオキシン",,,"Dibenzo[b,e][1,4]dioxine",,,東京化成工業株式会社,,-,-,1,g,g,1,-,-,-,-,,,, 262-12-4,PMPBG,D2776,11200,,,,,,,,単位管理,Unit Management,－,－,-,-,,,-,-,,,,,,,,,,,,,,,,,
ジベンゾ-18-クラウン6-エーテル,TRUE,FALSE,FALSE,FALSE,FALSE,FALSE,FALSE,FALSE,FALSE,FALSE,FALSE,FALSE,FALSE,FALSE,FALSE,FALSE,東京化成工業株式会社,-, 14187-32-7,5,g,1,0,,,,,ジベンゾ-18-クラウン6-エーテル,,,Dibenzo-18-crown 6-Ether,,,東京化成工業株式会社,,-,-,5,g,g,1,-,-,-,-,,,, 14187-32-7,EPTEG,D1533,4100,,,,,,,,単位管理,Unit Management,－,－,-,-,,,-,-,,,,,,,,,,,,,,,,,
シメチジン (25g),FALSE,TRUE,FALSE,FALSE,FALSE,FALSE,FALSE,FALSE,FALSE,FALSE,FALSE,FALSE,FALSE,FALSE,FALSE,FALSE,富士フイルム和光純薬(株),生化学用, 51481-61-9,25,g,1,0,,,,,シメチジン (25g),,,Cimetidine,,,富士フイルム和光純薬(株),,生化学用,,25,g,g,1,室温,,-,-,,,, 51481-61-9,4.99E+12,034-16312,14300,C10H16N6S,,,,98+%(HPLC),,mp. 約141℃ (dec.) ,単位管理,Unit Management,－,－,-,-,,,-,-,,,,,,,,,,,,,,,,,
ｼﾞﾒﾁﾙｸﾞﾘｵｷｼﾑ,FALSE,FALSE,TRUE,FALSE,FALSE,FALSE,FALSE,FALSE,FALSE,FALSE,FALSE,FALSE,FALSE,FALSE,FALSE,FALSE,関東化学株式会社,特級, 95-45-4,500,g,3,0,,,,,ｼﾞﾒﾁﾙｸﾞﾘｵｷｼﾑ,"2,3-ﾌﾞﾀﾝｼﾞｵﾝｼﾞｵｷｼﾑ",ｼﾞｱｾﾁﾙｼﾞｵｷｼﾑ,Dimethylglyoxime,"2,3-Butanedione dioxime",Diacetyldioxime,関東化学株式会社,"Kanto Chemical Co., Inc.",特級,,500,g,g,1,-,-,-,-,,,, 95-45-4,1034600E,10346-00,21000,CH3C(:NOH)C(:NOH)CH3,-,-,"白～殆ど白,結晶性粉末",>98.0%(G),116.1188,mp.238℃～240℃,単位管理,Unit Management,－,－,-,-,,,-,-,,,,,,,,,C4／H8／N2／O2,,,,,,,,
ジメチルスルホキシド,FALSE,FALSE,FALSE,FALSE,FALSE,FALSE,FALSE,FALSE,FALSE,FALSE,TRUE,FALSE,FALSE,FALSE,FALSE,FALSE,東京化成工業株式会社,-, 67-68-5,500,g,1,0,,,,,ジメチルスルホキシド,,,Dimethyl Sulfoxide,,,東京化成工業株式会社,,-,-,500,g,g,1.1,-,-,-,-,,,, 67-68-5,D5FYG,D0798,2600,,,,,,,,単位管理,Unit Management,－,－,-,-,,,-,-,,,,,,,,,,,,,,,,,
ジメチルスルホキシド,FALSE,FALSE,FALSE,FALSE,FALSE,FALSE,FALSE,FALSE,FALSE,FALSE,FALSE,FALSE,TRUE,FALSE,FALSE,FALSE,ナカライテスク（株）,ＳＰ, 67-68-5,500,g,1,0,,,,,ジメチルスルホキシド,,,Dimethyl Sulfoxide,,,ナカライテスク（株）,,ＳＰ,,500,g,g,1.101,-,-,-,-,,,, 67-68-5,0J31H,08904-85,10500,(CH3)2SO,,,,≧99.5%(GC),78.13,mp. 18℃ bp. 189℃,単位管理,Unit Management,－,－,-,-,,,-,-,,,,,,,,,,,,,,,,,
ジメチルスルホキシド-d 6(重水素化率99.9％),FALSE,FALSE,FALSE,FALSE,FALSE,FALSE,FALSE,FALSE,FALSE,FALSE,FALSE,FALSE,TRUE,FALSE,FALSE,FALSE,ACROS ORGANICS,NMR用, 2206-27-1,10,ml,4,0,,,,,ジメチルスルホキシド-d 6(重水素化率99.9％),,,"Dimethyl sulfoxide-d 6♯,99.9％",,,ACROS ORGANICS,,NMR用,,10,ml,ml,1,冷暗貯蔵,,-,-,,,, 2206-27-1,166291A,166290100,0,C2D6OS,-,-,,,84.18,,単位管理,Unit Management,本,本,-,-,,,-,-,10,,,,,,,,C2／D6／O1／S1,,,,,,,,
ジメチルスルホキシド－ｄ６,FALSE,FALSE,FALSE,FALSE,FALSE,FALSE,FALSE,FALSE,FALSE,FALSE,FALSE,FALSE,TRUE,FALSE,FALSE,FALSE,Aldrich,-, 2206-27-1,100,g,1,0,,,,,ジメチルスルホキシド－ｄ６,,,"(METHYL SULFOXIDE)-D6, 99.9 ATOM % D",,,Aldrich,,-,-,100,g,g,1,室温,,-,-,,,, 2206-27-1,,151874,,,-,-,,,,,単位管理,Unit Management,本,本,-,-,,,-,-,,,,,,,,,,,,,,,,,
ジメチルスルホキシド‐Ｄ６,FALSE,FALSE,FALSE,FALSE,FALSE,FALSE,FALSE,FALSE,FALSE,FALSE,FALSE,FALSE,TRUE,FALSE,FALSE,FALSE,ＣＥＡ,-, 2206-27-1,10,X750UL,1,0,,,,,ジメチルスルホキシド‐Ｄ６,,,Ｄｉｍｅｔｈｙｌ  Ｓｕｌｆｏｘｉｄｅ‐Ｄ６,,,ＣＥＡ,,-,-,10,X750UL,X750UL,1,-,-,-,-,,,, 2206-27-1,,1345094,5800,,-,-,,99.80%,,,単位管理,Unit Management,IU,IU,-,-,,,-,-,,,,,,,,,,,,,,,,,
"ジメチルスルホキシド-d6, 99.9% (0.05v/v% TMS含有) (25g)",FALSE,FALSE,FALSE,FALSE,FALSE,FALSE,FALSE,FALSE,FALSE,FALSE,FALSE,FALSE,TRUE,FALSE,FALSE,FALSE,和光純薬工業(株),NMR用, 2206-27-1,25,g,2,0,,,,,"ジメチルスルホキシド-d6, 99.9% (0.05v/v% TMS含有) (25g)",,,"Dimethylsulfoxide-d6, 99.9%, Contains 0.05v/v% TMS",,,和光純薬工業(株),,NMR用,,25,g,g,1.19,-,-,-,-,,,, 2206-27-1,4.99E+12,044-26362,14400,C2D6OS,-,-,,99.9+% atom % D,,融点:20℃ 沸点:55℃  (5mmHg),単位管理,Unit Management,本,本,-,-,,,-,-,,,,,,,,,,,,,,,,,
しゅう酸(無水),FALSE,FALSE,TRUE,FALSE,FALSE,FALSE,FALSE,FALSE,FALSE,FALSE,FALSE,FALSE,FALSE,FALSE,FALSE,FALSE,関東化学株式会社,鹿1級, 144-62-7,500,g,1,0,,,,,しゅう酸(無水),,,Oxalic acid anhydrous,,,関東化学株式会社,"Kanto Chemical Co., Inc.",鹿1級,,500,g,g,1,-,-,-,-,,,, 144-62-7,3104601F,31046-01,4000,HOOC:COOH,-,-,,>95.0%(T),90.0348,mp.189.5℃(dec.),単位管理,Unit Management,－,－,-,-,,,-,-,,,,,,,,,C2／H2／O4,,,,,,,,
シュウ酸コバルト二水和物,FALSE,FALSE,TRUE,FALSE,FALSE,FALSE,FALSE,FALSE,FALSE,FALSE,FALSE,FALSE,FALSE,FALSE,FALSE,FALSE,純正化学株式会社,-, 5965-38-8,25,g,1,0,,,,,シュウ酸コバルト二水和物,,,,,,純正化学株式会社,,-,-,25,g,g,1,-,-,-,-,1,132,100, 5965-38-8,,,0,CoC2O42H2O,-,-,,,,,単位管理,Unit Management,本,本,-,-,,,-,-,10,,,,,,,,C2／Co1／O4,,,,,,,,
しゅう酸マグネシウム二水和物(25g),FALSE,FALSE,TRUE,FALSE,FALSE,FALSE,FALSE,FALSE,FALSE,FALSE,FALSE,FALSE,FALSE,FALSE,FALSE,FALSE,富士フイルム和光純薬(株),化学用, 6150-88-5,25,g,1,0,,,,,しゅう酸マグネシウム二水和物(25g),,,Magnesium Oxalate Dihydrate,,,富士フイルム和光純薬(株),,化学用,,25,g,g,1,室温,,-,-,,,, 6150-88-5,4.99E+12,134-00272,1760,MgC2O4・2H2O,,,,90+%(Titration),,,単位管理,Unit Management,－,－,-,-,,,-,-,,,,,,,,,,,,,,,,,
しゅう酸二水和物 (25g),FALSE,FALSE,TRUE,FALSE,FALSE,FALSE,FALSE,FALSE,FALSE,FALSE,FALSE,FALSE,FALSE,FALSE,FALSE,FALSE,富士フイルム和光純薬(株),試薬特級 [JISマーク認定品目], 6153-56-6,25,g,1,0,,,,,しゅう酸二水和物 (25g),,,Oxalic Acid Dihydrate,,,富士フイルム和光純薬(株),,試薬特級 [JISマーク認定品目],,25,g,g,1.65,室温,,-,-,,,, 6153-56-6,4.99E+12,155-00422,1700,(COOH)2・2H2O,,,,99.5～102%[(COOH)2･2,,mp. 104～106℃ ,単位管理,Unit Management,－,－,-,-,,,-,-,,,,,,,,,,,,,,,,,
"シリカゲル (球状, 100μm) [カラムクロマトグラフィー用]",FALSE,FALSE,TRUE,FALSE,FALSE,FALSE,FALSE,FALSE,FALSE,FALSE,FALSE,FALSE,FALSE,FALSE,FALSE,FALSE,東京化成工業株式会社,SU, 7631-86-9,1,kg,1,0,,,,,"シリカゲル (球状, 100μm) [カラムクロマトグラフィー用]",,,"Silica Gel(Spherical, 100micro m) [for Column Chromatography]",,,東京化成工業株式会社,,SU,,1,kg,kg,1,-,-,-,-,,,, 7631-86-9,VXDBB,S0822,11600,,,,,,,,単位管理,Unit Management,－,－,-,-,,,-,-,,,,,,,,,,,,,,,,,
シリンガ酸,FALSE,TRUE,FALSE,FALSE,FALSE,FALSE,FALSE,FALSE,FALSE,FALSE,FALSE,FALSE,FALSE,FALSE,FALSE,FALSE,東京化成工業株式会社,-, 530-57-4,25,g,1,0,,,,,シリンガ酸,,,Syringic Acid,,,東京化成工業株式会社,,-,-,25,g,g,1,-,-,-,-,,,, 530-57-4,FS3KG,G0014,9300,,,,,,,,単位管理,Unit Management,－,－,-,-,,,-,-,,,,,,,,,,,,,,,,,
スコポラミン臭化水素酸塩三水和物,FALSE,FALSE,FALSE,FALSE,FALSE,FALSE,FALSE,FALSE,TRUE,FALSE,FALSE,FALSE,FALSE,FALSE,FALSE,FALSE,東京化成工業株式会社,-, 6533-68-2,1,g,1,0,,,,,スコポラミン臭化水素酸塩三水和物,,,Scopolamine HydrobromideTrihydrate,,,東京化成工業株式会社,,-,-,1,g,g,1,-,-,-,-,,,, 6533-68-2,JH9BG,S0021,11100,,,,,,,,単位管理,Unit Management,－,－,-,-,,,-,-,,,,,,,,,,,,,,,,,
"すず, 粉末 (25g)",FALSE,TRUE,FALSE,FALSE,FALSE,FALSE,FALSE,FALSE,FALSE,FALSE,FALSE,FALSE,FALSE,FALSE,FALSE,FALSE,添川理化学株式会社,-, 7440-31-5,25,g,1,0,,,,,"すず, 粉末 (25g)",,,"Tin, Powder",,,添川理化学株式会社,,-,-,25,g,g,7.3,-,-,-,-,,,, 7440-31-5,,,,Sn,-,-,,95.0+％,118.71,融点:231.9℃,単位管理,Unit Management,本,本,-,-,,,-,-,,,,,,,,,,,,,,,,,
ストレプトマイシン硫酸塩 (5g),FALSE,FALSE,FALSE,FALSE,FALSE,FALSE,FALSE,FALSE,TRUE,FALSE,FALSE,FALSE,FALSE,FALSE,FALSE,FALSE,"MP Biomedicals, LLC (和光純薬取扱)",-, 3810-74-0,5,g,1,0,,,,,ストレプトマイシン硫酸塩 (5g),,,"Streptomycin, Sulfate Salt",,,"MP Biomedicals, LLC (和光純薬取扱)",,-,-,5,g,g,1,冷蔵貯蔵,,-,-,,,, 3810-74-0,,100556,5000,C21H39N7O12・1.5H2SO4,,,,,,,単位管理,Unit Management,－,－,-,-,,,-,-,,,,,,,,,,,,,,,,,
ｽﾋﾟﾛﾉﾗｸﾄﾝ,FALSE,TRUE,FALSE,FALSE,FALSE,FALSE,FALSE,FALSE,FALSE,FALSE,FALSE,FALSE,FALSE,FALSE,FALSE,FALSE,Sigma,-, 52-01-7,5,g,1,0,,,,,ｽﾋﾟﾛﾉﾗｸﾄﾝ,,,"Spironolactone, 97.0-103.0%",,,Sigma,,-,-,5,g,g,1,室温,,-,-,,,, 52-01-7,,S3378,,,,,,,,,単位管理,Unit Management,－,－,-,-,,,-,-,,,,,,,,,,,,,,,,,
スベリン酸,FALSE,TRUE,FALSE,FALSE,FALSE,FALSE,FALSE,FALSE,FALSE,FALSE,FALSE,FALSE,FALSE,FALSE,FALSE,FALSE,ナカライテスク（株）,GR, 505-48-6,25,g,1,0,,,,,スベリン酸,,,Ｓｕｂｅｒｉｃ　Ａｃｉｄ,,,ナカライテスク（株）,,GR,,25,g,g,1,-,-,-,-,,,, 505-48-6,1XAOE,32331-22,2300,HOOC(CH2)6COOH,-,-,,,174.19,,単位管理,Unit Management,本,本,-,-,,,-,-,,,,,,,,,,,,,,,,,
スルピリン一水和物 (25g),FALSE,TRUE,FALSE,FALSE,FALSE,FALSE,FALSE,FALSE,FALSE,FALSE,FALSE,FALSE,FALSE,FALSE,FALSE,FALSE,和光純薬工業(株),和光特級, 5907-38-0,25,g,1,0,,,,,スルピリン一水和物 (25g),,,Sulpyrine Monohydrate,,,和光純薬工業(株),,和光特級,,25,g,g,1,室温,,,,,,, 5907-38-0,4.99E+12,191-08902,4500,C13H16N3NaO4S・H2O,,,,98～102%(Titration),,,単位管理,Unit Management,－,－,-,-,,,-,-,,,,,,,,,,,,,,,,,
スルファグアニジン,FALSE,FALSE,FALSE,FALSE,TRUE,FALSE,FALSE,FALSE,FALSE,FALSE,FALSE,FALSE,FALSE,FALSE,FALSE,FALSE,東京化成工業株式会社,-, 57-67-0,25,g,1,0,,,,,スルファグアニジン,,,Sulfaguanidine,,,東京化成工業株式会社,,-,-,25,g,g,1,-,-,-,-,,,, 57-67-0,O0LKG,S0464,3500,,,,,,,,単位管理,Unit Management,－,－,-,-,,,-,-,,,,,,,,,,,,,,,,,
スルファニルアミド,FALSE,TRUE,FALSE,FALSE,FALSE,FALSE,FALSE,FALSE,FALSE,FALSE,FALSE,FALSE,FALSE,FALSE,FALSE,FALSE,東京化成工業株式会社,-, 63-74-1,25,g,2,0,,,,,スルファニルアミド,,,Sulfanilamide,,,東京化成工業株式会社,,-,-,25,g,g,1,-,-,-,-,,,, 63-74-1,JKZKG,S0119,2000,,,,,,,,単位管理,Unit Management,－,－,-,-,,,-,-,,,,,,,,,,,,,,,,,
スルファニル酸,FALSE,TRUE,FALSE,FALSE,FALSE,FALSE,FALSE,FALSE,FALSE,FALSE,FALSE,FALSE,FALSE,FALSE,FALSE,FALSE,ナカライテスク（株）,特級(ＧＲ), 121-57-3,25,g,2,0,,,,,スルファニル酸,,,Sulfanilic Acid,,,ナカライテスク（株）,,特級(ＧＲ),,25,g,g,1,-,-,-,-,,,, 121-57-3,1XNSM,32501-92,1650,H2NC6H4SO3H,,,,≧99.0%(T),173.19,mp. 280～300(炭化) ,単位管理,Unit Management,－,－,-,-,,,-,-,,,,,,,,,,,,,,,,,
スルフィソキサゾール,FALSE,FALSE,FALSE,FALSE,FALSE,FALSE,FALSE,TRUE,FALSE,FALSE,FALSE,FALSE,FALSE,FALSE,FALSE,FALSE,ナカライテスク（株）,GR, 127-69-5,25,g,1,0,,,,,スルフィソキサゾール,,,Sulfisoxazole,,,ナカライテスク（株）,,GR,,25,g,g,1,冷蔵貯蔵,,-,-,,,, 127-69-5,1XJH2,32445-42,12400,C11H13N3O3S,,,,≧98.0%(T),267.3,mp. 192～196℃(分解) ,単位管理,Unit Management,－,－,-,-,,,-,-,,,,,,,,,,,,,,,,,
セバシン酸,FALSE,TRUE,FALSE,FALSE,FALSE,FALSE,FALSE,FALSE,FALSE,FALSE,FALSE,FALSE,FALSE,FALSE,FALSE,FALSE,東京化成工業株式会社,-, 111-20-6,25,g,2,0,,,,,セバシン酸,,,Sebacic Acid,,,東京化成工業株式会社,,-,-,25,g,g,1,-,-,-,-,,,, 111-20-6,JIAKG,S0022,2100,,,,,,,,単位管理,Unit Management,－,－,-,-,,,-,-,,,,,,,,,,,,,,,,,
セファゾリンナトリウム,FALSE,FALSE,FALSE,FALSE,FALSE,FALSE,FALSE,FALSE,TRUE,FALSE,FALSE,FALSE,FALSE,FALSE,FALSE,FALSE,東京化成工業株式会社,-, 27164-46-1,25,g,2,0,,,,,セファゾリンナトリウム,,,Cefazolin Sodium Salt,,,東京化成工業株式会社,,-,-,25,g,g,1,冷蔵貯蔵,,-,-,,,, 27164-46-1,T7NKG,C2242,25600,,,,,,,,単位管理,Unit Management,－,－,-,-,,,-,-,,,,,,,,,,,,,,,,,
セファレキシン (25g),FALSE,FALSE,FALSE,FALSE,FALSE,FALSE,FALSE,FALSE,TRUE,FALSE,FALSE,FALSE,FALSE,FALSE,FALSE,FALSE,富士フイルム和光純薬(株),生化学用, 15686-71-2,25,g,1,0,,,,,セファレキシン (25g),,,Cefalexin,,,富士フイルム和光純薬(株),,生化学用,,25,g,g,1,冷蔵貯蔵,,-,-,,,, 15686-71-2,4.99E+12,034-11052,11300,C16H17N3O4S,,,,,,mp. 178℃ ,単位管理,Unit Management,－,－,-,-,,,-,-,,,,,,,,,,,,,,,,,
セファレキシン (5g),FALSE,FALSE,FALSE,FALSE,FALSE,FALSE,FALSE,FALSE,TRUE,FALSE,FALSE,FALSE,FALSE,FALSE,FALSE,FALSE,富士フイルム和光純薬(株),生化学用, 15686-71-2,5,g,2,0,,,,,セファレキシン (5g),,,Cefalexin,,,富士フイルム和光純薬(株),,生化学用,,5,g,g,1,冷蔵貯蔵,,-,-,,,, 15686-71-2,4.99E+12,036-11051,4700,C16H17N3O4S,,,,,,mp. 178℃ ,単位管理,Unit Management,－,－,-,-,,,-,-,,,,,,,,,,,,,,,,,
セファレキシン水和物 (5g),FALSE,FALSE,FALSE,FALSE,FALSE,TRUE,FALSE,FALSE,FALSE,FALSE,FALSE,FALSE,FALSE,FALSE,FALSE,FALSE,"MP Biomedicals, LLC (和光純薬取扱)",-, 23325-78-2,5,g,1,0,,,,,セファレキシン水和物 (5g),,,Cephalexin MONOHYDRATE BP USP GRADE,,,"MP Biomedicals, LLC (和光純薬取扱)",,-,-,5,g,g,1,冷蔵貯蔵,,-,-,,,, 23325-78-2,,150585,10300,C16H17N3O4S・H2O,,,,,,,単位管理,Unit Management,－,－,-,-,,,-,-,,,,,,,,,,,,,,,,,
セフタジジム (約10%Na2CO3含む),FALSE,TRUE,FALSE,FALSE,FALSE,FALSE,FALSE,FALSE,FALSE,FALSE,FALSE,FALSE,FALSE,FALSE,FALSE,FALSE,東京化成工業株式会社,-, 72558-82-8,5,g,1,0,,,,,セフタジジム (約10%Na2CO3含む),,,Ceftazidime(contains ca. 10% Na2CO3),,,東京化成工業株式会社,,-,-,5,g,g,1,-,-,-,-,,,, 72558-82-8,T01EG,C2225,9000,,,,,,,,単位管理,Unit Management,－,－,-,-,,,-,-,,,,,,,,,,,,,,,,,
セレコキシブ,FALSE,FALSE,FALSE,FALSE,FALSE,FALSE,FALSE,FALSE,FALSE,FALSE,FALSE,FALSE,TRUE,FALSE,FALSE,FALSE,東京化成工業株式会社,-, 169590-42-5,1,g,2,0,,,,,セレコキシブ,,,Celecoxib,,,東京化成工業株式会社,,-,-,1,g,g,1,-,-,-,-,,,, 169590-42-5,ZURBG,C2816,17500,,,,,,,,単位管理,Unit Management,－,－,-,-,,,-,-,,,,,,,,,,,,,,,,,
ソーダ石灰 (500g),FALSE,FALSE,TRUE,FALSE,FALSE,FALSE,FALSE,FALSE,FALSE,FALSE,FALSE,FALSE,FALSE,FALSE,FALSE,FALSE,富士フイルム和光純薬(株),二酸化炭素吸収用:1号 [JISマーク認定品目], 8006-28-8,500,g,1,0,,,,,ソーダ石灰 (500g),,,Soda Lime,,,富士フイルム和光純薬(株),,二酸化炭素吸収用:1号 [JISマーク認定品目],,500,g,g,1,室温,,-,-,,,, 8006-28-8,4.99E+12,196-10525,2450,,,,,,,,単位管理,Unit Management,－,－,-,-,,,-,-,,,,,,,,,,,,,,,,,
ソルビン酸,FALSE,TRUE,FALSE,FALSE,FALSE,FALSE,FALSE,FALSE,FALSE,FALSE,FALSE,FALSE,FALSE,FALSE,FALSE,FALSE,東京化成工業株式会社,-, 110-44-1,25,g,1,0,,,,,ソルビン酸,,,Sorbic Acid,,,東京化成工業株式会社,,-,-,25,g,g,1,-,-,-,-,,,, 110-44-1,JI5KG,S0053,2100,,,,,,,,単位管理,Unit Management,－,－,-,-,,,-,-,,,,,,,,,,,,,,,,,
ダウエックス(TM) 50Wx8 50-100メッシュ強酸性陽イオン交換樹脂(H形) (500ml),FALSE,FALSE,TRUE,FALSE,FALSE,FALSE,FALSE,FALSE,FALSE,FALSE,FALSE,FALSE,FALSE,FALSE,FALSE,FALSE,(株)ワコーケミカル (和光純薬取扱),-, 69011-20-7,500,ml,2,0,,,,,ダウエックス(TM) 50Wx8 50-100メッシュ強酸性陽イオン交換樹脂(H形) (500ml),,,DOWEX(TM) 50Wx8 50-100 Mesh (H) Cation Exchange Resin,,,(株)ワコーケミカル (和光純薬取扱),,-,-,500,ml,ml,1,室温,,-,-,,,, 69011-20-7,4.99E+12,325-97595,19000,,-,-,,,,,単位管理,Unit Management,本,本,-,-,,,-,-,,,,,,,,,,,,,,,,,
ﾀｳﾘﾝ,FALSE,TRUE,FALSE,FALSE,FALSE,FALSE,FALSE,FALSE,FALSE,FALSE,FALSE,FALSE,FALSE,FALSE,FALSE,FALSE,関東化学株式会社,鹿1級, 107-35-7,25,g,3,0,,,,,ﾀｳﾘﾝ,2-ｱﾐﾉｴﾀﾝ-1-ｽﾙﾎﾝ酸,,Taurine,2-Aminoethane-1-sulfonic acid,,関東化学株式会社,"Kanto Chemical Co., Inc.",鹿1級,,25,g,g,1,-,-,-,-,,,, 107-35-7,4000731F,40007-31,1700,NH2CH2CH2SO3H,ガラスビン,,,>97.0%(T),125.1501,mp.300℃(dec.),単位管理,Unit Management,－,－,-,-,,,-,-,,,,,,,,,C2／H7／N1／O3／S1,,,,,,,,
ダントロレンナトリウム (5g),FALSE,TRUE,FALSE,FALSE,FALSE,FALSE,FALSE,FALSE,FALSE,FALSE,FALSE,FALSE,FALSE,FALSE,FALSE,FALSE,(株)ワコーケミカル (和光純薬取扱),-, 14663-23-1,5,g,2,0,,,,,ダントロレンナトリウム (5g),,,Dantrolene Sodium,,,(株)ワコーケミカル (和光純薬取扱),,-,-,5,g,g,1,室温,,-,-,,,, 14663-23-1,4.99E+12,327-36113,15500,C14H9N4NaO5,-,-,,97+%,,,単位管理,Unit Management,本,本,-,-,,,-,-,,,,,,,,,,,,,,,,,
チアゾリジン,FALSE,TRUE,FALSE,FALSE,FALSE,FALSE,FALSE,FALSE,FALSE,FALSE,FALSE,FALSE,FALSE,FALSE,FALSE,FALSE,東京化成工業株式会社,-, 504-78-9,5,g,1,0,,,,,チアゾリジン,,,Thiazolidine,,,東京化成工業株式会社,,-,-,5,g,g,1.14,-,-,-,-,,,, 504-78-9,K8AEG,T0793,6100,,,,,,,,単位管理,Unit Management,－,－,-,-,,,-,-,,,,,,,,,,,,,,,,,
チオシアン酸アンモニウム (25g),TRUE,FALSE,FALSE,FALSE,FALSE,FALSE,FALSE,FALSE,FALSE,FALSE,FALSE,FALSE,FALSE,FALSE,FALSE,FALSE,富士フイルム和光純薬(株),試薬特級 [JISマーク認定品目], 1762-95-4,25,g,1,0,,,,,チオシアン酸アンモニウム (25g),,,Ammonium Thiocyanate,,,富士フイルム和光純薬(株),,試薬特級 [JISマーク認定品目],,25,g,g,1.305,室温,,-,-,,,, 1762-95-4,4.99E+12,011-03532,1760,NH4SCN,,,,98+%(Titration),,mp. 149℃ bp. 200-300℃,単位管理,Unit Management,－,－,-,-,,,-,-,,,,,,,,,,,,,,,,,
ﾁｵ尿素,FALSE,FALSE,FALSE,FALSE,FALSE,FALSE,FALSE,FALSE,FALSE,FALSE,FALSE,FALSE,TRUE,FALSE,FALSE,FALSE,関東化学株式会社,特級, 62-56-6,25,g,1,0,,,,,ﾁｵ尿素,ｽﾙﾎｳﾚｱ,ﾁｵｶﾙﾊﾞﾐﾄﾞ,Thiourea,Sulfourea,Thiocarbamide,関東化学株式会社,"Kanto Chemical Co., Inc.",特級,,25,g,g,1,-,-,-,-,1,245,100, 62-56-6,4013930K,40139-30,1800,H2NCSNH2,ガラスビン,,"白,結晶性粉末",>98.0%(T),76.1242,mp.180℃,単位管理,Unit Management,－,－,-,-,,,-,-,,,,,,,,,C1／H4／N2／S1,,,,,,,,
ﾁｵ硫酸ﾅﾄﾘｳﾑ,FALSE,FALSE,TRUE,FALSE,FALSE,FALSE,FALSE,FALSE,FALSE,FALSE,FALSE,FALSE,FALSE,FALSE,FALSE,FALSE,関東化学株式会社,1級, 7772-98-7,500,g,0,1,,,,,ﾁｵ硫酸ﾅﾄﾘｳﾑ,,,Sodium thiosulfate,,,関東化学株式会社,"Kanto Chemical Co., Inc.",1級,,500,g,g,1,-,-,-,-,,,, 7772-98-7,3729601S,37296-01,4600,Na2S2O3,-,-,"白,粉末",>95.0%(T),158.1137,,単位管理,Unit Management,－,－,-,-,,,-,-,,,,,,,,,,,,,,,,,
チモール,FALSE,TRUE,FALSE,FALSE,FALSE,FALSE,FALSE,FALSE,FALSE,FALSE,FALSE,FALSE,FALSE,FALSE,FALSE,FALSE,東京化成工業株式会社,-, 89-83-8,25,g,1,0,,,,,チモール,,,Thymol,,,東京化成工業株式会社,,-,-,25,g,g,1,-,-,-,-,,,, 89-83-8,HDXKG,M0410,1900,,,,,,,,単位管理,Unit Management,－,－,-,-,,,-,-,,,,,,,,,,,,,,,,,
チモールブルー,FALSE,TRUE,FALSE,FALSE,FALSE,FALSE,FALSE,FALSE,FALSE,FALSE,FALSE,FALSE,FALSE,FALSE,FALSE,FALSE,東京化成工業株式会社,-, 76-61-9,1,g,1,0,,,,,チモールブルー,,,Thymol Blue,,,東京化成工業株式会社,,-,-,1,g,g,1,-,-,-,-,,,, 76-61-9,KSSBG,T0235,2400,,,,,,,,単位管理,Unit Management,－,－,-,-,,,-,-,,,,,,,,,,,,,,,,,
ﾁﾗﾐﾝ,FALSE,FALSE,FALSE,FALSE,FALSE,FALSE,FALSE,FALSE,FALSE,FALSE,FALSE,FALSE,TRUE,FALSE,FALSE,FALSE,Aldrich,-, 51-67-2,5,g,1,0,,,,,ﾁﾗﾐﾝ,,,"Tyramine, >=98.0%",,,Aldrich,,-,-,5,g,g,1,室温,,-,-,,,, 51-67-2,,T90344,,,,,,,,,単位管理,Unit Management,－,－,-,-,,,-,-,,,,,,,,,,,,,,,,,
ﾃｵﾌｨﾘﾝ,FALSE,FALSE,FALSE,FALSE,FALSE,FALSE,FALSE,FALSE,TRUE,FALSE,FALSE,FALSE,TRUE,FALSE,FALSE,FALSE,関東化学株式会社,鹿特級, 58-55-9,25,g,2,0,,,,,ﾃｵﾌｨﾘﾝ,"1,3-ｼﾞﾒﾁﾙ-2,6-ｼﾞｵｷｿﾌﾟﾘﾝ","1,3-ｼﾞﾒﾁﾙｷｻﾝﾁﾝ",Theophylline,"1,3-Dimethyl-2,6-dioxopurine","1,3-Dimethylxanthine",関東化学株式会社,"Kanto Chemical Co., Inc.",鹿特級,,25,g,g,1,-,-,-,-,,,, 58-55-9,4054130H,40541-30,3500,C7H8N4O2,ガラスビン,,,>97.0%(T),180.1643,mp.270℃～274℃,単位管理,Unit Management,－,－,-,-,,,-,-,,,,,,,58559.jpg,,C7／H8／N4／O2,,,,,,,,
デカナール,FALSE,FALSE,FALSE,FALSE,FALSE,FALSE,FALSE,TRUE,FALSE,FALSE,FALSE,FALSE,FALSE,FALSE,FALSE,FALSE,東京化成工業株式会社,-, 112-31-2,25,ml,1,0,,,,,デカナール,,,Decanal,,,東京化成工業株式会社,,-,-,25,ml,ml,0.83,冷蔵貯蔵,,-,-,1,673,100, 112-31-2,DJ5KM,D0032,1900,,,,,,,,単位管理,Unit Management,－,－,-,-,,,-,-,,,,,,,,,,,,,,,,,
テストステロン,FALSE,TRUE,FALSE,FALSE,FALSE,FALSE,FALSE,FALSE,FALSE,FALSE,FALSE,FALSE,FALSE,FALSE,FALSE,FALSE,東京化成工業株式会社,-, 58-22-0,10,g,1,0,,,,,テストステロン,,,Testosterone,,,東京化成工業株式会社,,-,-,10,g,g,1,-,-,-,-,,,, 58-22-0,KM0FG,T0027,27100,,,,,,,,単位管理,Unit Management,－,－,-,-,,,-,-,,,,,,,,,,,,,,,,,
デスロラタジン,FALSE,FALSE,FALSE,FALSE,FALSE,FALSE,FALSE,FALSE,TRUE,FALSE,FALSE,FALSE,FALSE,FALSE,FALSE,FALSE,東京化成工業株式会社,-, 100643-71-8,1,g,2,0,,,,,デスロラタジン,,,Desloratadine,,,東京化成工業株式会社,,-,-,1,g,g,1,冷蔵貯蔵,,-,-,,,, 100643-71-8,U4XBG,D3787,30700,,,,,,,,単位管理,Unit Management,－,－,-,-,,,-,-,,,,,,,,,,,,,,,,,
テトラエチルアンモニウム=ブロミド (25g),FALSE,TRUE,FALSE,FALSE,FALSE,FALSE,FALSE,FALSE,FALSE,FALSE,FALSE,FALSE,FALSE,FALSE,FALSE,FALSE,富士フイルム和光純薬(株),-, 71-91-0,25,g,1,0,,,,,テトラエチルアンモニウム=ブロミド (25g),,,Tetraethylammonium Bromide,,,富士フイルム和光純薬(株),,-,-,25,g,g,1,冷蔵貯蔵,,-,-,,,, 71-91-0,4.99E+12,203-00432,1870,(C2H5)4NBr,,,,98+%(Titration),,mp. 285℃ ,単位管理,Unit Management,－,－,-,-,,,-,-,,,,,,,,,,,,,,,,,
テトラエチルアンモニウムヒドロキシド (10%水溶液),FALSE,TRUE,FALSE,FALSE,FALSE,FALSE,FALSE,FALSE,FALSE,FALSE,FALSE,FALSE,FALSE,FALSE,FALSE,FALSE,東京化成工業株式会社,-, 77-98-5,25,ml,1,0,,,,,テトラエチルアンモニウムヒドロキシド (10%水溶液),,,Tetraethylammonium Hydroxide(10% in Water),,,東京化成工業株式会社,,-,-,25,ml,ml,1,-,-,-,-,,,, 77-98-5,KOXKM,T0096,2400,,,,,,,,単位管理,Unit Management,－,－,-,-,,,-,-,,,,,,,,,,,,,,,,,
テトラカイン塩酸塩,FALSE,TRUE,FALSE,FALSE,FALSE,FALSE,FALSE,FALSE,FALSE,FALSE,FALSE,FALSE,FALSE,FALSE,FALSE,FALSE,東京化成工業株式会社,-, 136-47-0,25,g,1,0,,,,,テトラカイン塩酸塩,,,Tetracaine Hydrochloride,,,東京化成工業株式会社,,-,-,25,g,g,1,-,-,-,-,,,, 136-47-0,NSSKG,T1688,9600,,,,,,,,単位管理,Unit Management,－,－,-,-,,,-,-,,,,,,,,,,,,,,,,,
テトラキス(トリフェニルホスフィン)パラジウム(0),FALSE,FALSE,FALSE,FALSE,TRUE,TRUE,FALSE,FALSE,FALSE,TRUE,FALSE,FALSE,FALSE,FALSE,FALSE,FALSE,東京化成工業株式会社,-, 14221-01-3,1,g,2,0,,,,,テトラキス(トリフェニルホスフィン)パラジウム(0),,,Tetrakis(triphenylphosphine)palladium(0),,,東京化成工業株式会社,,-,-,1,g,g,1,冷凍保存(-20℃),,-,-,,,, 14221-01-3,LNRBG,T1350,5800,,,,,,,,単位管理,Unit Management,－,－,-,-,,,-,-,,,,,,,,,,,,,,,,,
テトラサイクリン塩酸塩,FALSE,FALSE,FALSE,FALSE,FALSE,FALSE,FALSE,FALSE,TRUE,FALSE,FALSE,FALSE,FALSE,FALSE,FALSE,FALSE,東京化成工業株式会社,-, 64-75-5,25,g,1,0,,,,,テトラサイクリン塩酸塩,,,Tetracycline Hydrochloride,,,東京化成工業株式会社,,-,-,25,g,g,1,冷凍貯蔵,,-,-,,,, 64-75-5,UBZKG,T2525,4800,,,,,,,,単位管理,Unit Management,－,－,-,-,,,-,-,,,,,,,,,,,,,,,,,
テトラシアノエチレン,FALSE,TRUE,FALSE,FALSE,TRUE,FALSE,FALSE,FALSE,FALSE,FALSE,FALSE,FALSE,FALSE,FALSE,FALSE,FALSE,東京化成工業株式会社,-, 670-54-2,5,g,2,0,,,,,テトラシアノエチレン,,,Tetracyanoethylene,,,東京化成工業株式会社,,-,-,5,g,g,1,-,-,-,-,,,, 670-54-2,KOEEG,T0077,5900,,,,,,,,単位管理,Unit Management,－,－,-,-,,,-,-,,,,,,,,,,,,,,,,,
テトラシアノエチレン,FALSE,FALSE,FALSE,FALSE,TRUE,FALSE,FALSE,FALSE,FALSE,FALSE,FALSE,FALSE,FALSE,FALSE,FALSE,FALSE,東京化成工業株式会社,-, 670-54-2,25,g,1,0,,,,,テトラシアノエチレン,,,Tetracyanoethylene,,,東京化成工業株式会社,,-,-,25,g,g,1,-,-,-,-,,,, 670-54-2,KOEKG,T0077,17800,,,,,,,,単位管理,Unit Management,－,－,-,-,,,-,-,,,,,,,,,,,,,,,,,
テトラヒドロキシジボロン (1g),FALSE,TRUE,FALSE,FALSE,FALSE,FALSE,FALSE,FALSE,FALSE,FALSE,FALSE,FALSE,FALSE,FALSE,FALSE,FALSE,ワコーケミカル (和光純薬取扱),-, 13675-18-8,1,g,1,0,,,,,テトラヒドロキシジボロン (1g),,,Tetrahydroxydiboron,,,ワコーケミカル (和光純薬取扱),,-,-,1,g,g,1,室温,,-,-,,,, 13675-18-8,4.99E+12,326-63411,10000,B2H4O4,-,-,,,,,単位管理,Unit Management,本,本,-,-,,,-,-,,,,,,,,,,,,,,,,,
テトラヒドロフラン,FALSE,FALSE,FALSE,FALSE,FALSE,FALSE,FALSE,FALSE,FALSE,FALSE,TRUE,FALSE,FALSE,FALSE,FALSE,FALSE,Aldrich,-, 109-99-9,100,ml,1,0,,,,,テトラヒドロフラン,,,"TETRAHYDROFURAN ANHYDROUS, 99.9%,",,,Aldrich,,-,-,100,ml,ml,1,室温,,-,-,1,674,100, 109-99-9,,401757,,,-,-,,,,,単位管理,Unit Management,本,本,-,-,,,-,-,,,,,,,,,,,,,,,,,
ﾃﾄﾗﾋﾄﾞﾛﾌﾗﾝ,FALSE,FALSE,TRUE,FALSE,FALSE,FALSE,FALSE,FALSE,FALSE,FALSE,FALSE,FALSE,FALSE,FALSE,FALSE,FALSE,東京化成工業株式会社,溶媒, 109-99-9,500,ml,1,0,,,,,ﾃﾄﾗﾋﾄﾞﾛﾌﾗﾝ,,,Tetrahydrofuran (stabilized with BHT),,,東京化成工業株式会社,,溶媒,,500,ml,ml,0.89,-,-,-,-,1,674,100, 109-99-9,KO5KM,T0104,2950,,-,-,,,,,単位管理,Unit Management,本,本,-,-,,,-,-,10,,,,so,,,,,,,,,,,,
"テトラヒドロほう酸ナトリウム, 粉末 (25g)",TRUE,FALSE,FALSE,FALSE,FALSE,FALSE,FALSE,FALSE,TRUE,FALSE,FALSE,FALSE,FALSE,FALSE,FALSE,FALSE,富士フイルム和光純薬(株),和光一級, 16940-66-2,25,g,1,0,,,,,"テトラヒドロほう酸ナトリウム, 粉末 (25g)",,,"Sodium Tetrahydroborate, Powder",,,富士フイルム和光純薬(株),,和光一級,,25,g,g,0.998,室温,,-,-,1,405,28.6, 16940-66-2,4.99E+12,191-11452,4050,NaBH4,,,,95+%(Gas Method),,mp. ＞300℃ (dec.) bp. 400℃,単位管理,Unit Management,－,－,-,-,,,-,-,,,,,,,,,,,,,,,,,
テトラフェニルエチレン,FALSE,TRUE,FALSE,FALSE,FALSE,FALSE,FALSE,FALSE,FALSE,FALSE,FALSE,FALSE,FALSE,FALSE,FALSE,FALSE,東京化成工業株式会社,-, 632-51-9,10,g,1,0,,,,,テトラフェニルエチレン,,,Tetraphenylethylene,,,東京化成工業株式会社,,-,-,10,g,g,1,-,-,-,-,,,, 632-51-9,KQWFG,T0167,14200,,,,,,,,単位管理,Unit Management,－,－,-,-,,,-,-,,,,,,,,,,,,,,,,,
テトラブチルアンモニウムクロリド,FALSE,FALSE,FALSE,FALSE,FALSE,TRUE,FALSE,FALSE,FALSE,FALSE,FALSE,FALSE,FALSE,FALSE,FALSE,FALSE,東京化成工業株式会社,-, 1112-67-0,5,g,1,0,,,,,テトラブチルアンモニウムクロリド,,,Tetrabutylammonium Chloride,,,東京化成工業株式会社,,-,-,5,g,g,1,-,-,-,-,,,, 1112-67-0,KNSEG,T0055,3600,,,,,,,,単位管理,Unit Management,－,－,-,-,,,-,-,,,,,,,,,,,,,,,,,
テトラブチルアンモニウムブロミド,FALSE,TRUE,FALSE,FALSE,FALSE,FALSE,FALSE,FALSE,FALSE,FALSE,FALSE,FALSE,FALSE,FALSE,FALSE,FALSE,東京化成工業株式会社,-, 1643-19-2,25,g,1,0,,,,,テトラブチルアンモニウムブロミド,,,Tetrabutylammonium Bromide,,,東京化成工業株式会社,,-,-,25,g,g,1,-,-,-,-,,,, 1643-19-2,KNRKG,T0054,2100,,,,,,,,単位管理,Unit Management,－,－,-,-,,,-,-,,,,,,,,,,,,,,,,,
テトラブチルアンモニウムヨージド,FALSE,TRUE,FALSE,FALSE,FALSE,FALSE,FALSE,FALSE,FALSE,FALSE,FALSE,FALSE,FALSE,FALSE,FALSE,FALSE,東京化成工業株式会社,-, 311-28-4,25,g,1,0,,,,,テトラブチルアンモニウムヨージド,,,Tetrabutylammonium Iodide,,,東京化成工業株式会社,,-,-,25,g,g,1,-,-,-,-,,,, 311-28-4,KNUKG,T0057,2900,,,,,,,,単位管理,Unit Management,－,－,-,-,,,-,-,,,,,,,,,,,,,,,,,
テトラフルオロフタル酸無水物,FALSE,TRUE,FALSE,FALSE,FALSE,FALSE,FALSE,FALSE,FALSE,FALSE,FALSE,FALSE,FALSE,FALSE,FALSE,FALSE,東京化成工業株式会社,-, 652-12-0,1,g,1,0,,,,,テトラフルオロフタル酸無水物,,,Tetrafluorophthalic Anhydride,,,東京化成工業株式会社,,-,-,1,g,g,1,-,-,-,-,,,, 652-12-0,STZBG,T2381,6000,,,,,,,,単位管理,Unit Management,－,－,-,-,,,-,-,,,,,,,,,,,,,,,,,
テトラフルオロほう酸 (25g),FALSE,FALSE,TRUE,FALSE,FALSE,FALSE,FALSE,FALSE,FALSE,FALSE,FALSE,FALSE,FALSE,FALSE,FALSE,FALSE,富士フイルム和光純薬(株),化学用, 16872-11-0,25,g,1,0,,,,,テトラフルオロほう酸 (25g),,,Tetrafluoroboric Acid,,,富士フイルム和光純薬(株),,化学用,,25,g,g,1.31,室温,,-,-,1,405,12.3, 16872-11-0,4.99E+12,086-01122,2240,HBF4,,,,,,bp. 130℃,単位管理,Unit Management,－,－,-,-,,,-,-,,,,,,,,,,,,,,,,,
ﾃﾄﾗﾌﾙｵﾛほう酸銀,FALSE,FALSE,FALSE,FALSE,TRUE,FALSE,FALSE,FALSE,FALSE,FALSE,FALSE,FALSE,FALSE,FALSE,FALSE,FALSE,Aldrich,-, 14104-20-2,10,g,1,0,,,,,ﾃﾄﾗﾌﾙｵﾛほう酸銀,,,"Silver tetrafluoroborate, 98%",,,Aldrich,,-,-,10,g,g,1,室温,,-,-," 1
 1"," 82
 405","100.00
100.00", 14104-20-2,4.55E+12,208361,,,,,,,,,単位管理,Unit Management,－,－,-,-,,,-,-,,,,,,,,,,,,,,,,,
テトラプロピルアンモニウムブロミド,FALSE,FALSE,TRUE,FALSE,FALSE,FALSE,FALSE,FALSE,FALSE,FALSE,FALSE,FALSE,FALSE,FALSE,FALSE,FALSE,東京化成工業株式会社,-, 1941-30-6,25,g,1,0,,,,,テトラプロピルアンモニウムブロミド,,,Tetrapropylammonium Bromide,,,東京化成工業株式会社,,-,-,25,g,g,1,-,-,-,-,,,, 1941-30-6,K5JKG,T0694,2400,,,,,,,,単位管理,Unit Management,－,－,-,-,,,-,-,,,,,,,,,,,,,,,,,
テトラメチルアンモニウムヒドロキシド (10%メタノール溶液),FALSE,TRUE,FALSE,FALSE,FALSE,FALSE,FALSE,FALSE,FALSE,FALSE,FALSE,FALSE,FALSE,FALSE,FALSE,FALSE,東京化成工業株式会社,-, 75-59-2,25,ml,1,0,,,,,テトラメチルアンモニウムヒドロキシド (10%メタノール溶液),,,Tetramethylammonium Hydroxide(10% in Methanol),,,東京化成工業株式会社,,-,-,25,ml,ml,0.84,-,-,-,-,1,677,100, 75-59-2,K41KM,T0676,2000,,,,,,,,重量管理,Weight Management,g,g,天秤＆ｷｰﾎﾞｰﾄﾞ入力,keyboard to input port and balance,g,g,持出／返却,Check-out/Return,,,,,,,,,,,,,,,,,
ﾃﾄﾗﾒﾁﾙｼﾗﾝ,FALSE,FALSE,FALSE,TRUE,FALSE,FALSE,FALSE,FALSE,FALSE,FALSE,FALSE,FALSE,FALSE,FALSE,FALSE,FALSE,Merck KGaA (Merck Millipore),MagniSolv, 75-76-3,100,ml,1,0,,,,,ﾃﾄﾗﾒﾁﾙｼﾗﾝ,TMS,,Tetramethylsilane,TMS,,Merck KGaA (Merck Millipore),,MagniSolv,,100,ml,ml,0.64,冷蔵保存 0℃～6℃,,-,-,,,, 75-76-3,,8183-2M,32900,(CH3)4Si,ガラスビン,,,>99.7%(GC),88.2232,bp.26.5℃ mp.-99℃ d(20/20℃) 0.64 Fp.-27℃,単位管理,Unit Management,－,－,-,-,,,-,-,,,,,,,,,C4／H12／SI1,,,,,,,,
デヒドロエピアンドロステロン,FALSE,FALSE,FALSE,FALSE,FALSE,FALSE,FALSE,FALSE,TRUE,FALSE,FALSE,FALSE,FALSE,FALSE,FALSE,FALSE,東京化成工業株式会社,-, 53-43-0,1,g,1,0,,,,,デヒドロエピアンドロステロン,,,Dehydroepiandrosterone,,,東京化成工業株式会社,,-,-,1,g,g,1,-,-,-,-,,,, 53-43-0,DKHBG,D0044,2800,,,,,,,,単位管理,Unit Management,－,－,-,-,,,-,-,,,,,,,,,,,,,,,,,
テルピネン-4-オール (5g),FALSE,FALSE,FALSE,FALSE,FALSE,FALSE,FALSE,FALSE,FALSE,FALSE,TRUE,FALSE,FALSE,FALSE,FALSE,FALSE,富士フイルムワコーケミカル(株) (和光純薬取扱),-, 562-74-3,5,g,1,0,,,,,テルピネン-4-オール (5g),,,Terpinen-4-ol,,,富士フイルムワコーケミカル(株) (和光純薬取扱),,-,-,5,g,g,0.927,冷蔵貯蔵,,-,-,,,, 562-74-3,4.99E+12,321-52971,4730,C10H18O,,,,90+%(NMR),,bp. 209～212℃,単位管理,Unit Management,－,－,-,-,,,-,-,,,,,,,,,,,,,,,,,
テルミサルタン,FALSE,FALSE,FALSE,FALSE,FALSE,FALSE,FALSE,FALSE,FALSE,FALSE,FALSE,FALSE,TRUE,FALSE,FALSE,FALSE,東京化成工業株式会社,-, 144701-48-4,5,g,1,0,,,,,テルミサルタン,,,Telmisartan,,,東京化成工業株式会社,,-,-,5,g,g,1,-,-,-,-,,,, 144701-48-4,X5JEG,T2861,27800,,,,,,,,単位管理,Unit Management,－,－,-,-,,,-,-,,,,,,,,,,,,,,,,,
テレフタルアルデヒド,FALSE,TRUE,FALSE,FALSE,FALSE,TRUE,FALSE,FALSE,TRUE,FALSE,FALSE,FALSE,FALSE,FALSE,FALSE,FALSE,東京化成工業株式会社,-, 623-27-8,25,g,3,0,,,,,テレフタルアルデヒド,,,Terephthalaldehyde,,,東京化成工業株式会社,,-,-,25,g,g,1,-,-,-,-,,,, 623-27-8,KMJKG,T0010,4000,,,,,,,,単位管理,Unit Management,－,－,-,-,,,-,-,,,,,,,,,,,,,,,,,
ﾃﾚﾌﾀﾙ酸,FALSE,TRUE,FALSE,FALSE,FALSE,FALSE,FALSE,FALSE,FALSE,FALSE,FALSE,FALSE,FALSE,FALSE,FALSE,FALSE,関東化学株式会社,鹿特級, 100-21-0,25,g,1,0,,,,,ﾃﾚﾌﾀﾙ酸,p-ﾍﾞﾝｾﾞﾝｼﾞｶﾙﾎﾞﾝ酸,p-ﾌﾀﾙ酸,Terephthalic acid,p-Benzenedicarboxylic acid,p-Phthalic acid,関東化学株式会社,"Kanto Chemical Co., Inc.",鹿特級,,25,g,g,1,-,-,-,-,1,270,100, 100-21-0,4001530D,40015-30,1600,C6H4(COOH)2,ガラスビン,,,>98.0%(T),166.1303,mp.>300℃,単位管理,Unit Management,－,－,-,-,,,-,-,,,,,,,100210.jpg,,C8／H6／O4,,,,,,,,
でんぷん(とうもろこし),FALSE,FALSE,TRUE,FALSE,FALSE,FALSE,FALSE,FALSE,FALSE,FALSE,FALSE,FALSE,FALSE,FALSE,FALSE,FALSE,関東化学株式会社,-, 9005-25-8,500,g,1,0,,,,,でんぷん(とうもろこし),ｺｰﾝｽﾀｰﾁ,,"Starch, corn",Corn starch,,関東化学株式会社,"Kanto Chemical Co., Inc.",-,-,500,g,g,1,-,-,-,-,,,, 9005-25-8,3732502M,37325-02,3800,,化粧箱,,"白色,粉末",,,,単位管理,Unit Management,－,－,-,-,,,-,-,,,,,,,,,,,,,,,,,
ドキシサイクリンヒクラート,FALSE,FALSE,FALSE,FALSE,TRUE,FALSE,FALSE,FALSE,FALSE,FALSE,FALSE,FALSE,FALSE,FALSE,FALSE,FALSE,東京化成工業株式会社,-, 24390-14-5,5,g,1,0,,,,,ドキシサイクリンヒクラート,,,Doxycycline Hyclate,,,東京化成工業株式会社,,-,-,5,g,g,1,-,-,-,-,,,, 24390-14-5,XLUEG,D4116,9900,,,,,,,,単位管理,Unit Management,－,－,-,-,,,-,-,,,,,,,,,,,,,,,,,
ドデシル硫酸ナトリウム,FALSE,TRUE,FALSE,FALSE,FALSE,FALSE,FALSE,FALSE,FALSE,FALSE,FALSE,FALSE,FALSE,FALSE,FALSE,FALSE,各社,-, 151-21-3,25,g,1,0,,,,,ドデシル硫酸ナトリウム,,,Sodium Dodecyl Sulfate,,,各社,,-,-,25,g,g,1,冷暗貯蔵・密閉,,-,-,1,275,100, 151-21-3,,,,,-,-,,,,,単位管理,Unit Management,本,本,-,-,,,-,-,,,,,,,,,C12／H25／NA1／O4／S1,,,,,,,,
トリ(m-トリル)ホスフィン,FALSE,TRUE,FALSE,FALSE,FALSE,FALSE,FALSE,FALSE,FALSE,FALSE,FALSE,FALSE,FALSE,FALSE,FALSE,FALSE,東京化成工業株式会社,-, 6224-63-1,5,g,1,0,,,,,トリ(m-トリル)ホスフィン,,,Tri(m-tolyl)phosphine,,,東京化成工業株式会社,,-,-,5,g,g,1,-,-,-,-,,,, 6224-63-1,LEQEG,T1025,2200,,,,,,,,単位管理,Unit Management,－,－,-,-,,,-,-,,,,,,,,,,,,,,,,,
トリ(p-トリル)ホスフィン,FALSE,TRUE,FALSE,FALSE,FALSE,FALSE,FALSE,FALSE,FALSE,FALSE,FALSE,FALSE,FALSE,FALSE,FALSE,FALSE,東京化成工業株式会社,-, 1038-95-5,5,g,1,0,,,,,トリ(p-トリル)ホスフィン,,,Tri(p-tolyl)phosphine,,,東京化成工業株式会社,,-,-,5,g,g,1,-,-,-,-,,,, 1038-95-5,K97EG,T0862,4000,,,,,,,,単位管理,Unit Management,－,－,-,-,,,-,-,,,,,,,,,,,,,,,,,
トリエタノールアミン,FALSE,FALSE,FALSE,FALSE,FALSE,FALSE,FALSE,FALSE,FALSE,FALSE,TRUE,FALSE,FALSE,FALSE,FALSE,FALSE,東京化成工業株式会社,-, 102-71-6,1,g,2,0,,,,,トリエタノールアミン,,,Triethanolamine[Matrix for FABMS and liquid SIMS],,,東京化成工業株式会社,,-,-,1,g,g,1.12,-,-,-,-,,,, 102-71-6,JR5BG,S0377,1900,,,,,,,,単位管理,Unit Management,－,－,-,-,,,-,-,,,,,,,,,,,,,,,,,
トリス(4-クロロフェニル)ホスフィン,FALSE,TRUE,FALSE,FALSE,FALSE,FALSE,FALSE,FALSE,FALSE,FALSE,FALSE,FALSE,FALSE,FALSE,FALSE,FALSE,東京化成工業株式会社,-, 1159-54-2,5,g,1,0,,,,,トリス(4-クロロフェニル)ホスフィン,,,Tris(4-chlorophenyl)phosphine,,,東京化成工業株式会社,,-,-,5,g,g,1,-,-,-,-,,,, 1159-54-2,YS2EG,T2933,6800,,,,,,,,単位管理,Unit Management,－,－,-,-,,,-,-,,,,,,,,,,,,,,,,,
トリス(ジベンジリデンアセトン)ジパラジウム(0),FALSE,TRUE,FALSE,FALSE,FALSE,FALSE,FALSE,FALSE,FALSE,FALSE,FALSE,FALSE,FALSE,FALSE,FALSE,FALSE,東京化成工業株式会社,-, 51364-51-3,1,g,1,0,,,,,トリス(ジベンジリデンアセトン)ジパラジウム(0),,,Tris(dibenzylideneacetone)dipalladium(0),,,東京化成工業株式会社,,-,-,1,g,g,1,-,-,-,-,,,, 51364-51-3,Q0UBG,T2184,10500,,,,,,,,単位管理,Unit Management,－,－,-,-,,,-,-,,,,,,,,,,,,,,,,,
トリス(ヒドロキシメチル)アミノメタン,FALSE,FALSE,FALSE,FALSE,FALSE,FALSE,FALSE,FALSE,FALSE,FALSE,FALSE,FALSE,TRUE,FALSE,FALSE,FALSE,東京化成工業株式会社,-, 77-86-1,25,g,1,0,,,,,トリス(ヒドロキシメチル)アミノメタン,,,Tris(hydroxymethyl)aminomethane,,,東京化成工業株式会社,,-,-,25,g,g,1,-,-,-,-,,,, 77-86-1,AI6KG,A0321,2300,,,,,,,,単位管理,Unit Management,－,－,-,-,,,-,-,,,,,,,,,,,,,,,,,
トリステアリン,FALSE,FALSE,TRUE,FALSE,FALSE,FALSE,FALSE,FALSE,FALSE,FALSE,FALSE,FALSE,FALSE,FALSE,FALSE,FALSE,東京化成工業株式会社,-, 555-43-1,25,g,1,0,,,,,トリステアリン,,,Tristearin,,,東京化成工業株式会社,,-,-,25,g,g,1,-,-,-,-,,,, 555-43-1,FYLKG,G0212,4100,,,,,,,,単位管理,Unit Management,－,－,-,-,,,-,-,,,,,,,,,,,,,,,,,
トリフェニルアミン (1g),FALSE,FALSE,FALSE,FALSE,FALSE,FALSE,FALSE,FALSE,FALSE,FALSE,FALSE,FALSE,TRUE,FALSE,FALSE,FALSE,富士フイルム和光純薬(株),和光特級, 603-34-9,1,g,1,0,,,,,トリフェニルアミン (1g),,,Triphenylamine,,,富士フイルム和光純薬(株),,和光特級,,1,g,g,0.774,室温,,-,-,,,, 603-34-9,4.99E+12,209-03011,3250,(C6H5)3N,,,,98+%(Capillary GC),,mp. 125～129℃ bp. 365℃,単位管理,Unit Management,－,－,-,-,,,-,-,,,,,,,,,,,,,,,,,
トリフェニルホスフィン,FALSE,TRUE,FALSE,FALSE,FALSE,FALSE,FALSE,FALSE,FALSE,FALSE,FALSE,FALSE,FALSE,FALSE,FALSE,FALSE,東京化成工業株式会社,-, 603-35-0,25,g,1,0,,,,,トリフェニルホスフィン,,,Triphenylphosphine,,,東京化成工業株式会社,,-,-,25,g,g,1,-,-,-,-,,,, 603-35-0,K0OKG,T0519,1900,,,,,,,,単位管理,Unit Management,－,－,-,-,,,-,-,,,,,,,,,,,,,,,,,
トリフェニルメチルアミン,FALSE,FALSE,FALSE,FALSE,FALSE,FALSE,FALSE,FALSE,FALSE,FALSE,FALSE,FALSE,TRUE,FALSE,FALSE,FALSE,東京化成工業株式会社,-, 5824-40-8,5,g,1,0,,,,,トリフェニルメチルアミン,,,Triphenylmethylamine,,,東京化成工業株式会社,,-,-,5,g,g,1,-,-,-,-,,,, 5824-40-8,K0MEG,T0517,4000,,,,,,,,単位管理,Unit Management,－,－,-,-,,,-,-,,,,,,,,,,,,,,,,,
トリブチルボラート,FALSE,TRUE,FALSE,FALSE,FALSE,FALSE,FALSE,FALSE,FALSE,FALSE,FALSE,FALSE,FALSE,FALSE,FALSE,FALSE,ACROS ORGANICS,-, 688-74-4,100,ml,1,0,,,,,トリブチルボラート,,,Tributyl borate (Tributoxyborane),,,ACROS ORGANICS,,-,-,100,ml,ml,0.853,冷暗貯蔵,,-,-,1,405,100, 688-74-4,177192A.,177191000,6500,(CH3CH2CH2CH2O)3B,-,-,,,230.15,bp 230-235°C(C)d 0.8530(C),単位管理,Unit Management,本,本,-,-,,,-,-,,,,,,,,,B1／C12／H27／O3,,,,,,,,
トリフルオロメタンスルホン酸銀,FALSE,FALSE,FALSE,FALSE,FALSE,FALSE,FALSE,FALSE,FALSE,TRUE,FALSE,FALSE,FALSE,FALSE,FALSE,FALSE,東京化成工業株式会社,-, 2923-28-6,1,g,1,0,,,,,トリフルオロメタンスルホン酸銀,,,Silver Trifluoromethanesulfonate,,,東京化成工業株式会社,,-,-,1,g,g,1,不活性ガス充填、冷所、密閉保管,,-,-,1,82,100, 2923-28-6,,T1331,2600,,-,-,固体、結晶～粉末,>98.0%(T),256.93,,単位管理,Unit Management,本,本,-,-,,,-,-,1,0,1,0,,,,,Ag1／C1／F3／O3／S1,,,,,,,,
トリフルオロ酢酸,FALSE,FALSE,FALSE,FALSE,TRUE,FALSE,FALSE,FALSE,FALSE,FALSE,FALSE,FALSE,FALSE,FALSE,FALSE,FALSE,東京化成工業株式会社,-, 76-05-1,25,g,2,0,,,,,トリフルオロ酢酸,,,Trifluoroacetic Acid,,,東京化成工業株式会社,,-,-,25,g,g,1.49,-,-,-,-,,,, 76-05-1,KX8KG,T0431,2100,,,,,,,,単位管理,Unit Management,－,－,-,-,,,-,-,,,,,,,,,,,,,,,,,
トリフルオロ酢酸-d (25g),FALSE,FALSE,FALSE,FALSE,FALSE,FALSE,FALSE,TRUE,FALSE,FALSE,FALSE,FALSE,FALSE,FALSE,FALSE,FALSE,"Cambridge Isotope Laboratories, Inc. (和光純薬取扱)",-, 599-00-8,25,g,1,0,,,,,トリフルオロ酢酸-d (25g),,,Trifluoroacetic Acid-d,,,"Cambridge Isotope Laboratories, Inc. (和光純薬取扱)",,-,-,25,g,g,1,室温,,-,-,,,, 599-00-8,,DLM-46-25,58200,CF3COOD,,,,,,,単位管理,Unit Management,－,－,-,-,,,-,-,,,,,,,,,,,,,,,,,
トリメシン酸,TRUE,FALSE,FALSE,FALSE,FALSE,FALSE,FALSE,FALSE,FALSE,FALSE,FALSE,FALSE,FALSE,FALSE,FALSE,FALSE,ナカライテスク（株）,ＥＰ, 554-95-0,25,g,1,0,,,,,トリメシン酸,,,Ｔｒｉｍｅｓｉｃ　Ａｃｉｄ,,,ナカライテスク（株）,,ＥＰ,,25,g,g,1,-,-,-,-,,,, 554-95-0,233JU,35038-92,5300,C6H3(COOH)3,-,-,,９８％（Ｔ）,210.14,,単位管理,Unit Management,本,本,-,-,,,-,-,,,,,,,,,,,,,,,,,
"トリメチルアミン (約13%テトラヒドロフラン溶液, 約2mol/L)",FALSE,FALSE,FALSE,FALSE,TRUE,FALSE,FALSE,FALSE,FALSE,FALSE,FALSE,FALSE,FALSE,FALSE,FALSE,FALSE,東京化成工業株式会社,-, 75-50-3,100,ml,1,0,,,,,"トリメチルアミン (約13%テトラヒドロフラン溶液, 約2mol/L)",,,"Trimethylamine(ca. 13% in Tetrahydrofuran, ca. 2mol/L)",,,東京化成工業株式会社,,-,-,100,ml,ml,1,冷蔵貯蔵,,-,-," 1
 1"," 674
 687","100.00
100.00", 75-50-3,V87SM,T2704,3300,,,,,,,,単位管理,Unit Management,－,－,-,-,,,-,-,,,,,,,,,,,,,,,,,
トリメトプリム,FALSE,TRUE,FALSE,FALSE,FALSE,FALSE,FALSE,FALSE,FALSE,FALSE,FALSE,FALSE,FALSE,FALSE,FALSE,FALSE,東京化成工業株式会社,-, 738-70-5,25,g,1,0,,,,,トリメトプリム,,,Trimethoprim,,,東京化成工業株式会社,,-,-,25,g,g,1,-,-,-,-,,,, 738-70-5,R1OKG,T2286,8200,,,,,,,,単位管理,Unit Management,－,－,-,-,,,-,-,,,,,,,,,,,,,,,,,
トリメリット酸,FALSE,TRUE,FALSE,FALSE,FALSE,FALSE,FALSE,FALSE,FALSE,FALSE,FALSE,FALSE,FALSE,FALSE,FALSE,FALSE,東京化成工業株式会社,-, 528-44-9,25,g,1,0,,,,,トリメリット酸,,,Trimellitic Acid,,,東京化成工業株式会社,,-,-,25,g,g,1,-,-,-,-,,,, 528-44-9,BDEKG,B0042,2600,,,,,,,,単位管理,Unit Management,－,－,-,-,,,-,-,,,,,,,,,,,,,,,,,
ﾄﾙｴﾝ-d8,FALSE,FALSE,FALSE,TRUE,FALSE,FALSE,FALSE,FALSE,FALSE,FALSE,FALSE,FALSE,FALSE,FALSE,FALSE,FALSE,Aldrich,-, 2037-26-5,10,g,1,0,,,,,ﾄﾙｴﾝ-d8,,,"Toluene-d8, 99 atom % D",,,Aldrich,,-,-,10,g,g,0.943,室温,,-,-,1,300,100, 2037-26-5,4.55E+12,151998,,,,,,,,,単位管理,Unit Management,－,－,-,-,,,-,-,,,,,,,,,,,,,,,,,
トルフェナム酸,FALSE,FALSE,FALSE,FALSE,FALSE,FALSE,FALSE,FALSE,TRUE,FALSE,FALSE,FALSE,FALSE,FALSE,FALSE,FALSE,東京化成工業株式会社,-, 13710-19-5,25,g,2,0,,,,,トルフェナム酸,,,Tolfenamic Acid,,,東京化成工業株式会社,,-,-,25,g,g,1,-,-,-,-,,,, 13710-19-5,SLSKG,C2064,10700,,,,,,,,単位管理,Unit Management,－,－,-,-,,,-,-,,,,,,,,,,,,,,,,,
トロキシピド,FALSE,TRUE,FALSE,FALSE,FALSE,FALSE,FALSE,FALSE,FALSE,FALSE,FALSE,FALSE,FALSE,FALSE,FALSE,FALSE,東京化成工業株式会社,-, 30751-05-4,1,g,0,1,,,,,トロキシピド,,,Troxipide,,,東京化成工業株式会社,,-,-,1,g,g,1,-,-,-,-,,,, 30751-05-4,YLRBG,T2909,20300,,,,,,,,単位管理,Unit Management,－,－,-,-,,,-,-,,,,,,,,,,,,,,,,,
ナトリウムエトキシド (25g),FALSE,TRUE,FALSE,FALSE,FALSE,FALSE,FALSE,FALSE,FALSE,FALSE,FALSE,FALSE,FALSE,FALSE,FALSE,FALSE,富士フイルム和光純薬(株),-, 141-52-6,25,g,1,0,,,,,ナトリウムエトキシド (25g),,,Sodium Ethoxide,,,富士フイルム和光純薬(株),,-,-,25,g,g,0.868,室温,,-,-,,,, 141-52-6,4.99E+12,193-05282,3150,C2H5ONa,,,,90+%(Titration),,mp. ＞300℃ ,単位管理,Unit Management,－,－,-,-,,,-,-,,,,,,,,,,,,,,,,,
ナトリウムメトキシド (25g),FALSE,TRUE,TRUE,FALSE,FALSE,FALSE,FALSE,FALSE,FALSE,FALSE,FALSE,FALSE,FALSE,FALSE,FALSE,FALSE,富士フイルム和光純薬(株),和光一級, 124-41-4,25,g,2,0,,,,,ナトリウムメトキシド (25g),,,Sodium Methoxide,,,富士フイルム和光純薬(株),,和光一級,,25,g,g,0.945,室温,,-,-,,,, 124-41-4,4.99E+12,195-10512,2650,CH3ONa,,,,95+%(Titration),,mp. 127℃ ,単位管理,Unit Management,－,－,-,-,,,-,-,,,,,,,,,,,,,,,,,
ナフタセン,FALSE,TRUE,FALSE,FALSE,FALSE,FALSE,FALSE,FALSE,FALSE,FALSE,FALSE,FALSE,FALSE,FALSE,FALSE,FALSE,東京化成工業株式会社,-, 92-24-0,100,mg,1,0,,,,,ナフタセン,,,Naphthacene,,,東京化成工業株式会社,,-,-,100,mg,mg,1,-,-,-,-,,,, 92-24-0,HWISD,N0001,4000,,,,,,,,単位管理,Unit Management,－,－,-,-,,,-,-,,,,,,,,,,,,,,,,,
ナフタレン,FALSE,TRUE,FALSE,FALSE,FALSE,FALSE,FALSE,FALSE,FALSE,FALSE,FALSE,FALSE,FALSE,FALSE,FALSE,FALSE,東京化成工業株式会社,-, 91-20-3,25,g,1,0,,,,,ナフタレン,,,Naphthalene,,,東京化成工業株式会社,,-,-,25,g,g,1,-,-,-,-,1,302,100, 91-20-3,WPDKG,N0885,2100,,,,,,,,単位管理,Unit Management,－,－,-,-,,,-,-,,,,,,,,,,,,,,,,,
ニオキシム,FALSE,FALSE,FALSE,FALSE,FALSE,FALSE,TRUE,FALSE,FALSE,FALSE,FALSE,FALSE,FALSE,FALSE,FALSE,FALSE,東京化成工業株式会社,-, 492-99-9,25,g,1,0,,,,,ニオキシム,,,Nioxime,,,東京化成工業株式会社,,-,-,25,g,g,1,-,-,-,-,,,, 492-99-9,CWJKG,C0483,42000,,,,,,,,単位管理,Unit Management,－,－,-,-,,,-,-,,,,,,,,,,,,,,,,,
ニコチンアミド,FALSE,FALSE,FALSE,FALSE,FALSE,FALSE,FALSE,FALSE,FALSE,FALSE,FALSE,FALSE,TRUE,FALSE,FALSE,FALSE,東京化成工業株式会社,-, 98-92-0,25,g,1,0,,,,,ニコチンアミド,,,Nicotinamide,,,東京化成工業株式会社,,-,-,25,g,g,1,-,-,-,-,,,, 98-92-0,HYNKG,N0078,2100,,,,,,,,単位管理,Unit Management,－,－,-,-,,,-,-,,,,,,,,,,,,,,,,,
ニコチンアミド (25g),FALSE,FALSE,FALSE,FALSE,FALSE,TRUE,FALSE,FALSE,FALSE,FALSE,FALSE,FALSE,TRUE,FALSE,FALSE,FALSE,富士フイルム和光純薬(株),和光特級, 98-92-0,25,g,1,0,,,,,ニコチンアミド (25g),,,Nicotinamide,,,富士フイルム和光純薬(株),,和光特級,,25,g,g,1,室温,,-,-,,,, 98-92-0,4.99E+12,141-01202,2050,C6H6N2O,,,,98+%(Titration),,mp. 129～131℃ ,単位管理,Unit Management,－,－,-,-,,,-,-,,,,,,,,,,,,,,,,,
ニコチン酸,TRUE,FALSE,FALSE,FALSE,FALSE,FALSE,FALSE,FALSE,FALSE,FALSE,FALSE,FALSE,FALSE,FALSE,FALSE,FALSE,東京化成工業株式会社,-, 59-67-6,25,g,1,0,,,,,ニコチン酸,,,Nicotinic Acid,,,東京化成工業株式会社,,-,-,25,g,g,1,-,-,-,-,,,, 59-67-6,HYRKG,N0082,2100,,,,,,,,単位管理,Unit Management,－,－,-,-,,,-,-,,,,,,,,,,,,,,,,,
ニコチン酸,TRUE,TRUE,FALSE,FALSE,FALSE,FALSE,FALSE,FALSE,FALSE,FALSE,FALSE,FALSE,FALSE,FALSE,FALSE,FALSE,ナカライテスク（株）,GR, 59-67-6,25,g,2,0,,,,,ニコチン酸,,,Nicotinic Acid,,,ナカライテスク（株）,,GR,,25,g,g,1,-,-,-,-,,,, 59-67-6,1G50A,24326-52,1950,C5H4NCOOH,,,,≧98.0%(T),123.11,mp. 236℃ ,単位管理,Unit Management,－,－,-,-,,,-,-,,,,,,,,,,,,,,,,,
"ニコチン酸フェニル, 99% (5G)",FALSE,TRUE,FALSE,FALSE,FALSE,FALSE,FALSE,FALSE,FALSE,FALSE,FALSE,FALSE,FALSE,FALSE,FALSE,FALSE,Avocado Research Chemicals Ltd. (和光純薬取扱),-, 3468-53-9,5,g,1,0,,,,,"ニコチン酸フェニル, 99% (5G)",,,"Phenyl nicotinate, 99%",,,Avocado Research Chemicals Ltd. (和光純薬取扱),,-,-,5,g,g,1,-,-,-,-,,,, 3468-53-9,,B22219,3000,,-,-,,,,,単位管理,Unit Management,本,本,-,-,,,-,-,,,,,,,,,,,,,,,,,
ニトログアニジン (約25%水湿潤品),FALSE,FALSE,FALSE,FALSE,TRUE,FALSE,FALSE,FALSE,FALSE,FALSE,FALSE,FALSE,FALSE,FALSE,FALSE,FALSE,東京化成工業株式会社,-, 556-88-7,25,g,1,0,,,,,ニトログアニジン (約25%水湿潤品),,,Nitroguanidine(wetted with ca. 25% Water) (unit weight on dry weight basis),,,東京化成工業株式会社,,-,-,25,g,g,1,-,-,-,-,,,, 556-88-7,H17KG,N0206,1900,,,,,,,,単位管理,Unit Management,－,－,-,-,,,-,-,,,,,,,,,,,,,,,,,
ニトロソベンゼン,FALSE,FALSE,FALSE,TRUE,FALSE,FALSE,FALSE,FALSE,FALSE,FALSE,FALSE,FALSE,FALSE,FALSE,FALSE,FALSE,東京化成工業株式会社,-, 586-96-9,25,g,1,0,,,,,ニトロソベンゼン,,,Nitrosobenzene,,,東京化成工業株式会社,,-,-,25,g,g,1,冷蔵貯蔵,,-,-,,,, 586-96-9,H6OKG,N0367,24700,,,,,,,,単位管理,Unit Management,－,－,-,-,,,-,-,,,,,,,,,,,,,,,,,
ニトロソベンゼン 合成用,FALSE,FALSE,FALSE,FALSE,TRUE,FALSE,FALSE,FALSE,FALSE,FALSE,FALSE,FALSE,FALSE,FALSE,FALSE,FALSE,Merck,, 586-96-9,10,g,1,0,,,,,ニトロソベンゼン 合成用,,,Nitrosobenzene for synthesis,NITROSOBENZENE FOR SYNTHESIS,,Merck,,,,10,g,g,1,冷蔵貯蔵,,-,-,,,, 586-96-9,,820906,16600,,,,,,,,単位管理,Unit Management,－,－,-,-,,,-,-,,,,,,,,,,,,,,,,,
ﾆﾄﾛﾍﾞﾝｾﾞﾝ,FALSE,FALSE,FALSE,FALSE,FALSE,FALSE,FALSE,FALSE,FALSE,FALSE,TRUE,FALSE,FALSE,FALSE,FALSE,FALSE,関東化学株式会社,特級, 98-95-3,500,ml,1,0,,,,,ﾆﾄﾛﾍﾞﾝｾﾞﾝ,,,Nitrobenzene,,,関東化学株式会社,"Kanto Chemical Co., Inc.",特級,,500,ml,ml,1.205,-,-,-,-,1,316,100, 98-95-3,2819600Q,28196-00,2300,C6H5NO2,ガラスビン,,"僅かに薄黄～薄黄,透明,液体",>99.5%(GC),123.1092,bp.210℃～211℃ mp.6℃ d(15/4℃) 1.205 Fp.87.8℃,単位管理,Unit Management,－,－,-,-,,,-,-,,,,,,,,,C6／H5／N1／O2,,,,,,,,
ニトロメタン,FALSE,FALSE,FALSE,FALSE,FALSE,FALSE,FALSE,FALSE,FALSE,FALSE,TRUE,FALSE,FALSE,FALSE,FALSE,FALSE,東京化成工業株式会社,-, 75-52-5,25,g,1,0,,,,,ニトロメタン,,,Nitromethane,,,東京化成工業株式会社,,-,-,25,g,g,1.14,-,-,-,-,1,317,100, 75-52-5,H2AKG,N0209,2600,,,,,,,,単位管理,Unit Management,－,－,-,-,,,-,-,,,,,,,,,,,,,,,,,
ニトロメタン,FALSE,FALSE,FALSE,FALSE,FALSE,FALSE,TRUE,FALSE,FALSE,FALSE,FALSE,FALSE,FALSE,FALSE,FALSE,FALSE,ナカライテスク（株）,GR, 75-52-5,25,ml,1,0,,,,,ニトロメタン,,,Nitromethane,,,ナカライテスク（株）,,GR,,25,ml,ml,1.14,-,-,-,-,1,317,100, 75-52-5,1HDZQ,2490922,3100,CH3NO2,,,,≧98.0%(GC),61.04,mp. -29℃ bp. 101℃,単位管理,Unit Management,－,－,-,-,,,-,-,,,,,,,,,,,,,,,,,
ニフルム酸,FALSE,FALSE,FALSE,FALSE,FALSE,FALSE,FALSE,FALSE,FALSE,FALSE,FALSE,FALSE,TRUE,FALSE,FALSE,FALSE,東京化成工業株式会社,-, 4394-00-7,25,g,2,0,,,,,ニフルム酸,,,Niflumic Acid,,,東京化成工業株式会社,,-,-,25,g,g,1,-,-,-,-,,,, 4394-00-7,SLWKG,T2353,18500,,,,,,,,単位管理,Unit Management,－,－,-,-,,,-,-,,,,,,,,,,,,,,,,,
ニモジピン,FALSE,TRUE,FALSE,FALSE,FALSE,FALSE,FALSE,FALSE,FALSE,FALSE,FALSE,FALSE,FALSE,FALSE,FALSE,FALSE,東京化成工業株式会社,-, 66085-59-4,1,g,1,0,,,,,ニモジピン,,,Nimodipine,,,東京化成工業株式会社,,-,-,1,g,g,1,-,-,-,-,,,, 66085-59-4,XH8BG,N0896,11300,,,,,,,,単位管理,Unit Management,－,－,-,-,,,-,-,,,,,,,,,,,,,,,,,
ネオクプロイン0.5水和物,FALSE,TRUE,FALSE,FALSE,FALSE,FALSE,FALSE,FALSE,FALSE,FALSE,FALSE,FALSE,FALSE,FALSE,FALSE,FALSE,東京化成工業株式会社,-, 34302-69-7,1,g,1,0,,,,,ネオクプロイン0.5水和物,,,NeocuproineHemihydrate,,,東京化成工業株式会社,,-,-,1,g,g,1,-,-,-,-,,,, 34302-69-7,D4OBG,D0771,2600,,,,,,,,単位管理,Unit Management,－,－,-,-,,,-,-,,,,,,,,,,,,,,,,,
ネオタム,FALSE,TRUE,FALSE,FALSE,FALSE,FALSE,FALSE,FALSE,FALSE,FALSE,FALSE,FALSE,FALSE,FALSE,FALSE,FALSE,USP,-, 165450-17-9,200,mg,1,0,,,,,ネオタム,,,Neotame,,,USP,,-,-,200,mg,mg,1,-,-,-,-,,,, 165450-17-9,24G5W,1460204,59100,C20H30N2O5･H2O,-,-,,,396.48,,単位管理,Unit Management,本,本,-,-,,,-,-,,,,,,,,,,,,,,,,,
"ネロリドール (cis-, trans-混合物)",FALSE,FALSE,FALSE,FALSE,FALSE,FALSE,FALSE,FALSE,FALSE,FALSE,TRUE,FALSE,FALSE,FALSE,FALSE,FALSE,東京化成工業株式会社,-, 7212-44-4,25,ml,1,0,,,,,"ネロリドール (cis-, trans-混合物)",,,Nerolidol(cis- and trans- mixture),,,東京化成工業株式会社,,-,-,25,ml,ml,0.88,-,-,-,-,,,, 7212-44-4,H83KM,N0454,5600,,,,,,,,単位管理,Unit Management,－,－,-,-,,,-,-,,,,,,,,,,,,,,,,,
ノナナール,FALSE,FALSE,FALSE,FALSE,FALSE,FALSE,FALSE,FALSE,FALSE,FALSE,TRUE,FALSE,FALSE,FALSE,FALSE,FALSE,東京化成工業株式会社,-, 124-19-6,25,ml,1,0,,,,,ノナナール,,,Nonanal,,,東京化成工業株式会社,,-,-,25,ml,ml,0.83,-,-,-,-,,,, 124-19-6,H4PKM,N0296,2300,,,,,,,,単位管理,Unit Management,－,－,-,-,,,-,-,,,,,,,,,,,,,,,,,
ノルフロキサシン,FALSE,FALSE,FALSE,FALSE,FALSE,FALSE,FALSE,FALSE,TRUE,FALSE,FALSE,FALSE,FALSE,FALSE,FALSE,FALSE,東京化成工業株式会社,-, 70458-96-7,5,g,2,0,,,,,ノルフロキサシン,,,Norfloxacin,,,東京化成工業株式会社,,-,-,5,g,g,1,-,-,-,-,,,, 70458-96-7,TY8EG,N0817,5500,,,,,,,,単位管理,Unit Management,－,－,-,-,,,-,-,,,,,,,,,,,,,,,,,
バクロフェン,TRUE,FALSE,FALSE,FALSE,FALSE,FALSE,FALSE,FALSE,FALSE,FALSE,FALSE,FALSE,FALSE,FALSE,FALSE,FALSE,東京化成工業株式会社,-, 1134-47-0,5,g,2,0,,,,,バクロフェン,,,Baclofen,,,東京化成工業株式会社,,-,-,5,g,g,1,-,-,-,-,,,, 1134-47-0,U0MEG,B3343,12400,,,,,,,,単位管理,Unit Management,－,－,-,-,,,-,-,,,,,,,,,,,,,,,,,
ﾊﾞﾆﾘﾝ,FALSE,FALSE,FALSE,FALSE,FALSE,FALSE,FALSE,FALSE,FALSE,TRUE,FALSE,FALSE,FALSE,FALSE,FALSE,FALSE,関東化学株式会社,鹿特級, 121-33-5,25,g,1,0,,,,,ﾊﾞﾆﾘﾝ,4-ﾋﾄﾞﾛｷｼ-3-ﾒﾄｷｼﾍﾞﾝｽﾞｱﾙﾃﾞﾋﾄﾞ,ﾊﾞﾆﾘﾝｱﾙﾃﾞﾋﾄﾞ,Vanillin,4-Hydroxy-3-methoxybenzaldehyde,Vanillic aldehyde,関東化学株式会社,"Kanto Chemical Co., Inc.",鹿特級,,25,g,g,1,-,-,-,-,,,, 121-33-5,4402030D,44020-30,2300,HOC6H3(OCH3)CHO,ガラスビン,,,>98.0%(T),152.1468,bp.284℃ mp.83℃～84℃,単位管理,Unit Management,－,－,-,-,,,-,-,,,,,,,121335.jpg,,C8／H8／O3,,,,,,,,
パモ酸,FALSE,FALSE,FALSE,FALSE,FALSE,FALSE,FALSE,FALSE,FALSE,FALSE,FALSE,FALSE,TRUE,FALSE,FALSE,FALSE,東京化成工業株式会社,-,130-85-8,25,g,1,0,,,,,パモ酸,,,Pamoic Acid,,,東京化成工業株式会社,,-,-,25,g,g,1,-,-,-,-,,,, 130-85-8,I3JKG,P0761,2800,,,,,,,,単位管理,Unit Management,－,－,-,-,,,-,-,,,,,,,,,,,,,,,,,
パラジウム / 炭素 (Pd 5%) (約55%水湿潤品),FALSE,FALSE,FALSE,FALSE,TRUE,FALSE,FALSE,FALSE,FALSE,FALSE,FALSE,FALSE,FALSE,FALSE,FALSE,FALSE,東京化成工業株式会社,-, 7440-05-3,5,g,1,0,,,,,パラジウム / 炭素 (Pd 5%) (約55%水湿潤品),,,Palladium5% on Carbon (wetted with ca. 55% Water),,,東京化成工業株式会社,,-,-,5,g,g,1,-,-,-,-,,,, 7440-05-3,QCYEG,P1490,4900,,,,,,,,単位管理,Unit Management,－,－,-,-,,,-,-,,,,,,,,,,,,,,,,,
パラジウム炭素,FALSE,FALSE,FALSE,FALSE,FALSE,TRUE,FALSE,FALSE,FALSE,FALSE,FALSE,FALSE,FALSE,FALSE,FALSE,FALSE,ナカライテスク（株）,ＥＰ,,5,g,1,0,,,,,パラジウム炭素,,,Palladium Carbon,,,ナカライテスク（株）,,ＥＰ,,5,g,g,1,-,-,-,-,,,,,1JJ8C,2591094,,,-,-,,,,,単位管理,Unit Management,本,本,-,-,,,-,-,,,,,,,,,,,,,,,,,
パラトン-N,FALSE,FALSE,FALSE,FALSE,FALSE,FALSE,FALSE,FALSE,FALSE,FALSE,TRUE,FALSE,FALSE,FALSE,FALSE,FALSE,Hampton Research,-, 64742-65-0,100,ml,1,0,,,,,パラトン-N,,,Paratone-N,"Distillates (petroleum), solvent-dewaxed heavy paraffinic",,Hampton Research,,-,-,100,ml,ml,0.877,室温,,-,-,,,, 64742-65-0,,HR2-643,,,ガラスビン,,,,,,単位管理,Unit Management,－,－,-,-,,,-,-,,,,,,,,,,,,,,,,,
パラホルムアルデヒド,FALSE,FALSE,FALSE,FALSE,FALSE,TRUE,FALSE,FALSE,FALSE,FALSE,FALSE,FALSE,FALSE,FALSE,FALSE,FALSE,東京化成工業株式会社,-, 30525-89-4,25,g,1,0,,,,,パラホルムアルデヒド,,,Paraformaldehyde,,,東京化成工業株式会社,,-,-,25,g,g,1,-,-,-,-,1,699,100, 30525-89-4,IIWKG,P0018,1900,,,,,,,,単位管理,Unit Management,－,－,-,-,,,-,-,,,,,,,,,,,,,,,,,
パラローズアニリン,FALSE,TRUE,FALSE,FALSE,FALSE,FALSE,FALSE,FALSE,FALSE,FALSE,FALSE,FALSE,FALSE,FALSE,FALSE,FALSE,東京化成工業株式会社,-, 467-62-9,25,g,1,0,,,,,パラローズアニリン,,,Pararosaniline,,,東京化成工業株式会社,,-,-,25,g,g,1,-,-,-,-,,,, 467-62-9,IIZKG,P0021,13200,,,,,,,,単位管理,Unit Management,－,－,-,-,,,-,-,,,,,,,,,,,,,,,,,
バルサラジド二ナトリウム二水和物,TRUE,FALSE,FALSE,FALSE,FALSE,FALSE,FALSE,FALSE,FALSE,FALSE,FALSE,FALSE,FALSE,FALSE,FALSE,FALSE,東京化成工業株式会社,-, 150399-21-6,1,g,1,0,,,,,バルサラジド二ナトリウム二水和物,,,Balsalazide Disodium SaltDihydrate,,,東京化成工業株式会社,,-,-,1,g,g,1,-,-,-,-,,,, 150399-21-6,ZCCBG,B4121,7300,,,,,,,,単位管理,Unit Management,－,－,-,-,,,-,-,,,,,,,,,,,,,,,,,
バルビツル酸,FALSE,TRUE,FALSE,FALSE,FALSE,FALSE,FALSE,FALSE,FALSE,FALSE,FALSE,FALSE,FALSE,FALSE,FALSE,FALSE,東京化成工業株式会社,-, 67-52-7,25,g,1,0,,,,,バルビツル酸,,,Barbituric Acid,,,東京化成工業株式会社,,-,-,25,g,g,1,-,-,-,-,,,, 67-52-7,BCBKG,B0003,2100,,,,,,,,単位管理,Unit Management,－,－,-,-,,,-,-,,,,,,,,,,,,,,,,,
バルプロ酸 (25g),FALSE,FALSE,FALSE,FALSE,FALSE,FALSE,FALSE,TRUE,FALSE,FALSE,FALSE,FALSE,FALSE,FALSE,FALSE,FALSE,富士フイルム和光純薬(株),生化学用, 99-66-1,25,g,1,0,,,,,バルプロ酸 (25g),,,Valproic Acid,,,富士フイルム和光純薬(株),,生化学用,,25,g,g,0.906,室温,,-,-,,,, 99-66-1,4.99E+12,225-01072,15700,C8H16O2,,,,98+%(Capillary GC),,bp. 約 220℃,単位管理,Unit Management,－,－,-,-,,,-,-,,,,,,,,,,,,,,,,,
バルプロ酸 (5g),FALSE,TRUE,FALSE,FALSE,FALSE,FALSE,FALSE,FALSE,FALSE,FALSE,FALSE,FALSE,FALSE,FALSE,FALSE,FALSE,富士フイルム和光純薬(株),生化学用, 99-66-1,5,g,1,0,,,,,バルプロ酸 (5g),,,Valproic Acid,,,富士フイルム和光純薬(株),,生化学用,,5,g,g,0.906,室温,,-,-,,,, 99-66-1,4.99E+12,227-01071,4600,C8H16O2,,,,98+%(Capillary GC),,bp. 約 220℃,単位管理,Unit Management,－,－,-,-,,,-,-,,,,,,,,,,,,,,,,,
バルプロ酸ナトリウム,FALSE,TRUE,FALSE,FALSE,FALSE,FALSE,FALSE,FALSE,FALSE,FALSE,FALSE,FALSE,TRUE,FALSE,FALSE,FALSE,東京化成工業株式会社,-, 1069-66-5,25,g,2,0,,,,,バルプロ酸ナトリウム,,,Sodium Valproate,,,東京化成工業株式会社,,-,-,25,g,g,1,-,-,-,-,,,, 1069-66-5,YQLKG,S0894,8300,,,,,,,,単位管理,Unit Management,－,－,-,-,,,-,-,,,,,,,,,,,,,,,,,
ハロペリドール (25g),FALSE,FALSE,FALSE,FALSE,FALSE,FALSE,FALSE,TRUE,FALSE,FALSE,FALSE,FALSE,FALSE,FALSE,FALSE,FALSE,富士フイルム和光純薬(株),和光特級, 52-86-8,25,g,1,0,,,,,ハロペリドール (25g),,,Haloperidol,,,富士フイルム和光純薬(株),,和光特級,,25,g,g,1,室温,,-,-,,,, 52-86-8,4.99E+12,082-04262,16500,C21H23ClFNO2,,,,98+%(Titration),,mp. 149～153℃ ,単位管理,Unit Management,－,－,-,-,,,-,-,,,,,,,,,,,,,,,,,
パントプラゾール ナトリウム (1g),FALSE,TRUE,FALSE,FALSE,FALSE,FALSE,FALSE,FALSE,FALSE,FALSE,FALSE,FALSE,FALSE,FALSE,FALSE,FALSE,"LKT Labs, Inc (和光純薬取扱)",-, 138786-67-1,1,g,2,0,,,,,パントプラゾール ナトリウム (1g),,,Pantoprazole Sodium,,,"LKT Labs, Inc (和光純薬取扱)",,-,-,1,g,g,1,室温,,-,-,,,, 138786-67-1,,P0256,17200,C16H14F2N3NaO4S・1.5H2O,,,,,,,単位管理,Unit Management,－,－,-,-,,,-,-,,,,,,,,,,,,,,,,,
ﾋﾟｸﾘﾝ酸ﾅﾄﾘｳﾑ一水和物,FALSE,FALSE,FALSE,FALSE,TRUE,FALSE,FALSE,FALSE,FALSE,FALSE,FALSE,FALSE,FALSE,FALSE,FALSE,FALSE,関東化学株式会社,鹿1級, 3324-58-1,25,g,1,0,,,,,ﾋﾟｸﾘﾝ酸ﾅﾄﾘｳﾑ一水和物,"2,4,6-ﾄﾘﾆﾄﾛﾌｪﾉｰﾙﾅﾄﾘｳﾑ一水和物",,Sodium picrate monohydrate,"Sodium 2,4,6-trinitrophenolate monohydrate",,関東化学株式会社,"Kanto Chemical Co., Inc.",鹿1級,,25,g,g,1,-,-,-,-,,,, 3324-58-1,3724931T,37249-31,3500,C6H2(NO2)3ONa･H2O,ガラスビン,,,>95.0%(T),269.1011,,単位管理,Unit Management,－,－,-,-,,,-,-,,,,,,,,,C6／H2／N3／NA1／O7,,,,,,,,
ﾋﾟｺﾘﾝ酸,FALSE,TRUE,FALSE,FALSE,FALSE,FALSE,FALSE,FALSE,FALSE,FALSE,FALSE,FALSE,TRUE,FALSE,FALSE,FALSE,関東化学株式会社,鹿特級, 98-98-6,25,g,2,0,,,,,ﾋﾟｺﾘﾝ酸,2-ﾋﾟﾘｼﾞﾝｶﾙﾎﾞﾝ酸,,Picolinic acid,2-Pyridinecarboxylic acid,,関東化学株式会社,"Kanto Chemical Co., Inc.",鹿特級,,25,g,g,1,-,-,-,-,,,, 98-98-6,3222530H,32225-30,2900,C5H4N(COOH),ガラスビン,,,>98.0%(T),123.1092,mp.136.5℃～138℃,単位管理,Unit Management,－,－,-,-,,,-,-,,,,,,,,,C6／H5／N1／O2,,,,,,,,
ビス(4-ヒドロキシフェニル)ジフェニルメタン (5g),TRUE,FALSE,FALSE,FALSE,FALSE,FALSE,FALSE,FALSE,FALSE,FALSE,FALSE,FALSE,FALSE,FALSE,FALSE,FALSE,富士フイルムワコーケミカル(株) (和光純薬取扱),-, 1844-01-5,5,g,1,0,,,,,ビス(4-ヒドロキシフェニル)ジフェニルメタン (5g),,,Bis(4-hydroxyphenyl)diphenylmethane,,,富士フイルムワコーケミカル(株) (和光純薬取扱),,-,-,5,g,g,1,室温,,-,-,,,, 1844-01-5,4.99E+12,328-39541,5170,C25H20O2,,,,96+%(HPLC),,mp. >300℃ ,単位管理,Unit Management,－,－,-,-,,,-,-,,,,,,,,,,,,,,,,,
ビス(4-ヒドロキシフェニル)フェニルメタン (25g),TRUE,FALSE,FALSE,FALSE,FALSE,FALSE,FALSE,FALSE,FALSE,FALSE,FALSE,FALSE,FALSE,FALSE,FALSE,FALSE,富士フイルムワコーケミカル(株) (和光純薬取扱),-, 4081-02-1,25,g,1,0,,,,,ビス(4-ヒドロキシフェニル)フェニルメタン (25g),,,Bis(4-hydroxyphenyl)phenylmethane,,,富士フイルムワコーケミカル(株) (和光純薬取扱),,-,-,25,g,g,1,室温,,-,-,,,, 4081-02-1,4.99E+12,350-13962,7700,C19H16O2,,,,95+%(NMR),,mp. 160-170℃ ,単位管理,Unit Management,－,－,-,-,,,-,-,,,,,,,,,,,,,,,,,
ビス(ジフェニルホスフィノ)メタン (10g),FALSE,FALSE,FALSE,FALSE,FALSE,FALSE,FALSE,TRUE,FALSE,FALSE,FALSE,FALSE,FALSE,FALSE,FALSE,FALSE,和光純薬工業(株),和光一級, 2071-20-7,10,g,0,1,,,,,ビス(ジフェニルホスフィノ)メタン (10g),,,Bis(diphenylphosphino)methane,,,和光純薬工業(株),,和光一級,,10,g,g,1,室温,,-,-,,,, 2071-20-7,4.99E+12,022-12571,12000,[(C6H5)2P]2CH2,-,-,白色の結晶性粉末～小塊,95+%(HPLC),384.4,,単位管理,Unit Management,本,本,-,-,,,-,-,,,,,,,,,,,,,,,,,
ビス(ピナコラト)ジボロン,FALSE,FALSE,FALSE,FALSE,FALSE,FALSE,FALSE,TRUE,FALSE,FALSE,FALSE,FALSE,FALSE,FALSE,FALSE,FALSE,ナカライテスク（株）,ＥＰ, 73183-34-3,5,g,1,0,,,,,ビス(ピナコラト)ジボロン,,,Bis(pinacolato)diboron,,,ナカライテスク（株）,,ＥＰ,,5,g,g,1,-,-,,,1,405,100, 73183-34-3,0QBJ8,1228054,16000,C12H24B2O4,,,,≧97.0%(GC),253.94,,単位管理,Unit Management,－,－,-,-,,,-,-,,,,,,,,,,,,,,,,,
ビスデメトキシクルクミン,TRUE,FALSE,FALSE,FALSE,FALSE,FALSE,FALSE,FALSE,FALSE,FALSE,FALSE,FALSE,FALSE,FALSE,FALSE,FALSE,東京化成工業株式会社,-, 24939-16-0,25,g,1,0,,,,,ビスデメトキシクルクミン,,,Bisdemethoxycurcumin,,,東京化成工業株式会社,,-,-,25,g,g,1,-,-,-,-,,,, 24939-16-0,U0UKG,B3347,23900,,,,,,,,単位管理,Unit Management,－,－,-,-,,,-,-,,,,,,,,,,,,,,,,,
ビタミン U,FALSE,TRUE,FALSE,FALSE,FALSE,FALSE,FALSE,FALSE,FALSE,FALSE,FALSE,FALSE,FALSE,FALSE,FALSE,FALSE,ナカライテスク（株）,GR, 3493-12-7,5,g,1,0,,,,,ビタミン U,,,Vitamin U,,,ナカライテスク（株）,,GR,,5,g,g,1,-,-,-,-,,,, 3493-12-7,2619G,3640854,2700,C6H14ClNO2S,,,,≧98.0%(T),199.7,mp. 137～138℃(分解) ,単位管理,Unit Management,－,－,-,-,,,-,-,,,,,,,,,,,,,,,,,
ヒドラジン一水和物,FALSE,FALSE,FALSE,FALSE,FALSE,FALSE,FALSE,FALSE,FALSE,FALSE,TRUE,FALSE,FALSE,FALSE,FALSE,FALSE,東京化成工業株式会社,-, 7803-57-8,25,ml,1,0,,,,,ヒドラジン一水和物,,,HydrazineMonohydrate,,,東京化成工業株式会社,,-,-,25,ml,ml,1.03,-,-,-,-,1,333,100, 7803-57-8,F4CKM,H0172,2100,,,,,,,,単位管理,Unit Management,－,－,-,-,,,-,-,,,,,,,,,,,,,,,,,
ﾋﾄﾞﾛｷﾉﾝ,TRUE,FALSE,FALSE,FALSE,FALSE,FALSE,FALSE,FALSE,FALSE,FALSE,FALSE,FALSE,TRUE,FALSE,FALSE,FALSE,関東化学株式会社,鹿1級, 123-31-9,25,g,1,0,,,,,ﾋﾄﾞﾛｷﾉﾝ,"1,4-ﾍﾞﾝｾﾞﾝｼﾞｵｰﾙ","1,4-ｼﾞﾋﾄﾞﾛｷｼﾍﾞﾝｾﾞﾝ",Hydroquinone,"1,4-Benzenediol","1,4-Dihydroxybenzene",関東化学株式会社,"Kanto Chemical Co., Inc.",鹿1級,,25,g,g,1,-,-,-,-,1,336,100, 123-31-9,1808731S,18087-31,1700,C6H4(OH)2,-,-,"白～僅かに灰白,結晶",>99.0%(T),110.1103,bp.285℃ mp.170℃ Fp.165℃,単位管理,Unit Management,－,－,-,-,,,-,-,,,,,,,123319.jpg,,C6／H6／O2,,,,,,,,
ヒドロキノン,TRUE,FALSE,FALSE,FALSE,FALSE,FALSE,FALSE,FALSE,FALSE,FALSE,FALSE,FALSE,FALSE,FALSE,FALSE,FALSE,東京化成工業株式会社,-, 123-31-9,25,g,1,0,,,,,ヒドロキノン,,,Hydroquinone,,,東京化成工業株式会社,,-,-,25,g,g,1,-,-,-,-,1,336,100, 123-31-9,F4QKG,H0186,1900,,,,,,,,単位管理,Unit Management,－,－,-,-,,,-,-,,,,,,,,,,,,,,,,,
ヒドロクロロチアジド (5g),TRUE,FALSE,FALSE,FALSE,FALSE,FALSE,FALSE,FALSE,FALSE,FALSE,FALSE,FALSE,TRUE,FALSE,FALSE,FALSE,富士フイルム和光純薬(株),和光特級, 58-93-5,5,g,1,0,,,,,ヒドロクロロチアジド (5g),,,Hydrochlorothiazide,,,富士フイルム和光純薬(株),,和光特級,,5,g,g,1,室温,,-,-,,,, 58-93-5,4.99E+12,086-07901,6100,C7H8ClN3O4S2,,,,98+%(HPLC),,mp. 約 267℃(dec.) ,単位管理,Unit Management,－,－,-,-,,,-,-,,,,,,,,,,,,,,,,,
ビフェニル,TRUE,FALSE,FALSE,FALSE,FALSE,FALSE,FALSE,FALSE,FALSE,FALSE,FALSE,FALSE,FALSE,FALSE,FALSE,FALSE,東京化成工業株式会社,-, 92-52-4,25,g,2,0,,,,,ビフェニル,,,Biphenyl,,,東京化成工業株式会社,,-,-,25,g,g,1,-,-,-,-,1,340,100, 92-52-4,BO4KG,B0465,2100,,,,,,,,単位管理,Unit Management,－,－,-,-,,,-,-,,,,,,,,,,,,,,,,,
ビフェニル (25g),TRUE,FALSE,FALSE,FALSE,FALSE,FALSE,FALSE,FALSE,FALSE,FALSE,FALSE,FALSE,FALSE,FALSE,FALSE,FALSE,富士フイルム和光純薬(株),和光特級, 92-52-4,25,g,1,0,,,,,ビフェニル (25g),,,Biphenyl,,,富士フイルム和光純薬(株),,和光特級,,25,g,g,0.992,室温,,-,-,1,340,100, 92-52-4,4.99E+12,040-18412,1870,C6H5C6H5,,,,98+%(Capillary GC),,mp. 68～72℃ bp. 70～78℃  (0.2mmHg),単位管理,Unit Management,－,－,-,-,,,-,-,,,,,,,,,,,,,,,,,
ピペミド酸三水和物,FALSE,FALSE,FALSE,FALSE,FALSE,FALSE,FALSE,FALSE,FALSE,FALSE,FALSE,FALSE,TRUE,FALSE,FALSE,FALSE,東京化成工業株式会社,-, 72571-82-5,25,g,1,0,,,,,ピペミド酸三水和物,,,Pipemidic Acid Trihydrate,,,東京化成工業株式会社,,-,-,25,g,g,1,-,-,-,-,,,, 72571-82-5,T7YKG,P1773,10400,,-,-,,,,,単位管理,Unit Management,本,本,-,-,,,-,-,,,,,,,,,,,,,,,,,
ピペラジン(無水),FALSE,TRUE,FALSE,FALSE,FALSE,FALSE,FALSE,FALSE,FALSE,FALSE,FALSE,FALSE,FALSE,FALSE,FALSE,FALSE,ナカライテスク（株）,GR, 110-85-0,25,g,0,1,,,,,ピペラジン(無水),,,"Piperazine, Anhydrous",,,ナカライテスク（株）,,GR,,25,g,g,1,-,-,-,-,1,341,100, 110-85-0,1O2FA,28025-72,2400,NH(C2H4)2NH,,,,≧98.0%(T),86.14,mp. 112℃ bp. 145℃,単位管理,Unit Management,－,－,-,-,,,-,-,,,,,,,,,,,,,,,,,
ピペリジン,FALSE,FALSE,FALSE,FALSE,FALSE,FALSE,FALSE,TRUE,FALSE,FALSE,FALSE,FALSE,FALSE,FALSE,FALSE,FALSE,ナカライテスク（株）,GR, 110-89-4,25,ml,1,0,,,,,ピペリジン,,,Piperidine,,,ナカライテスク（株）,,GR,,25,ml,ml,0.86,-,-,-,-,,,, 110-89-4,1O2NM,28028-42,1400,C5H11N,,,,≧99.0%(GC),85.15,mp. -9℃ bp. 106℃,単位管理,Unit Management,－,－,-,-,,,-,-,,,,,,,,,,,,,,,,,
ピペリン,FALSE,FALSE,FALSE,FALSE,FALSE,FALSE,FALSE,FALSE,FALSE,FALSE,FALSE,FALSE,TRUE,FALSE,FALSE,FALSE,東京化成工業株式会社,-, 94-62-2,5,g,1,0,,,,,ピペリン,,,Piperine,,,東京化成工業株式会社,,-,-,5,g,g,1,-,-,-,-,,,, 94-62-2,IU6EG,P0460,7000,,,,,,,,単位管理,Unit Management,－,－,-,-,,,-,-,,,,,,,,,,,,,,,,,
ピラジン,FALSE,TRUE,FALSE,FALSE,FALSE,FALSE,FALSE,FALSE,FALSE,FALSE,FALSE,FALSE,FALSE,FALSE,FALSE,FALSE,東京化成工業株式会社,-, 290-37-9,25,g,1,0,,,,,ピラジン,,,Pyrazine,,,東京化成工業株式会社,,-,-,25,g,g,1,-,-,-,-,,,, 290-37-9,IXIKG,P0544,4400,,,,,,,,単位管理,Unit Management,－,－,-,-,,,-,-,,,,,,,,,,,,,,,,,
ピラジンアミド,FALSE,TRUE,FALSE,FALSE,FALSE,FALSE,FALSE,FALSE,FALSE,FALSE,FALSE,FALSE,FALSE,FALSE,FALSE,FALSE,東京化成工業株式会社,-, 98-96-4,25,g,1,0,,,,,ピラジンアミド,,,Pyrazinamide,,,東京化成工業株式会社,,-,-,25,g,g,1,-,-,-,-,,,, 98-96-4,IZZKG,P0633,4500,,,,,,,,単位管理,Unit Management,－,－,-,-,,,-,-,,,,,,,,,,,,,,,,,
ピラジンカルボキサミド (25g),FALSE,TRUE,FALSE,FALSE,FALSE,FALSE,FALSE,FALSE,FALSE,FALSE,FALSE,FALSE,FALSE,FALSE,FALSE,FALSE,和光純薬工業(株),Pr. G., 98-96-4,25,g,1,0,,,,,ピラジンカルボキサミド (25g),,,Pyrazinecarboxamide,,,和光純薬工業(株),,Pr. G.,,25,g,g,1,-,-,-,-,,,, 98-96-4,4.99E+12,161-13632,4400,C5H5N3O,-,-,白色～ほとんど白色、結晶～結晶性粉末,97.0-103.0% (element,123.12,融点:187～192℃,単位管理,Unit Management,本,本,-,-,,,-,-,,,,,,,,,,,,,,,,,
ピラジンカルボン酸 (25g),FALSE,FALSE,FALSE,FALSE,FALSE,TRUE,FALSE,FALSE,FALSE,FALSE,FALSE,FALSE,FALSE,FALSE,FALSE,FALSE,和光純薬工業(株),和光一級, 98-97-5,25,g,1,0,,,,,ピラジンカルボン酸 (25g),,,Pyrazinecarboxylic Acid,,,和光純薬工業(株),,和光一級,,25,g,g,1,室温,,-,-,,,, 98-97-5,4.99E+12,168-13642,2600,,-,-,,98.0+% (Titration),,,単位管理,Unit Management,本,本,-,-,,,-,-,,,,,,,,,,,,,,,,,
ピラゾール,FALSE,TRUE,FALSE,FALSE,FALSE,FALSE,FALSE,FALSE,FALSE,FALSE,FALSE,FALSE,FALSE,FALSE,FALSE,FALSE,東京化成工業株式会社,-, 288-13-1,25,g,1,0,,,,,ピラゾール,,,Pyrazole,,,東京化成工業株式会社,,-,-,25,g,g,1,-,-,-,-,,,, 288-13-1,IXKKG,P0546,6200,,,,,,,,単位管理,Unit Management,－,－,-,-,,,-,-,,,,,,,,,,,,,,,,,
ﾋﾟﾘｼﾞﾝ,FALSE,FALSE,FALSE,FALSE,FALSE,FALSE,FALSE,FALSE,FALSE,FALSE,TRUE,FALSE,FALSE,FALSE,FALSE,FALSE,関東化学株式会社,特級, 110-86-1,500,ml,1,0,,,,,ﾋﾟﾘｼﾞﾝ,,,Pyridine,,,関東化学株式会社,"Kanto Chemical Co., Inc.",特級,,500,ml,ml,0.982,-,-,-,-,1,342,100, 110-86-1,3248500M,32485-00,4100,C5H5N,ガラスビン,,"無色,液体",>99.5%(GC),79.0998,bp.115℃～116℃ mp.-42℃ d(20℃) 0.978～0.986,単位管理,Unit Management,－,－,-,-,,,-,-,,,,,,,110861.jpg,,C5／H5／N1,,,,,,,,
ピリジン (500mL),FALSE,FALSE,FALSE,FALSE,FALSE,FALSE,FALSE,FALSE,FALSE,FALSE,TRUE,FALSE,FALSE,FALSE,FALSE,FALSE,富士フイルム和光純薬(株),試薬特級 [JISマーク認定品目], 110-86-1,500,ml,1,0,,,,,ピリジン (500mL),,,Pyridine,,,富士フイルム和光純薬(株),,試薬特級 [JISマーク認定品目],,500,ml,ml,0.98,室温,,-,-,1,342,100, 110-86-1,4.99E+12,166-05316,3640,C5H5N,,,,99.5+%(GC),,mp. -41.6℃ bp. 約116℃,単位管理,Unit Management,－,－,-,-,,,-,-,,,,,,,,,,,,,,,,,
ピリジン-4-アルドキシム,FALSE,FALSE,FALSE,FALSE,FALSE,TRUE,FALSE,FALSE,FALSE,FALSE,FALSE,FALSE,FALSE,FALSE,FALSE,FALSE,東京化成工業株式会社,-, 696-54-8,10,g,1,0,,,,,ピリジン-4-アルドキシム,,,Pyridine-4-aldoxime,,,東京化成工業株式会社,,-,-,10,g,g,1,-,-,-,-,,,, 696-54-8,I03FG,P0673,6800,,,,,,,,単位管理,Unit Management,－,－,-,-,,,-,-,,,,,,,,,,,,,,,,,
ﾋﾟﾘｼﾞﾝ-4-ﾎﾞﾛﾝ酸,FALSE,FALSE,FALSE,FALSE,TRUE,FALSE,TRUE,FALSE,FALSE,FALSE,FALSE,FALSE,FALSE,FALSE,FALSE,FALSE,関東化学株式会社,Organics, 1692-15-5,5,g,2,0,,,,,ﾋﾟﾘｼﾞﾝ-4-ﾎﾞﾛﾝ酸,4-ﾋﾟﾘｼﾞﾙﾎﾞﾛﾝ酸,,Pyridine-4-boronic acid,4-Pyridylboronic acid,,関東化学株式会社,"Kanto Chemical Co., Inc.",Organics,,5,g,g,1,-,-,-,-,1,405,8.8, 1692-15-5,3230455M,32304-55,7500,C5H6BNO2,ガラスビン,,,>95.0%,122.9205,,単位管理,Unit Management,－,－,-,-,,,-,-,,,,,,,,,B1／C5／H6／N1／O2,,,,,,,,
ピリジン-d5,FALSE,FALSE,FALSE,TRUE,FALSE,FALSE,FALSE,FALSE,FALSE,FALSE,FALSE,FALSE,FALSE,FALSE,FALSE,FALSE,Aldrich,-, 7291-22-7,10,g,1,0,,,,,ピリジン-d5,,,"Pyridine-d5, 99 atom % D",,,Aldrich,,-,-,10,g,g,1.05,室温,,-,-,1,342,100, 7291-22-7,4.55E+12,152323,,,-,-,,,,,単位管理,Unit Management,本,本,-,-,,,-,-,,,,,,,,,,,,,,,,,
ピリダジン,FALSE,FALSE,FALSE,FALSE,TRUE,FALSE,FALSE,FALSE,FALSE,FALSE,FALSE,FALSE,FALSE,FALSE,FALSE,FALSE,東京化成工業株式会社,-, 289-80-5,5,g,1,0,,,,,ピリダジン,,,Pyridazine,,,東京化成工業株式会社,,-,-,5,g,g,1.11,-,-,-,-,,,, 289-80-5,IZIEG,P0616,5900,,,,,,,,単位管理,Unit Management,－,－,-,-,,,-,-,,,,,,,,,,,,,,,,,
ﾋﾟﾘﾄﾞｷｼﾝ塩酸塩(塩酸ﾋﾟﾘﾄﾞｷｼﾝ),FALSE,TRUE,FALSE,FALSE,FALSE,FALSE,FALSE,FALSE,TRUE,FALSE,FALSE,FALSE,FALSE,FALSE,FALSE,FALSE,関東化学株式会社,鹿特級, 58-56-0,25,g,1,0,,,,,ﾋﾟﾘﾄﾞｷｼﾝ塩酸塩(塩酸ﾋﾟﾘﾄﾞｷｼﾝ),ﾋﾞﾀﾐﾝB6塩酸塩,,Pyridoxine hydrochloride,Vitamin B6 hydrochloride,,関東化学株式会社,"Kanto Chemical Co., Inc.",鹿特級,,25,g,g,1,-,-,-,-,,,, 58-56-0,3262630M,32626-30,2300,C8H11NO3･HCl,ガラスビン,,"白～淡黄,結晶又は結晶性粉末",>98.0%(T),205.6376,mp.203℃～209℃(dec.),単位管理,Unit Management,－,－,-,-,,,-,-,,,,,,,58560.jpg,,C8／H11／N1／O3,,,,,,,,
ピリミジン,FALSE,TRUE,FALSE,FALSE,FALSE,FALSE,FALSE,FALSE,FALSE,FALSE,FALSE,FALSE,FALSE,FALSE,FALSE,FALSE,東京化成工業株式会社,-, 289-95-2,1,g,1,0,,,,,ピリミジン,,,Pyrimidinefree base,,,東京化成工業株式会社,,-,-,1,g,g,1,冷蔵貯蔵,,-,-,,,, 289-95-2,I0SBG,P0662,3200,,,,,,,,単位管理,Unit Management,－,－,-,-,,,-,-,,,,,,,,,,,,,,,,,
ピルビン酸,FALSE,FALSE,FALSE,FALSE,FALSE,FALSE,FALSE,FALSE,TRUE,FALSE,FALSE,FALSE,FALSE,FALSE,FALSE,FALSE,東京化成工業株式会社,-, 127-17-3,25,g,1,0,,,,,ピルビン酸,,,Pyruvic Acid,,,東京化成工業株式会社,,-,-,25,g,g,1.27,冷凍貯蔵,,-,-,,,, 127-17-3,IYHKG,P0579,2600,,,,,,,,単位管理,Unit Management,－,－,-,-,,,-,-,,,,,,,,,,,,,,,,,
ピレン,FALSE,TRUE,FALSE,FALSE,FALSE,FALSE,FALSE,FALSE,FALSE,FALSE,FALSE,FALSE,FALSE,FALSE,FALSE,FALSE,東京化成工業株式会社,-, 129-00-0,25,g,1,0,,,,,ピレン,,,Pyrene,,,東京化成工業株式会社,,-,-,25,g,g,1,-,-,-,-,,,, 129-00-0,JC2KG,P1104,4300,,,,,,,,単位管理,Unit Management,－,－,-,-,,,-,-,,,,,,,,,,,,,,,,,
ピロール,FALSE,FALSE,FALSE,FALSE,TRUE,FALSE,FALSE,FALSE,FALSE,FALSE,FALSE,FALSE,FALSE,FALSE,FALSE,FALSE,東京化成工業株式会社,-, 109-97-7,25,ml,1,0,,,,,ピロール,,,Pyrrole,,,東京化成工業株式会社,,-,-,25,ml,ml,0.97,-,-,-,-,,,, 109-97-7,IYCKM,P0574,3700,,,,,,,,単位管理,Unit Management,－,－,-,-,,,-,-,,,,,,,,,,,,,,,,,
ピロカテコール (25g),FALSE,FALSE,TRUE,FALSE,FALSE,FALSE,FALSE,FALSE,FALSE,FALSE,FALSE,FALSE,FALSE,FALSE,FALSE,FALSE,富士フイルム和光純薬(株),和光特級, 120-80-9,25,g,1,0,,,,,ピロカテコール (25g),,,Pyrocatechol,,,富士フイルム和光純薬(株),,和光特級,,25,g,g,1.3,室温,,-,-,1,343,100, 120-80-9,4.99E+12,034-13752,2550,C6H4(OH)2,,,,99+%(Capillary GC),,mp. 104～107℃ bp. 245℃,単位管理,Unit Management,－,－,-,-,,,-,-,,,,,,,,,,,,,,,,,
ﾋﾟﾛｶﾃｺｰﾙﾊﾞｲｵﾚｯﾄ,FALSE,TRUE,FALSE,FALSE,FALSE,FALSE,FALSE,FALSE,FALSE,FALSE,FALSE,FALSE,FALSE,FALSE,FALSE,FALSE,関東化学株式会社,鹿特級, 115-41-3,5,g,1,0,,,,,ﾋﾟﾛｶﾃｺｰﾙﾊﾞｲｵﾚｯﾄ,PV,ﾋﾟﾛｶﾃｺｰﾙｽﾙﾎﾝﾌﾀﾚｲﾝ,Pyrocatechol violet,PV,Pyrocatechol sulfonphthalein,関東化学株式会社,"Kanto Chemical Co., Inc.",鹿特級,,5,g,g,1,-,-,-,-,,,, 115-41-3,3249450R,32494-50,16000,C19H14O7S,ガラスビン,,,,386.3769,,単位管理,Unit Management,－,－,-,-,,,-,-,,,,,,,,,C19／H14／O7／S1,,,,,,,,
ピロガロール,FALSE,TRUE,FALSE,FALSE,FALSE,FALSE,FALSE,FALSE,FALSE,FALSE,FALSE,FALSE,FALSE,FALSE,FALSE,FALSE,東京化成工業株式会社,-, 87-66-1,25,g,1,0,,,,,ピロガロール,,,Pyrogallol,,,東京化成工業株式会社,,-,-,25,g,g,1,-,-,-,-,,,, 87-66-1,IX8KG,P0570,1900,,,,,,,,単位管理,Unit Management,－,－,-,-,,,-,-,,,,,,,,,,,,,,,,,
ﾋﾟﾛﾒﾘｯﾄ酸,TRUE,FALSE,FALSE,FALSE,FALSE,FALSE,FALSE,FALSE,FALSE,FALSE,FALSE,FALSE,FALSE,FALSE,FALSE,FALSE,関東化学株式会社,鹿1級, 89-05-4,25,g,1,0,,,,,ﾋﾟﾛﾒﾘｯﾄ酸,"1,2,4,5-ﾍﾞﾝｾﾞﾝﾃﾄﾗｶﾙﾎﾞﾝ酸",,Pyromellitic acid,"1,2,4,5-Benzenetetracarboxylic acid",,関東化学株式会社,"Kanto Chemical Co., Inc.",鹿1級,,25,g,g,1,-,-,-,-,2,814,100, 89-05-4,3249931V,32499-31,3400,C6H2(COOH)4,ガラスビン,,,>95.0%(T),254.1491,mp.281℃,単位管理,Unit Management,－,－,-,-,,,-,-,,,,,,,89054.jpg,,C10／H6／O8,,,,,,,,
ピロメリット酸ジイミド,FALSE,TRUE,FALSE,FALSE,FALSE,FALSE,FALSE,FALSE,FALSE,FALSE,FALSE,FALSE,FALSE,FALSE,FALSE,FALSE,東京化成工業株式会社,-, 2550-73-4,5,g,1,0,,,,,ピロメリット酸ジイミド,,,Pyromellitic Diimide,,,東京化成工業株式会社,,-,-,5,g,g,1,-,-,-,-,,,, 2550-73-4,JD7EG,P1153,6300,,,,,,,,単位管理,Unit Management,－,－,-,-,,,-,-,,,,,,,,,,,,,,,,,
ピロリジン,TRUE,FALSE,FALSE,FALSE,FALSE,FALSE,FALSE,FALSE,FALSE,FALSE,FALSE,FALSE,FALSE,FALSE,FALSE,FALSE,ナカライテスク（株）,GR, 123-75-1,25,ml,1,0,,,,,ピロリジン,,,Pyrrolidine,,,ナカライテスク（株）,,GR,,25,ml,ml,0.86,-,-,-,-,,,, 123-75-1,1ROWI,29716-92,1700,C4H9N,,,,≧98.0%(GC),71.12,mp. -60℃ bp. 87℃,単位管理,Unit Management,－,－,-,-,,,-,-,,,,,,,,,,,,,,,,,
ファビピラビル (100mg),FALSE,FALSE,FALSE,FALSE,FALSE,FALSE,FALSE,TRUE,FALSE,FALSE,FALSE,FALSE,FALSE,FALSE,FALSE,FALSE,各社,, 259793-96-9,100,mg,7,0,,,,,ファビピラビル (100mg),,,Favipiravir (100mg),,,各社,,,,100,mg,mg,1,冷蔵・密閉貯蔵,,,,,,, 259793-96-9,,,,C5H4FN3O2,,,固体、白色,,157.1,,単位管理,Unit Management,－,－,-,-,,,-,-,1,0,1,0,,,,,,,,,,,,,
ファモチジン,FALSE,FALSE,FALSE,FALSE,FALSE,FALSE,FALSE,FALSE,TRUE,FALSE,FALSE,FALSE,FALSE,FALSE,FALSE,FALSE,東京化成工業株式会社,-, 76824-35-6,5,g,1,0,,,,,ファモチジン,,,Famotidine,,,東京化成工業株式会社,,-,-,5,g,g,1,-,-,-,-,,,, 76824-35-6,RSREG,F0530,6400,,,,,,,,単位管理,Unit Management,－,－,-,-,,,-,-,,,,,,,,,,,,,,,,,
ファルネソール,FALSE,FALSE,FALSE,FALSE,FALSE,FALSE,FALSE,FALSE,FALSE,FALSE,TRUE,FALSE,FALSE,FALSE,FALSE,FALSE,Aldrich,-, 4602-84-0,5,g,1,0,,,,,ファルネソール,,,"FARNESOL, 95%, MIXTURE OF ISOMERS",,,Aldrich,,-,-,5,g,g,1,冷暗貯蔵,,-,-,,,, 4602-84-0,,F203,,,-,-,,,,,単位管理,Unit Management,本,本,-,-,,,-,-,,,,,,,,,,,,,,,,,
フェナジン,FALSE,TRUE,FALSE,FALSE,FALSE,FALSE,FALSE,FALSE,FALSE,FALSE,FALSE,FALSE,TRUE,FALSE,FALSE,FALSE,東京化成工業株式会社,-, 92-82-0,25,g,2,0,,,,,フェナジン,,,Phenazine,,,東京化成工業株式会社,,-,-,25,g,g,1,-,-,-,-,,,, 92-82-0,IKOKG,P0082,14500,,,,,,,,単位管理,Unit Management,－,－,-,-,,,-,-,,,,,,,,,,,,,,,,,
フェナントレン,FALSE,TRUE,FALSE,FALSE,FALSE,FALSE,FALSE,FALSE,FALSE,FALSE,FALSE,FALSE,FALSE,FALSE,FALSE,FALSE,東京化成工業株式会社,-, 85-01-8,25,g,1,0,,,,,フェナントレン,,,Phenanthrene,,,東京化成工業株式会社,,-,-,25,g,g,1,-,-,-,-,,,, 85-01-8,IKLKG,P0079,5400,,,,,,,,単位管理,Unit Management,－,－,-,-,,,-,-,,,,,,,,,,,,,,,,,
フェニトイン,TRUE,FALSE,FALSE,FALSE,FALSE,FALSE,FALSE,FALSE,FALSE,FALSE,FALSE,FALSE,FALSE,FALSE,FALSE,FALSE,東京化成工業株式会社,-, 57-41-0,25,g,1,0,,,,,フェニトイン,,,Phenytoin,,,東京化成工業株式会社,,-,-,25,g,g,1,-,-,-,-,1,644,100, 57-41-0,D73KG,D0894,5800,,,,,,,,単位管理,Unit Management,－,－,-,-,,,-,-,,,,,,,,,,,,,,,,,
フェニトイン (25g),TRUE,FALSE,FALSE,FALSE,FALSE,FALSE,FALSE,FALSE,FALSE,FALSE,FALSE,FALSE,FALSE,FALSE,FALSE,FALSE,富士フイルム和光純薬(株),和光特級, 57-41-0,25,g,1,0,,,,,フェニトイン (25g),,,Phenytoin,,,富士フイルム和光純薬(株),,和光特級,,25,g,g,1,室温,,-,-,1,644,100, 57-41-0,4.99E+12,166-12082,2600,C15H12N2O2,,,,99+%(Titration),,mp. 約 296℃(分解) ,単位管理,Unit Management,－,－,-,-,,,-,-,,,,,,,,,,,,,,,,,
フェニルブタゾン,FALSE,FALSE,FALSE,FALSE,FALSE,FALSE,FALSE,TRUE,FALSE,FALSE,FALSE,FALSE,FALSE,FALSE,FALSE,FALSE,東京化成工業株式会社,-, 50-33-9,25,g,2,0,,,,,フェニルブタゾン,,,Phenylbutazone,,,東京化成工業株式会社,,-,-,25,g,g,1,-,-,-,-,,,, 50-33-9,SMRKG,P1686,6000,,,,,,,,単位管理,Unit Management,－,－,-,-,,,-,-,,,,,,,,,,,,,,,,,
フェニルボロン酸,FALSE,TRUE,FALSE,FALSE,FALSE,FALSE,FALSE,FALSE,FALSE,FALSE,FALSE,FALSE,FALSE,FALSE,FALSE,FALSE,東京化成工業株式会社,-, 98-80-6,5,g,1,0,,,,,フェニルボロン酸,,,Phenylboronic Acid(contains varying amounts of Anhydride),,,東京化成工業株式会社,,-,-,5,g,g,1,-,-,-,-,1,405,100, 98-80-6,BZ0EG,B0857,3400,,,,,,,,単位管理,Unit Management,－,－,-,-,,,-,-,,,,,,,,,,,,,,,,,
フェニルボロン酸,FALSE,TRUE,FALSE,FALSE,FALSE,FALSE,FALSE,FALSE,FALSE,FALSE,FALSE,FALSE,FALSE,FALSE,FALSE,FALSE,東京化成工業株式会社,-, 98-80-6,25,g,1,0,,,,,フェニルボロン酸,,,Phenylboronic Acid(contains varying amounts of Anhydride),,,東京化成工業株式会社,,-,-,25,g,g,1,-,-,-,-,1,405,100, 98-80-6,BZ0KG,B0857,6900,,,,,,,,単位管理,Unit Management,－,－,-,-,,,-,-,,,,,,,,,,,,,,,,,
ﾌｪﾈﾁﾙｱﾙｺｰﾙ,FALSE,FALSE,FALSE,FALSE,FALSE,FALSE,FALSE,FALSE,FALSE,FALSE,TRUE,FALSE,FALSE,FALSE,FALSE,FALSE,関東化学株式会社,鹿特級, 60-12-8,25,ml,1,0,,,,,ﾌｪﾈﾁﾙｱﾙｺｰﾙ,2-ﾌｪﾆﾙｴﾀﾉｰﾙ,2-ﾌｪﾆﾙｴﾁﾙｱﾙｺｰﾙ,Phenethyl alcohol,2-Phenylethanol,2-Phenylethyl alcohol,関東化学株式会社,"Kanto Chemical Co., Inc.",鹿特級,,25,ml,ml,1.02,-,-,-,-,,,, 60-12-8,3212530G,32125-30,1900,C6H5CH2CH2OH,ガラスビン,,,>98.0%(GC),122.164,bp.219℃ mp.-27℃ d(20/4℃) 1.020 Fp.102℃,単位管理,Unit Management,－,－,-,-,,,-,-,,,,,,,,,C8／H10／O1,,,,,,,,
ﾌｪﾉｰﾙ,FALSE,FALSE,FALSE,FALSE,FALSE,FALSE,FALSE,FALSE,FALSE,FALSE,TRUE,FALSE,FALSE,FALSE,FALSE,FALSE,関東化学株式会社,特級, 108-95-2,500,g,1,0,,,,,ﾌｪﾉｰﾙ,石炭酸,4-ﾋﾄﾞﾛｷｼﾍﾞﾝｾﾞﾝ,Phenol,Carbolic acid,4-Hydroxybenzene,関東化学株式会社,"Kanto Chemical Co., Inc.",特級,,500,g,g,1.053,-,-,-,-,1,349,100, 108-95-2,3207900L,32079-00,2500,C6H5OH,ガラスビン,,"白～薄紅,光輝のある結晶又は塊",>99.0%(GC),94.1109,bp.181.8℃ mp.40.9℃ d(46/4℃) 1.053 Fp.79.4℃,単位管理,Unit Management,－,－,-,-,,,-,-,,,,,,,,,C6／H6／O1,,,,,,,,
フェノールフタレイン,FALSE,TRUE,FALSE,FALSE,FALSE,FALSE,FALSE,FALSE,FALSE,FALSE,FALSE,FALSE,FALSE,FALSE,FALSE,FALSE,東京化成工業株式会社,-, 77-09-8,25,g,1,0,,,,,フェノールフタレイン,,,Phenolphthalein,,,東京化成工業株式会社,,-,-,25,g,g,1,-,-,-,-,,,, 77-09-8,IK0KG,P0094,2300,,,,,,,,単位管理,Unit Management,－,－,-,-,,,-,-,,,,,,,,,,,,,,,,,
ﾌｪﾉｰﾙﾚｯﾄﾞ,FALSE,TRUE,FALSE,FALSE,FALSE,FALSE,FALSE,FALSE,FALSE,FALSE,FALSE,FALSE,FALSE,FALSE,FALSE,FALSE,関東化学株式会社,特級, 143-74-8,25,g,1,0,,,,,ﾌｪﾉｰﾙﾚｯﾄﾞ,ﾌｪﾉｰﾙｽﾙﾎﾝﾌﾀﾚｲﾝ,,Phenol red,Phenolsulfonephthalein,,関東化学株式会社,"Kanto Chemical Co., Inc.",特級,,25,g,g,1,-,-,-,-,,,, 143-74-8,3208530L,32085-30,14500,C19H14O5S,ガラスビン,,"緑み赤～赤,結晶性粉末",,354.3781,,単位管理,Unit Management,－,－,-,-,,,-,-,,,,,,,143748.jpg,,C19／H14／O5／S1,,,,,,,,
フェノフィブリン酸,TRUE,FALSE,FALSE,FALSE,FALSE,FALSE,FALSE,FALSE,FALSE,FALSE,FALSE,FALSE,FALSE,FALSE,FALSE,FALSE,東京化成工業株式会社,-, 42017-89-0,1,g,3,0,,,,,フェノフィブリン酸,,,Fenofibric Acid,,,東京化成工業株式会社,,-,-,1,g,g,1,-,-,-,-,,,, 42017-89-0,2BABG,F1011,3200,,,,,,,,単位管理,Unit Management,－,－,-,-,,,-,-,,,,,,,,,,,,,,,,,
フェノプロフェンカルシウム二水和物,FALSE,FALSE,TRUE,FALSE,FALSE,FALSE,FALSE,FALSE,FALSE,FALSE,FALSE,FALSE,FALSE,FALSE,FALSE,FALSE,東京化成工業株式会社,-, 71720-56-4,25,g,1,0,,,,,フェノプロフェンカルシウム二水和物,,,Fenoprofen Calcium SaltDihydrate,,,東京化成工業株式会社,,-,-,25,g,g,1,-,-,-,-,,,, 71720-56-4,NQ8KG,F0372,21000,,,,,,,,単位管理,Unit Management,－,－,-,-,,,-,-,,,,,,,,,,,,,,,,,
フタルイミドカリウム,FALSE,FALSE,FALSE,FALSE,FALSE,FALSE,FALSE,TRUE,FALSE,FALSE,FALSE,FALSE,FALSE,FALSE,FALSE,FALSE,東京化成工業株式会社,-, 1074-82-4,25,g,1,0,,,,,フタルイミドカリウム,,,Phthalimide Potassium Salt,,,東京化成工業株式会社,,-,-,25,g,g,1,-,-,-,-,,,, 1074-82-4,ITLKG,P0403,2300,,,,,,,,単位管理,Unit Management,－,－,-,-,,,-,-,,,,,,,,,,,,,,,,,
フタル酸 (25g),FALSE,FALSE,FALSE,FALSE,FALSE,FALSE,FALSE,FALSE,FALSE,FALSE,FALSE,FALSE,TRUE,FALSE,FALSE,FALSE,富士フイルム和光純薬(株),和光特級, 88-99-3,25,g,1,0,,,,,フタル酸 (25g),,,Phthalic Acid,,,富士フイルム和光純薬(株),,和光特級,,25,g,g,1.593,室温,,-,-,,,, 88-99-3,4.99E+12,163-02462,1870,C6H4(COOH)2,,,,99+%(Capillary GC),,mp. 196～202℃ ,単位管理,Unit Management,－,－,-,-,,,-,-,,,,,,,,,,,,,,,,,
フタル酸無水物,FALSE,FALSE,TRUE,FALSE,FALSE,FALSE,FALSE,FALSE,FALSE,FALSE,FALSE,FALSE,FALSE,FALSE,FALSE,FALSE,東京化成工業株式会社,-, 85-44-9,500,g,1,0,,,,,フタル酸無水物,,,Phthalic Anhydride,,,東京化成工業株式会社,,-,-,500,g,g,1,-,-,-,-,1,413,100, 85-44-9,Q8QYG,P1614,2200,,,,,,,,単位管理,Unit Management,－,－,-,-,,,-,-,,,,,,,,,,,,,,,,,
フタロシアニン,FALSE,TRUE,FALSE,FALSE,FALSE,FALSE,FALSE,FALSE,FALSE,FALSE,FALSE,FALSE,FALSE,FALSE,FALSE,FALSE,ナカライテスク（株）,ＥＰ, 574-93-6,5,g,1,0,,,,,フタロシアニン,,,Phthalocyanine,,,ナカライテスク（株）,,ＥＰ,,5,g,g,1,-,-,-,-,,,, 574-93-6,1NV3G,27930-74,5250,C32H18N8,,,,,514.54,,単位管理,Unit Management,－,－,-,-,,,-,-,,,,,,,,,,,,,,,,,
"ブチルリチウム (約15%ヘキサン溶液, 約1.6mol/L)",FALSE,FALSE,FALSE,FALSE,FALSE,FALSE,FALSE,FALSE,TRUE,FALSE,FALSE,FALSE,FALSE,FALSE,FALSE,FALSE,東京化成工業株式会社,-, 109-72-8,100,ml,1,0,,,,,"ブチルリチウム (約15%ヘキサン溶液, 約1.6mol/L)",,,"Butyllithium(ca. 15% in Hexane, ca. 1.6mol/L)",,,東京化成工業株式会社,,-,-,100,ml,ml,1,冷蔵貯蔵,,-,-,1,392,100, 109-72-8,BM7SM,B0396,7900,,,,,,,,単位管理,Unit Management,－,－,-,-,,,-,-,,,,,,,,,,,,,,,,,
ふっとう石(小粒),FALSE,FALSE,TRUE,FALSE,FALSE,FALSE,FALSE,FALSE,FALSE,FALSE,FALSE,FALSE,FALSE,FALSE,FALSE,FALSE,関東化学株式会社,鹿1級,,500,g,0,1,,,,,ふっとう石(小粒),,,"Boiling stone, small granule",,,関東化学株式会社,"Kanto Chemical Co., Inc.",鹿1級,,500,g,g,1,-,-,-,-,,,,,0445901N,04459-01,4100,,-,-,,,,,単位管理,Unit Management,－,－,-,-,,,-,-,,,,,,,,,,,,,,,,,
ﾌｯ化ｶﾘｳﾑ,FALSE,FALSE,TRUE,FALSE,FALSE,FALSE,FALSE,FALSE,FALSE,FALSE,FALSE,FALSE,FALSE,FALSE,FALSE,FALSE,Aldrich,-, 7789-23-3,10,g,1,0,,,,,ﾌｯ化ｶﾘｳﾑ,,,"Potassium fluoride, >=99.97% trace metals basis",,,Aldrich,,-,-,10,g,g,1,室温,,-,-,1,374,100, 7789-23-3,4.55E+12,229814,,,,,,,,,単位管理,Unit Management,－,－,-,-,,,-,-,,,,,,,,,,,,,,,,,
"ふっ化カルシウム, 99.5％",FALSE,FALSE,TRUE,FALSE,FALSE,FALSE,FALSE,FALSE,FALSE,FALSE,FALSE,FALSE,FALSE,FALSE,FALSE,FALSE,和光純薬工業(株),-, 7789-75-5,25,g,1,0,,,,,"ふっ化カルシウム, 99.5％",,,"Calcium Fluoride, 99.5％",,,和光純薬工業(株),,-,-,25,g,g,3.18,冷暗貯蔵,,-,-,,,, 7789-75-5,4.99E+12,030-12252,2600,,-,-,白色の粉末,,,3.180g/cm3,単位管理,Unit Management,本,本,-,-,,,-,-,,,,,,,,,,,,,,,,,
ふっ化セシウム,FALSE,FALSE,FALSE,FALSE,FALSE,FALSE,FALSE,TRUE,FALSE,FALSE,FALSE,FALSE,FALSE,FALSE,FALSE,FALSE,東京化成工業株式会社,-, 13400-13-0,25,g,2,0,,,,,ふっ化セシウム,,,Cesium Fluoride,,,東京化成工業株式会社,,-,-,25,g,g,1,-,-,-,-,1,374,100, 13400-13-0,TRWKG,C2204,7400,,,,,,,,単位管理,Unit Management,－,－,-,-,,,-,-,,,,,,,,,,,,,,,,,
フマル酸,TRUE,FALSE,FALSE,FALSE,FALSE,FALSE,FALSE,FALSE,FALSE,FALSE,FALSE,FALSE,FALSE,FALSE,FALSE,FALSE,ナカライテスク（株）,GR, 110-17-8,25,g,1,0,,,,,フマル酸,,,Fumaric Acid,,,ナカライテスク（株）,,GR,,25,g,g,1,-,-,-,-,,,, 110-17-8,0Z6FQ,16413-52,1600,HOOCCH:CHCOOH,,,,≧99.0%(T),116.07,mp. 290℃ bp. >200℃(昇華),単位管理,Unit Management,－,－,-,-,,,-,-,,,,,,,,,,,,,,,,,
フマル酸 (25g),TRUE,FALSE,FALSE,FALSE,FALSE,FALSE,FALSE,FALSE,FALSE,FALSE,FALSE,FALSE,FALSE,FALSE,FALSE,FALSE,富士フイルム和光純薬(株),和光特級, 110-17-8,25,g,1,0,,,,,フマル酸 (25g),,,Fumaric Acid,,,富士フイルム和光純薬(株),,和光特級,,25,g,g,1.625,室温,,-,-,,,, 110-17-8,4.99E+12,069-00652,1710,HOOCCH:CHCOOH,,,,98+%(Titration),,mp. 300 - 302℃ ,単位管理,Unit Management,－,－,-,-,,,-,-,,,,,,,,,,,,,,,,,
ﾌﾏﾛﾆﾄﾘﾙ,TRUE,FALSE,FALSE,FALSE,FALSE,FALSE,FALSE,FALSE,FALSE,FALSE,FALSE,FALSE,FALSE,FALSE,FALSE,FALSE,東京化成工業株式会社,ＥＰ, 764-42-1,10,g,1,0,,,,,ﾌﾏﾛﾆﾄﾘﾙ,,,Fumaronitrile,,,東京化成工業株式会社,,ＥＰ,,10,g,g,1,-,-,-,-,,,, 764-42-1,FL0FG,F0072,6850,,-,-,,,,,単位管理,Unit Management,本,本,-,-,,,-,-,,,,,,,,,,,,,,,,,
プリミドン,FALSE,FALSE,FALSE,FALSE,FALSE,FALSE,FALSE,FALSE,FALSE,FALSE,FALSE,FALSE,TRUE,FALSE,FALSE,FALSE,東京化成工業株式会社,-, 125-33-7,5,g,1,0,,,,,プリミドン,,,Primidone,,,東京化成工業株式会社,,-,-,5,g,g,1,-,-,-,-,,,, 125-33-7,WNFEG,P1906,3900,,,,,,,,単位管理,Unit Management,－,－,-,-,,,-,-,,,,,,,,,,,,,,,,,
プルリフロキサシン (100mg),FALSE,FALSE,FALSE,FALSE,FALSE,FALSE,FALSE,FALSE,TRUE,FALSE,FALSE,FALSE,FALSE,FALSE,FALSE,FALSE,"LKT Labs, Inc (和光純薬取扱)",-, 123447-62-1,100,mg,1,0,,,,,プルリフロキサシン (100mg),,,Prulifloxacin,,,"LKT Labs, Inc (和光純薬取扱)",,-,-,100,mg,mg,1,室温,,-,-,,,, 123447-62-1,,P7082,17700,C21H20FN3O6S,,,,,,,単位管理,Unit Management,－,－,-,-,,,-,-,,,,,,,,,,,,,,,,,
フルルビプロフェン,TRUE,FALSE,FALSE,FALSE,FALSE,FALSE,FALSE,FALSE,FALSE,FALSE,FALSE,FALSE,FALSE,FALSE,FALSE,FALSE,東京化成工業株式会社,-, 5104-49-4,5,g,1,0,,,,,フルルビプロフェン,,,Flurbiprofen,,,東京化成工業株式会社,,-,-,5,g,g,1,-,-,-,-,,,, 5104-49-4,NRSEG,F0371,13300,,,,,,,,単位管理,Unit Management,－,－,-,-,,,-,-,,,,,,,,,,,,,,,,,
プレドニゾロン,FALSE,TRUE,FALSE,FALSE,FALSE,FALSE,FALSE,FALSE,FALSE,FALSE,FALSE,FALSE,FALSE,FALSE,FALSE,FALSE,東京化成工業株式会社,-, 50-24-8,5,g,2,0,,,,,プレドニゾロン,,,Prednisolone,,,東京化成工業株式会社,,-,-,5,g,g,1,-,-,-,-,,,, 50-24-8,IZ3EG,P0637,16600,,,,,,,,単位管理,Unit Management,－,－,-,-,,,-,-,,,,,,,,,,,,,,,,,
フレロキサシン,FALSE,FALSE,FALSE,FALSE,FALSE,FALSE,FALSE,FALSE,FALSE,FALSE,FALSE,FALSE,TRUE,FALSE,FALSE,FALSE,東京化成工業株式会社,-, 79660-72-3,5,g,1,0,,,,,フレロキサシン,,,Fleroxacin,,,東京化成工業株式会社,,-,-,5,g,g,1,-,-,-,-,,,, 79660-72-3,TXNEG,F0646,13700,,,,,,,,単位管理,Unit Management,－,－,-,-,,,-,-,,,,,,,,,,,,,,,,,
プロピオニトリル,FALSE,FALSE,FALSE,FALSE,FALSE,FALSE,FALSE,FALSE,FALSE,FALSE,TRUE,FALSE,FALSE,FALSE,FALSE,FALSE,東京化成工業株式会社,-, 107-12-0,100,ml,1,0,,,,,プロピオニトリル,,,Propionitrile,,,東京化成工業株式会社,,-,-,100,ml,ml,0.78,-,-,-,-,,,, 107-12-0,IWOSM,P0514,3300,,,,,,,,単位管理,Unit Management,－,－,-,-,,,-,-,,,,,,,,,,,,,,,,,
プロピオン酸,FALSE,FALSE,TRUE,FALSE,FALSE,FALSE,FALSE,FALSE,FALSE,FALSE,FALSE,FALSE,FALSE,FALSE,FALSE,FALSE,東京化成工業株式会社,-, 79-09-4,500,ml,1,0,,,,,プロピオン酸,,,Propionic Acid,,,東京化成工業株式会社,,-,-,500,ml,ml,1,-,-,-,-,,,, 79-09-4,IWAYM,P0500,2500,,,,,,,,単位管理,Unit Management,－,－,-,-,,,-,-,,,,,,,,,,,,,,,,,
ブロマニル酸,FALSE,TRUE,FALSE,FALSE,FALSE,FALSE,FALSE,FALSE,FALSE,FALSE,FALSE,FALSE,FALSE,FALSE,FALSE,FALSE,東京化成工業株式会社,-, 4370-59-6,10,g,1,0,,,,,ブロマニル酸,,,Bromanilic Acid,,,東京化成工業株式会社,,-,-,10,g,g,1,-,-,-,-,,,, 4370-59-6,DOBFG,D0182,29900,,,,,,,,単位管理,Unit Management,－,－,-,-,,,-,-,,,,,,,,,,,,,,,,,
ﾌﾟﾛﾒﾀｼﾞﾝ塩酸塩,FALSE,TRUE,FALSE,FALSE,FALSE,FALSE,FALSE,FALSE,FALSE,FALSE,FALSE,FALSE,FALSE,FALSE,FALSE,FALSE,Sigma,-, 58-33-3,25,g,1,0,,,,,ﾌﾟﾛﾒﾀｼﾞﾝ塩酸塩,,,Promethazine hydrochloride,,,Sigma,,-,-,25,g,g,1,室温,,-,-,,,, 58-33-3,,P4651,,,,,,,,,単位管理,Unit Management,－,－,-,-,,,-,-,,,,,,,,,,,,,,,,,
ﾌﾞﾛﾓﾁﾓｰﾙﾌﾞﾙｰ,TRUE,FALSE,FALSE,FALSE,FALSE,FALSE,FALSE,FALSE,FALSE,FALSE,FALSE,FALSE,FALSE,FALSE,FALSE,FALSE,関東化学株式会社,特級, 76-59-5,25,g,1,0,,,,,ﾌﾞﾛﾓﾁﾓｰﾙﾌﾞﾙｰ,BTB,"3',3'-ｼﾞﾌﾞﾛﾓﾁﾓｰﾙｽﾙﾎﾝﾌﾀﾚｲﾝ",Bromothymol blue,BTB,"3',3'-Dibromothymolsulfonephthalein",関東化学株式会社,"Kanto Chemical Co., Inc.",特級,,25,g,g,1,-,-,-,-,,,, 76-59-5,0433530I,04335-30,6300,C27H28Br2O5S,ガラスビン,,"薄黄～薄赤褐色,結晶性粉末又は粉末",,624.3826,,単位管理,Unit Management,－,－,-,-,,,-,-,,,,,,,,,BR2／C27／H28／O5／S1,,,,,,,,
ブロモベンゼン,TRUE,FALSE,FALSE,FALSE,FALSE,FALSE,FALSE,FALSE,FALSE,FALSE,FALSE,FALSE,FALSE,FALSE,FALSE,FALSE,東京化成工業株式会社,-, 108-86-1,25,g,1,0,,,,,ブロモベンゼン,,,Bromobenzene,,,東京化成工業株式会社,,-,-,25,g,g,1.5,-,-,-,-,,,, 108-86-1,BOEKG,B0439,2100,,,,,,,,単位管理,Unit Management,－,－,-,-,,,-,-,,,,,,,,,,,,,,,,,
ブロモメタン (約2mol/Lエチルエーテル溶液),FALSE,FALSE,FALSE,FALSE,FALSE,FALSE,FALSE,TRUE,FALSE,FALSE,FALSE,FALSE,FALSE,FALSE,FALSE,FALSE,東京化成工業株式会社,-, 74-83-9,100,ml,1,0,,,,,ブロモメタン (約2mol/Lエチルエーテル溶液),,,Bromomethane(ca. 2mol/L in Ethyl Ether),,,東京化成工業株式会社,,-,-,100,ml,ml,0.84,冷蔵貯蔵,,-,-,1,386,100, 74-83-9,TVHSM,B3121,11100,,,,,,,,単位管理,Unit Management,－,－,-,-,,,-,-,,,,,,,,,,,,,,,,,
ブロモ酢酸エチル,TRUE,FALSE,FALSE,FALSE,FALSE,FALSE,FALSE,FALSE,FALSE,FALSE,FALSE,FALSE,FALSE,FALSE,FALSE,FALSE,東京化成工業株式会社,-, 105-36-2,25,g,1,0,,,,,ブロモ酢酸エチル,,,Ethyl Bromoacetate,,,東京化成工業株式会社,,-,-,25,g,g,1.51,-,-,-,-,,,, 105-36-2,BQZKG,B0532,2300,,,,,,,,重量管理,Weight Management,g,g,天秤＆ｷｰﾎﾞｰﾄﾞ入力,keyboard to input port and balance,g,g,持出／返却,Check-out/Return,,,,,,,,,,,,,,,,,
ﾍｷｻﾌﾙｵﾛﾍﾞﾝｾﾞﾝ,FALSE,FALSE,FALSE,FALSE,FALSE,FALSE,TRUE,FALSE,FALSE,FALSE,FALSE,FALSE,FALSE,FALSE,FALSE,FALSE,Aldrich,-, 392-56-3,25,g,1,0,,,,,ﾍｷｻﾌﾙｵﾛﾍﾞﾝｾﾞﾝ,,,"Hexafluorobenzene, 99%",,,Aldrich,,-,-,25,g,g,1.612,室温,,-,-,,,, 392-56-3,,H8706,,,,,,,,,単位管理,Unit Management,－,－,-,-,,,-,-,,,,,,,,,,,,,,,,,
ヘキサフルオロりん酸ナトリウム,FALSE,FALSE,FALSE,TRUE,FALSE,FALSE,FALSE,FALSE,FALSE,FALSE,FALSE,FALSE,FALSE,FALSE,FALSE,FALSE,東京化成工業株式会社,-, 21324-39-0,25,g,1,0,,,,,ヘキサフルオロりん酸ナトリウム,,,Sodium Hexafluorophosphate,,,東京化成工業株式会社,,-,-,25,g,g,1,-,-,-,-,,,, 21324-39-0,MXHKG,S0392,8800,,,,,,,,単位管理,Unit Management,－,－,-,-,,,-,-,,,,,,,,,,,,,,,,,
ヘキサメチレンイミン,TRUE,FALSE,FALSE,FALSE,FALSE,FALSE,FALSE,FALSE,FALSE,FALSE,FALSE,FALSE,FALSE,FALSE,FALSE,FALSE,東京化成工業株式会社,-, 111-49-9,25,ml,1,0,,,,,ヘキサメチレンイミン,,,Hexamethyleneimine,,,東京化成工業株式会社,,-,-,25,ml,ml,0.88,-,-,-,-,,,, 111-49-9,F14KM,H0092,2000,,,,,,,,単位管理,Unit Management,－,－,-,-,,,-,-,,,,,,,,,,,,,,,,,
ヘキサメチレンテトラミン,TRUE,FALSE,FALSE,FALSE,FALSE,FALSE,FALSE,FALSE,FALSE,FALSE,FALSE,FALSE,FALSE,FALSE,FALSE,FALSE,東京化成工業株式会社,特級, 100-97-0,25,g,1,0,,,,,ヘキサメチレンテトラミン,ウロトロピン,,Hexamethylenetetramine,Urotropin,,東京化成工業株式会社,,特級,,25,g,g,1,冷暗貯蔵,,-,-,1,258,99, 100-97-0,,,,(CH2)6N4,ガラスビン,,,＞99.0％(T),140.18628,,単位管理,Unit Management,－,－,-,-,,,-,-,,,,,,,100970.jpg,,C6／H12／N4,,,,,,,,
ヘキサン(超脱水) (500mL),FALSE,FALSE,FALSE,FALSE,FALSE,FALSE,FALSE,FALSE,FALSE,FALSE,TRUE,FALSE,FALSE,FALSE,FALSE,FALSE,富士フイルム和光純薬(株),有機合成用, 110-54-3,500,ml,1,0,,,,,ヘキサン(超脱水) (500mL),,,"Hexane, Super Dehydrated",,,富士フイルム和光純薬(株),,有機合成用,,500,ml,ml,0.66,冷暗貯蔵,,-,-,1,392,100, 110-54-3,4.99E+12,088-09105,3500,C6H14,,,,96+%(Capillary GC),,mp. -95℃ bp. 約69℃,単位管理,Unit Management,－,－,-,-,,,-,-,,,,,,,,,,,,,,,,,
ベタイン (無水),TRUE,FALSE,FALSE,FALSE,FALSE,FALSE,FALSE,FALSE,FALSE,FALSE,FALSE,FALSE,FALSE,FALSE,FALSE,FALSE,東京化成工業株式会社,-, 107-43-7,25,g,1,0,,,,,ベタイン (無水),,,BetaineAnhydrous,,,東京化成工業株式会社,,-,-,25,g,g,1,-,-,-,-,,,, 107-43-7,BOUKG,B0455,1900,,,,,,,,単位管理,Unit Management,－,－,-,-,,,-,-,,,,,,,,,,,,,,,,,
ベタヒスチンメタンスルホン酸塩,FALSE,FALSE,FALSE,FALSE,FALSE,FALSE,FALSE,TRUE,FALSE,FALSE,FALSE,FALSE,FALSE,FALSE,FALSE,FALSE,東京化成工業株式会社,-, 54856-23-4,25,g,1,0,,,,,ベタヒスチンメタンスルホン酸塩,,,Betahistine Methanesulfonate,,,東京化成工業株式会社,,-,-,25,g,g,1,-,-,-,-,,,, 54856-23-4,CFPKG,B1424,11300,,,,,,,,単位管理,Unit Management,－,－,-,-,,,-,-,,,,,,,,,,,,,,,,,
ベヘン酸銀,FALSE,TRUE,FALSE,FALSE,FALSE,FALSE,FALSE,FALSE,FALSE,FALSE,FALSE,FALSE,FALSE,FALSE,FALSE,FALSE,東京化成工業株式会社,-, 2489-05-6,5,g,1,0,,,,,ベヘン酸銀,,,Silver Behenate,,,東京化成工業株式会社,,-,-,5,g,g,1,-,-,-,-,,,, 2489-05-6,BM9EG,B0398,11500,,,,,,,,単位管理,Unit Management,－,－,-,-,,,-,-,,,,,,,,,,,,,,,,,
ヘミメリット酸,FALSE,TRUE,FALSE,FALSE,FALSE,FALSE,FALSE,FALSE,FALSE,FALSE,FALSE,FALSE,FALSE,FALSE,FALSE,FALSE,東京化成工業株式会社,-, 569-51-7,5,g,1,0,,,,,ヘミメリット酸,,,Hemimellitic Acid,,,東京化成工業株式会社,,-,-,5,g,g,1,-,-,-,-,,,, 569-51-7,4GDEG,H1592,22000,,,,,,,,単位管理,Unit Management,－,－,-,-,,,-,-,,,,,,,,,,,,,,,,,
ベルベリン塩酸塩,TRUE,FALSE,FALSE,FALSE,FALSE,FALSE,FALSE,FALSE,FALSE,FALSE,FALSE,FALSE,FALSE,FALSE,FALSE,FALSE,ナカライテスク（株）,GR, 141433-60-5,25,g,1,0,,,,,ベルベリン塩酸塩,,,Berberine Hydrochloride,,,ナカライテスク（株）,,GR,,25,g,g,1,-,-,-,-,,,, 141433-60-5,0A4W6,04729-02,3800,C20H18NO4Cl・nH2O,,,,97.0% - 102.0%（無水物換算,371.81(Anh),mp. 200℃(分解) ,単位管理,Unit Management,－,－,-,-,,,-,-,,,,,,,,,,,,,,,,,
ベンジリデンアニリン,TRUE,FALSE,FALSE,FALSE,FALSE,FALSE,FALSE,FALSE,FALSE,FALSE,FALSE,FALSE,FALSE,FALSE,FALSE,FALSE,東京化成工業株式会社,-, 538-51-2,25,g,1,0,,,,,ベンジリデンアニリン,,,Benzylideneaniline,,,東京化成工業株式会社,,-,-,25,g,g,1,-,-,-,-,,,, 538-51-2,B4XKG,B1034,7900,,,,,,,,単位管理,Unit Management,－,－,-,-,,,-,-,,,,,,,,,,,,,,,,,
ベンジルジオキシム,TRUE,FALSE,FALSE,FALSE,TRUE,FALSE,FALSE,FALSE,FALSE,FALSE,FALSE,FALSE,FALSE,FALSE,FALSE,FALSE,東京化成工業株式会社,-, 23873-81-6,25,g,2,0,,,,,ベンジルジオキシム,,,Benzil Dioxime,,,東京化成工業株式会社,,-,-,25,g,g,1,-,-,-,-,,,, 23873-81-6,D70KG,D0891,6400,,,,,,,,単位管理,Unit Management,－,－,-,-,,,-,-,,,,,,,,,,,,,,,,,
ベンジルブロミド,FALSE,FALSE,FALSE,FALSE,FALSE,FALSE,FALSE,FALSE,FALSE,FALSE,FALSE,TRUE,FALSE,FALSE,FALSE,FALSE,東京化成工業株式会社,-, 100-39-0,25,g,1,0,,,,,ベンジルブロミド,,,Benzyl Bromide(stabilized with Propylene Oxide),,,東京化成工業株式会社,,-,-,25,g,g,1.44,-,-,-,-,,,, 100-39-0,BNMKG,B0411,2400,,,,,,,,単位管理,Unit Management,－,－,-,-,,,-,-,,,,,,,,,,,,,,,,,
ベンジル酸,FALSE,TRUE,FALSE,FALSE,FALSE,FALSE,FALSE,FALSE,FALSE,FALSE,FALSE,FALSE,FALSE,FALSE,FALSE,FALSE,東京化成工業株式会社,GR, 76-93-7,25,g,0,1,,,,,ベンジル酸,,,Benzilic Acid,,,東京化成工業株式会社,,GR,,25,g,g,1,-,-,-,-,,,, 76-93-7,BDOKG,B0052,2500,,-,-,,,,,単位管理,Unit Management,本,本,-,-,,,-,-,,,,,,,,,,,,,,,,,
ベンズアミド,TRUE,FALSE,FALSE,FALSE,FALSE,FALSE,FALSE,FALSE,FALSE,FALSE,FALSE,FALSE,FALSE,FALSE,FALSE,FALSE,東京化成工業株式会社,-, 55-21-0,25,g,1,0,,,,,ベンズアミド,,,Benzamide,,,東京化成工業株式会社,,-,-,25,g,g,1,-,-,-,-,,,, 55-21-0,BCKKG,B0012,2400,,,,,,,,単位管理,Unit Management,－,－,-,-,,,-,-,,,,,,,,,,,,,,,,,
ベンズアルデヒド,FALSE,FALSE,FALSE,FALSE,FALSE,FALSE,FALSE,FALSE,TRUE,FALSE,FALSE,FALSE,FALSE,FALSE,FALSE,FALSE,東京化成工業株式会社,-, 100-52-7,500,g,1,0,,,,,ベンズアルデヒド,,,Benzaldehyde,,,東京化成工業株式会社,,-,-,500,g,g,1.05,-,-,-,-,1,399,100, 100-52-7,P9BYG,B2379,3000,,,,,,,,単位管理,Unit Management,－,－,-,-,,,-,-,,,,,,,,,,,,,,,,,
ベンセラジド塩酸塩,TRUE,FALSE,FALSE,FALSE,FALSE,FALSE,FALSE,FALSE,FALSE,FALSE,FALSE,FALSE,FALSE,FALSE,FALSE,FALSE,東京化成工業株式会社,-, 14919-77-8,1,g,1,0,,,,,ベンセラジド塩酸塩,,,Benserazide Hydrochloride,,,東京化成工業株式会社,,-,-,1,g,g,1,-,-,-,-,,,, 14919-77-8,Y9JBG,B4108,6000,,,,,,,,単位管理,Unit Management,－,－,-,-,,,-,-,,,,,,,,,,,,,,,,,
ベンゼンスルホンアミド,FALSE,FALSE,FALSE,FALSE,FALSE,FALSE,FALSE,FALSE,FALSE,FALSE,FALSE,FALSE,TRUE,FALSE,FALSE,FALSE,東京化成工業株式会社,-, 98-10-2,25,g,1,0,,,,,ベンゼンスルホンアミド,,,Benzenesulfonamide,,,東京化成工業株式会社,,-,-,25,g,g,1,-,-,-,-,,,, 98-10-2,BC0KG,B0028,3900,,,,,,,,単位管理,Unit Management,－,－,-,-,,,-,-,,,,,,,,,,,,,,,,,
ベンゼンスルホン酸メチル,FALSE,FALSE,FALSE,FALSE,FALSE,FALSE,FALSE,FALSE,FALSE,TRUE,FALSE,FALSE,FALSE,FALSE,FALSE,FALSE,東京化成工業株式会社,-, 80-18-2,25,ml,1,0,,,,,ベンゼンスルホン酸メチル,,,Methyl Benzenesulfonate,,,東京化成工業株式会社,,-,-,25,ml,ml,1.27,-,-,-,-,,,, 80-18-2,BC5KM,B0033,3500,,,,,,,,単位管理,Unit Management,－,－,-,-,,,-,-,,,,,,,,,,,,,,,,,
ベンゼンスルホン酸一水和物,FALSE,FALSE,FALSE,FALSE,FALSE,FALSE,FALSE,FALSE,FALSE,FALSE,FALSE,TRUE,TRUE,FALSE,FALSE,FALSE,東京化成工業株式会社,-, 26158-00-9,25,g,1,0,,,,,ベンゼンスルホン酸一水和物,,,Benzenesulfonic AcidMonohydrate,,,東京化成工業株式会社,,-,-,25,g,g,1,-,-,-,-,,,, 26158-00-9,BC2KG,B0030,3100,,,,,,,,単位管理,Unit Management,－,－,-,-,,,-,-,,,,,,,,,,,,,,,,,
ベンゾイミダゾール,TRUE,FALSE,TRUE,FALSE,FALSE,FALSE,FALSE,FALSE,FALSE,FALSE,FALSE,FALSE,FALSE,FALSE,FALSE,FALSE,東京化成工業株式会社,-, 51-17-2,25,g,1,0,,,,,ベンゾイミダゾール,,,Benzimidazole,,,東京化成工業株式会社,,-,-,25,g,g,1,-,-,-,-,,,, 51-17-2,BDQKG,B0054,4000,,,,,,,,単位管理,Unit Management,－,－,-,-,,,-,-,,,,,,,,,,,,,,,,,
ベンゾイミダゾール,TRUE,FALSE,FALSE,FALSE,FALSE,FALSE,FALSE,FALSE,FALSE,FALSE,FALSE,FALSE,FALSE,FALSE,FALSE,FALSE,ナカライテスク（株）,GR, 51-17-2,25,g,1,0,,,,,ベンゾイミダゾール,,,Benzimidazole,,,ナカライテスク（株）,,GR,,25,g,g,1,-,-,-,-,,,, 51-17-2,08TIM,04115-32,5950,C7H6N2,,,,≧98.0%(T),118.14,mp. 169～174℃ ,単位管理,Unit Management,－,－,-,-,,,-,-,,,,,,,,,,,,,,,,,
ベンゾフェノン,TRUE,FALSE,FALSE,FALSE,FALSE,FALSE,FALSE,FALSE,FALSE,FALSE,FALSE,FALSE,FALSE,FALSE,FALSE,FALSE,東京化成工業株式会社,-, 119-61-9,25,g,1,0,,,,,ベンゾフェノン,,,Benzophenone,,,東京化成工業株式会社,,-,-,25,g,g,1,-,-,-,-,1,403,100, 119-61-9,BEJKG,B0083,1900,,,,,,,,単位管理,Unit Management,－,－,-,-,,,-,-,,,,,,,,,,,,,,,,,
"ベンゾフェノン-4,4'-ジカルボン酸",TRUE,FALSE,FALSE,FALSE,FALSE,FALSE,FALSE,FALSE,FALSE,FALSE,FALSE,FALSE,FALSE,FALSE,FALSE,FALSE,東京化成工業株式会社,-, 964-68-1,25,g,1,0,,,,,"ベンゾフェノン-4,4'-ジカルボン酸",,,"Benzophenone-4,4'-dicarboxylic Acid",,,東京化成工業株式会社,,-,-,25,g,g,1,-,-,-,-,,,, 964-68-1,M3PKG,B1741,11700,,-,-,,,,,単位管理,Unit Management,本,本,-,-,,,-,-,,,,,,,,,,,,,,,,,
ベンゾフェノンイミン,TRUE,FALSE,FALSE,FALSE,FALSE,FALSE,FALSE,FALSE,FALSE,FALSE,FALSE,FALSE,FALSE,FALSE,FALSE,FALSE,東京化成工業株式会社,-, 1013-88-3,5,g,1,0,,,,,ベンゾフェノンイミン,,,Benzophenone Imine,,,東京化成工業株式会社,,-,-,5,g,g,1.08,-,-,-,-,,,, 1013-88-3,NZCEG,B1912,4600,,,,,,,,単位管理,Unit Management,－,－,-,-,,,-,-,,,,,,,,,,,,,,,,,
ペンタセン (昇華精製品),FALSE,TRUE,FALSE,FALSE,FALSE,FALSE,FALSE,FALSE,FALSE,FALSE,FALSE,FALSE,FALSE,FALSE,FALSE,FALSE,東京化成工業株式会社,-, 135-48-8,100,mg,1,0,,,,,ペンタセン (昇華精製品),,,Pentacene(purified by sublimation),,,東京化成工業株式会社,,-,-,100,mg,mg,1,-,-,-,-,,,, 135-48-8,II8SD,P0030,4500,,,,,,,,単位管理,Unit Management,－,－,-,-,,,-,-,,,,,,,,,,,,,,,,,
ペンタフルオロベンジルブロミド,FALSE,FALSE,FALSE,FALSE,TRUE,FALSE,FALSE,FALSE,FALSE,FALSE,FALSE,FALSE,FALSE,FALSE,FALSE,FALSE,東京化成工業株式会社,-, 1765-40-8,1,g,1,0,,,,,ペンタフルオロベンジルブロミド,,,Pentafluorobenzyl Bromide,,,東京化成工業株式会社,,-,-,1,g,g,1.85,-,-,-,-,,,, 1765-40-8,I4VBG,P0809,2500,,,,,,,,単位管理,Unit Management,－,－,-,-,,,-,-,,,,,,,,,,,,,,,,,
ペンタフルオロヨードベンゼン,FALSE,FALSE,FALSE,FALSE,FALSE,TRUE,FALSE,FALSE,FALSE,FALSE,FALSE,FALSE,FALSE,FALSE,FALSE,FALSE,東京化成工業株式会社,-, 827-15-6,5,g,1,0,,,,,ペンタフルオロヨードベンゼン,,,Pentafluoroiodobenzene(stabilized with Copper chip),,,東京化成工業株式会社,,-,-,5,g,g,2.21,-,-,-,-,,,, 827-15-6,L9YEG,P1188,6300,,,,,,,,単位管理,Unit Management,－,－,-,-,,,-,-,,,,,,,,,,,,,,,,,
ほう酸 (25g),FALSE,FALSE,TRUE,FALSE,FALSE,FALSE,FALSE,FALSE,FALSE,FALSE,FALSE,FALSE,FALSE,FALSE,FALSE,FALSE,富士フイルム和光純薬(株),試薬特級 [JISマーク認定品目], 10043-35-3,25,g,1,0,,,,,ほう酸 (25g),,,Boric Acid,,,富士フイルム和光純薬(株),,試薬特級 [JISマーク認定品目],,25,g,g,1.435,室温,,-,-,1,405,17.5, 10043-35-3,4.99E+12,027-02192,1100,H3BO3,,,,99.5+%(Titration),,mp. 約171℃ ,単位管理,Unit Management,－,－,-,-,,,-,-,,,,,,,,,,,,,,,,,
ほう酸トリブチル,FALSE,TRUE,FALSE,FALSE,FALSE,FALSE,FALSE,FALSE,FALSE,FALSE,FALSE,FALSE,FALSE,FALSE,FALSE,FALSE,東京化成工業株式会社,-, 688-74-4,25,ml,1,0,,,,,ほう酸トリブチル,,,Tributyl Borate,,,東京化成工業株式会社,,-,-,25,ml,ml,0.86,-,-,-,-,1,405,100, 688-74-4,BQLKM,B0518,2100,,,,,,,,単位管理,Unit Management,－,－,-,-,,,-,-,,,,,,,,,,,,,,,,,
ホスホマイシン二ナトリウム,FALSE,FALSE,FALSE,FALSE,FALSE,FALSE,FALSE,FALSE,,FALSE,FALSE,FALSE,FALSE,FALSE,FALSE,TRUE,東京化成工業株式会社,-, 26016-99-9,5,g,0,1,,,,,ホスホマイシン二ナトリウム,,,Fosfomycin Disodium Salt,,,東京化成工業株式会社,,-,-,5,g,g,1,冷蔵貯蔵,,-,-,,,, 26016-99-9,ZGZEG,F0889,8200,,,,,,,,単位管理,Unit Management,－,－,-,-,,,-,-,,,,,,,,,,,,,,,,,
"マグネシウム, 削り状 (100g)",FALSE,FALSE,TRUE,FALSE,FALSE,FALSE,FALSE,FALSE,FALSE,FALSE,FALSE,FALSE,FALSE,FALSE,FALSE,FALSE,富士フイルム和光純薬(株),ｸﾞﾘﾆｬｰﾙ反応用, 7439-95-4,100,g,1,0,,,,,"マグネシウム, 削り状 (100g)",,,"Magnesium, Turnings",,,富士フイルム和光純薬(株),,ｸﾞﾘﾆｬｰﾙ反応用,,100,g,g,1.74,室温,,-,-,,,, 7439-95-4,4.99E+12,137-06041,3750,Mg,,,,99.5+%(Titration),,mp. 650℃ bp. 1107℃,単位管理,Unit Management,－,－,-,-,,,-,-,,,,,,,,,,,,,,,,,
ﾏﾗｶｲﾄｸﾞﾘｰﾝｶﾙﾋﾞﾉｰﾙ､塩基性,TRUE,FALSE,FALSE,FALSE,FALSE,FALSE,FALSE,FALSE,FALSE,FALSE,FALSE,FALSE,FALSE,FALSE,FALSE,FALSE,Aldrich,-, 510-13-4,5,g,1,0,,,,,ﾏﾗｶｲﾄｸﾞﾘｰﾝｶﾙﾋﾞﾉｰﾙ､塩基性,,,"Malachite Green Carbinol base, Dye content 90 %",,,Aldrich,,-,-,5,g,g,1,室温,,-,-,,,, 510-13-4,,229105,,,-,-,,,,,単位管理,Unit Management,本,本,-,-,,,-,-,,,,,,,,,,,,,,,,,
マルボフロキサシン標準品 (200mg),TRUE,FALSE,FALSE,FALSE,FALSE,FALSE,FALSE,FALSE,FALSE,FALSE,FALSE,FALSE,FALSE,FALSE,FALSE,FALSE,富士フイルム和光純薬(株),高速液体クロマトグラフ用, 115550-35-1,200,mg,1,0,,,,,マルボフロキサシン標準品 (200mg),,,Marbofloxacin Standard,,,富士フイルム和光純薬(株),,高速液体クロマトグラフ用,,200,mg,mg,1,冷蔵貯蔵,,-,-,,,, 115550-35-1,4.99E+12,133-15291,27900,C17H19FN4O4,,,,98+%(HPLC),,mp. 約270℃ (dec.) ,単位管理,Unit Management,－,－,-,-,,,-,-,,,,,,,,,,,,,,,,,
マレイン酸,TRUE,FALSE,FALSE,FALSE,FALSE,FALSE,FALSE,FALSE,FALSE,FALSE,FALSE,FALSE,FALSE,FALSE,FALSE,FALSE,ナカライテスク（株）,ＳＰ, 110-16-7,25,g,1,0,,,,,マレイン酸,,,Maleic Acid,,,ナカライテスク（株）,,ＳＰ,,25,g,g,1,-,-,-,-,,,, 110-16-7,0P5K2,11736-82,4750,HOOCCH:CHCOOH,,,,≧99.0%(T),116.07,mp. 133℃ ,単位管理,Unit Management,－,－,-,-,,,-,-,,,,,,,,,,,,,,,,,
マロンアミド,FALSE,FALSE,FALSE,FALSE,FALSE,FALSE,FALSE,FALSE,FALSE,FALSE,FALSE,FALSE,TRUE,FALSE,FALSE,FALSE,東京化成工業株式会社,-, 108-13-4,25,g,1,0,,,,,マロンアミド,,,Malonamide,,,東京化成工業株式会社,,-,-,25,g,g,1,-,-,-,-,,,, 108-13-4,G3BKG,M0027,2600,,,,,,,,単位管理,Unit Management,－,－,-,-,,,-,-,,,,,,,,,,,,,,,,,
マロン酸,TRUE,FALSE,FALSE,FALSE,FALSE,FALSE,FALSE,FALSE,FALSE,FALSE,FALSE,FALSE,FALSE,FALSE,FALSE,FALSE,東京化成工業株式会社,-, 141-82-2,25,g,1,0,,,,,マロン酸,,,Malonic Acid,,,東京化成工業株式会社,,-,-,25,g,g,1,-,-,-,-,,,, 141-82-2,G3CKG,M0028,2100,,,,,,,,単位管理,Unit Management,－,－,-,-,,,-,-,,,,,,,,,,,,,,,,,
ミルセン,FALSE,FALSE,FALSE,FALSE,FALSE,FALSE,FALSE,TRUE,FALSE,FALSE,FALSE,FALSE,FALSE,FALSE,FALSE,FALSE,東京化成工業株式会社,-, 123-35-3,25,ml,1,0,,,,,ミルセン,,,Myrcene(stabilized with BHT),,,東京化成工業株式会社,,-,-,25,ml,ml,0.8,冷蔵貯蔵,,-,-,2,819,100, 123-35-3,G83KM,M0235,2000,,,,,,,,単位管理,Unit Management,－,－,-,-,,,-,-,,,,,,,,,,,,,,,,,
ﾒｼﾁﾚﾝ,FALSE,FALSE,FALSE,FALSE,FALSE,FALSE,FALSE,FALSE,FALSE,FALSE,TRUE,FALSE,FALSE,FALSE,TRUE,FALSE,関東化学株式会社,鹿特級, 108-67-8,500,ml,2,0,,,,,ﾒｼﾁﾚﾝ,"1,3,5-ﾄﾘﾒﾁﾙﾍﾞﾝｾﾞﾝ",,Mesitylene,"1,3,5-Trimethylbenzene",,関東化学株式会社,"Kanto Chemical Co., Inc.",鹿特級,,500,ml,ml,0.865,-,-,-,-,1,691,100, 108-67-8,2514700J,25147-00,4900,C6H3(CH3)3,ガラスビン,,,>98.0%(GC),120.1912,bp.164.7℃ mp.-45℃ d(20/4℃) 0.865 Fp.43℃,単位管理,Unit Management,－,－,-,-,,,-,-,,,,,,,108678.jpg,,C9／H12,,,,,,,,
メタノール－ｄ,FALSE,FALSE,FALSE,TRUE,FALSE,FALSE,FALSE,FALSE,FALSE,FALSE,FALSE,FALSE,FALSE,FALSE,FALSE,FALSE,Aldrich,-, 1455-13-6,25,g,1,0,,,,,メタノール－ｄ,,,"METHYL ALCOHOL-D, 99.5+ ATOM % D",,,Aldrich,,-,-,25,g,g,1,室温,,-,-,,,, 1455-13-6,,151939,,,-,-,,,,,単位管理,Unit Management,本,本,-,-,,,-,-,,,,,,,,,,,,,,,,,
メタノール-D1 (重水素化率 99.5%以上) NMR用 マグニソルブ(TM),FALSE,FALSE,FALSE,FALSE,FALSE,FALSE,FALSE,FALSE,FALSE,FALSE,TRUE,FALSE,FALSE,FALSE,FALSE,FALSE,Merck,, 1455-13-6,100,ml,1,0,,,,,メタノール-D1 (重水素化率 99.5%以上) NMR用 マグニソルブ(TM),,,Methanol-D1 deuteration degree min. 99.5% for NMR spectroscopy MagniSolv(TM),METHANOL-D1 DEUTERATION DEGREE MIN. 99.5% FOR NMR SPECTROSCOPY MAGNISOLV(TM),,Merck,,,,100,ml,ml,0.81,-,-,-,-,,,, 1455-13-6,,815051,40200,CH3OD,,,,,,,単位管理,Unit Management,－,－,-,-,,,-,-,,,,,,,,,,,,,,,,,
ﾒﾀﾉｰﾙ-d4(重水素化率99.8%以上),FALSE,FALSE,FALSE,TRUE,FALSE,FALSE,FALSE,FALSE,FALSE,FALSE,FALSE,FALSE,FALSE,FALSE,FALSE,FALSE,Merck KGaA (Merck Millipore),MagniSolv, 811-98-3,25,ml,1,0,,,,,ﾒﾀﾉｰﾙ-d4(重水素化率99.8%以上),ﾒﾁﾙｱﾙｺｰﾙ-d4(重水素化率99.8%以上),,"Methanol-d4, 99.8+ atom % D","Methyl alcohol-d4, 99.8+ atom % D",,Merck KGaA (Merck Millipore),,MagniSolv,,25,ml,ml,1,-,-,-,-,,,, 811-98-3,,6028-4M,39500,CD3OD,ガラスビン,,,,36.0664,,単位管理,Unit Management,－,－,-,-,,,-,-,,,,,,,,,C1／D4／O1,,,,,,,,
メタンスルホン酸,FALSE,FALSE,FALSE,FALSE,FALSE,FALSE,FALSE,FALSE,FALSE,FALSE,FALSE,TRUE,FALSE,FALSE,FALSE,FALSE,東京化成工業株式会社,-, 75-75-2,25,g,2,0,,,,,メタンスルホン酸,,,Methanesulfonic Acid,,,東京化成工業株式会社,,-,-,25,g,g,1.48,-,-,-,-,,,, 75-75-2,G45KG,M0093,2100,,,,,,,,単位管理,Unit Management,－,－,-,-,,,-,-,,,,,,,,,,,,,,,,,
メチル‐β‐シクロデキストリン,FALSE,FALSE,TRUE,FALSE,FALSE,FALSE,FALSE,FALSE,FALSE,FALSE,FALSE,FALSE,FALSE,FALSE,FALSE,FALSE,純正化学株式会社,-, 128446-36-6,200,g,1,0,,,,,メチル‐β‐シクロデキストリン,,,,,,純正化学株式会社,,-,-,200,g,g,1,-,-,-,-,,,, 128446-36-6,,74148-1605,,,プラスチックビン,,,,,,単位管理,Unit Management,－,－,-,-,,,-,-,,,,,,,,,C42／H49／O14／OCH3／OH21,,,,,,,,
メチルイエロー,TRUE,FALSE,FALSE,FALSE,FALSE,FALSE,FALSE,FALSE,FALSE,FALSE,FALSE,FALSE,FALSE,FALSE,FALSE,FALSE,SAJ,-, 60-11-7,25,g,1,0,,,,,メチルイエロー,,,"Methyl Yellow,SG",,,SAJ,,-,-,25,g,g,1,室温,,-,-,,,, 60-11-7,,19-4490-2,,,-,-,,,,,単位管理,Unit Management,本,本,-,-,,,-,-,,,,,,,,,,,,,,,,,
ﾒﾁﾙｴﾛｰ,TRUE,FALSE,FALSE,FALSE,FALSE,FALSE,FALSE,FALSE,FALSE,FALSE,FALSE,FALSE,FALSE,FALSE,FALSE,FALSE,関東化学株式会社,特級, 60-11-7,25,g,1,0,,,,,ﾒﾁﾙｴﾛｰ,ﾊﾞﾀｰｲｪﾛｰ,4-ｼﾞﾒﾁﾙｱﾐﾉｱｿﾞﾍﾞﾝｾﾞﾝ,Methyl yellow,Butter yellow,4-Dimethylaminoazobenzene,関東化学株式会社,"Kanto Chemical Co., Inc.",特級,,25,g,g,1,-,-,-,-,,,, 60-11-7,1031330B,10313-30,4700,C6H5N:NC6H4N(CH3)2,-,-,"橙色,粉末",,225.2887,mp.114℃～117℃,単位管理,Unit Management,－,－,-,-,,,-,-,,,,,,,,,C14／H15／N3,,,,,,,,
メチルオレンジ,TRUE,FALSE,FALSE,FALSE,FALSE,FALSE,FALSE,FALSE,FALSE,FALSE,FALSE,FALSE,FALSE,FALSE,FALSE,FALSE,東京化成工業株式会社,-, 547-58-0,25,g,1,0,,,,,メチルオレンジ,,,Methyl Orange,,,東京化成工業株式会社,,-,-,25,g,g,1,-,-,-,-,,,, 547-58-0,HF4KG,M0489,5300,,,,,,,,単位管理,Unit Management,－,－,-,-,,,-,-,,,,,,,,,,,,,,,,,
メチルジフェニルホスフィン,FALSE,FALSE,FALSE,FALSE,FALSE,FALSE,FALSE,FALSE,FALSE,FALSE,TRUE,FALSE,FALSE,FALSE,FALSE,FALSE,Aldrich,-, 1486-28-8,1,g,2,0,,,,,メチルジフェニルホスフィン,,,"METHYLDIPHENYLPHOSPHINE, 99%",,,Aldrich,,-,-,1,g,g,1,室温,,-,-,,,, 1486-28-8,,244902,,,-,-,,,,,単位管理,Unit Management,本,本,-,-,,,-,-,,,,,,,,,,,,,,,,,
ﾒﾁﾙﾋﾞｵﾛｹﾞﾝ水和物,FALSE,FALSE,FALSE,FALSE,TRUE,FALSE,FALSE,FALSE,FALSE,FALSE,FALSE,FALSE,FALSE,FALSE,FALSE,FALSE,Thermo Fisher Scientific Inc.,-, 1910-42-5,5,g,1,0,,,,,ﾒﾁﾙﾋﾞｵﾛｹﾞﾝ水和物,,,Methyl viologen hydrate,,,Thermo Fisher Scientific Inc.,,-,-,5,g,g,1,-,-,-,-,1,227,100, 1910-42-5,,22732-3A,33330,C12H14Cl2N2･nH2O,ガラスビン,,,,,mp.>300℃,重量管理,Weight Management,g,g,天秤＆ｷｰﾎﾞｰﾄﾞ入力,keyboard to input port and balance,g,g,持出／返却,Check-out/Return,,,,,,,,,C12／CL2／H14／N2,,,,,,,,
メチルレッド,TRUE,FALSE,FALSE,FALSE,FALSE,FALSE,FALSE,FALSE,FALSE,FALSE,FALSE,FALSE,FALSE,FALSE,FALSE,FALSE,東京化成工業株式会社,-, 493-52-7,1,g,1,0,,,,,メチルレッド,,,Methyl Red,,,東京化成工業株式会社,,-,-,1,g,g,1,-,-,-,-,,,, 493-52-7,HD8BG,M0421,1900,,,,,,,,単位管理,Unit Management,－,－,-,-,,,-,-,,,,,,,,,,,,,,,,,
メチレンブルー (25g),FALSE,TRUE,FALSE,FALSE,FALSE,FALSE,FALSE,FALSE,FALSE,FALSE,FALSE,FALSE,FALSE,FALSE,FALSE,FALSE,富士フイルム和光純薬(株),試薬特級 [JISマーク認定品目], 7220-79-3,25,g,3,0,,,,,メチレンブルー (25g),,,Methylene Blue,,,富士フイルム和光純薬(株),,試薬特級 [JISマーク認定品目],,25,g,g,0.98,室温,,-,-,,,, 7220-79-3,4.99E+12,133-06962,5200,C16H18N3SCl・3H2O,,,,98.5+%(calculated on,,mp. 190℃ ,単位管理,Unit Management,－,－,-,-,,,-,-,,,,,,,,,,,,,,,,,
メチレンブルー二水和物,TRUE,FALSE,FALSE,FALSE,FALSE,FALSE,FALSE,FALSE,FALSE,FALSE,FALSE,FALSE,FALSE,FALSE,FALSE,FALSE,ナカライテスク（株）,ＥＰ, 7220-79-3,25,g,1,0,,,,,メチレンブルー二水和物,,,Methylene Blue Dihydrate,,,ナカライテスク（株）,,ＥＰ,,25,g,g,1,-,-,-,-,,,, 7220-79-3,1C2V6,22432-12,4300,C16H18ClN3S・2H2O,,,,≧95.0%（乾燥物換算）(W),355.88,,単位管理,Unit Management,－,－,-,-,,,-,-,,,,,,,,,,,,,,,,,
メフェナム酸,FALSE,FALSE,FALSE,FALSE,FALSE,FALSE,FALSE,FALSE,TRUE,FALSE,FALSE,FALSE,FALSE,FALSE,FALSE,FALSE,東京化成工業株式会社,-, 61-68-7,25,g,1,0,,,,,メフェナム酸,,,Mefenamic Acid,,,東京化成工業株式会社,,-,-,25,g,g,1,-,-,-,-,,,, 61-68-7,SLVKG,M1782,5100,,,,,,,,単位管理,Unit Management,－,－,-,-,,,-,-,,,,,,,,,,,,,,,,,
メラミン (モノマー),FALSE,TRUE,FALSE,FALSE,FALSE,FALSE,FALSE,FALSE,FALSE,FALSE,FALSE,FALSE,FALSE,FALSE,FALSE,FALSE,東京化成工業株式会社,-, 108-78-1,25,g,1,0,,,,,メラミン (モノマー),,,Melamine Monomer,,,東京化成工業株式会社,,-,-,25,g,g,1,-,-,-,-,1,682,100, 108-78-1,KVMKG,T0337,1900,,,,,,,,単位管理,Unit Management,－,－,-,-,,,-,-,,,,,,,,,,,,,,,,,
メロキシカム,FALSE,FALSE,FALSE,FALSE,FALSE,TRUE,FALSE,FALSE,FALSE,FALSE,FALSE,FALSE,FALSE,FALSE,FALSE,FALSE,東京化成工業株式会社,-, 71125-38-7,5,g,1,0,,,,,メロキシカム,,,Meloxicam,,,東京化成工業株式会社,,-,-,5,g,g,1,冷蔵貯蔵,,-,-,,,, 71125-38-7,T92EG,M1959,3600,,,,,,,,単位管理,Unit Management,－,－,-,-,,,-,-,,,,,,,,,,,,,,,,,
メロキシカム,FALSE,FALSE,FALSE,FALSE,FALSE,TRUE,FALSE,FALSE,FALSE,FALSE,FALSE,FALSE,FALSE,FALSE,FALSE,FALSE,東京化成工業株式会社,-, 71125-38-7,25,g,1,0,,,,,メロキシカム,,,Meloxicam,,,東京化成工業株式会社,,-,-,25,g,g,1,冷蔵貯蔵,,-,-,,,, 71125-38-7,T92KG,M1959,11400,,,,,,,,単位管理,Unit Management,－,－,-,-,,,-,-,,,,,,,,,,,,,,,,,
ﾓｷｼﾌﾛｷｻｼﾝ塩酸塩,FALSE,FALSE,FALSE,FALSE,FALSE,FALSE,FALSE,TRUE,FALSE,FALSE,FALSE,FALSE,FALSE,FALSE,FALSE,FALSE,Thermo Fisher Scientific Inc.,-, 186826-86-8,1,g,1,0,,,,,ﾓｷｼﾌﾛｷｻｼﾝ塩酸塩,,,Moxifloxacin hydrochloride,,,Thermo Fisher Scientific Inc.,,-,-,1,g,g,1,-,-,-,-,,,, 186826-86-8,,45796-1A,39270,C21H24FN3O4･HCl,-,-,,,437.8907,,単位管理,Unit Management,－,－,-,-,,,-,-,,,,,,,,,C21／F1／H24／N3／O4,,,,,,,,
モキシフロキサシン塩酸塩一水和物,FALSE,FALSE,FALSE,FALSE,FALSE,FALSE,FALSE,FALSE,FALSE,FALSE,FALSE,FALSE,TRUE,FALSE,FALSE,FALSE,東京化成工業株式会社,-, 192927-63-2,1,g,1,0,,,,,モキシフロキサシン塩酸塩一水和物,,,Moxifloxacin HydrochlorideMonohydrate,,,東京化成工業株式会社,,-,-,1,g,g,1,-,-,-,-,,,, 192927-63-2,Z8NBG,M2479,62300,,,,,,,,単位管理,Unit Management,－,－,-,-,,,-,-,,,,,,,,,,,,,,,,,
モルホリン,FALSE,FALSE,FALSE,FALSE,FALSE,FALSE,FALSE,FALSE,FALSE,FALSE,TRUE,FALSE,FALSE,FALSE,FALSE,FALSE,ナカライテスク（株）,GR, 110-91-8,500,ml,1,0,,,,,モルホリン,,,Morpholine,,,ナカライテスク（株）,,GR,,500,ml,ml,1,-,-,-,-,,,, 110-91-8,1E7HL,23425-95,3650,C4H9NO,,,,≧98.0%(GC),87.12,mp. -4.9℃ bp. 128.9℃,単位管理,Unit Management,－,－,-,-,,,-,-,,,,,,,,,,,,,,,,,
モレキュラーシーブ 4A 1/8,FALSE,FALSE,TRUE,FALSE,FALSE,FALSE,FALSE,FALSE,FALSE,FALSE,FALSE,FALSE,FALSE,FALSE,FALSE,FALSE,ナカライテスク（株）,-, 70955-01-0,500,g,1,0,,,,,モレキュラーシーブ 4A 1/8,,,Molecular Sieves 4A 1/8,,,ナカライテスク（株）,,-,-,500,g,g,1,-,-,-,-,,,, 70955-01-0,08XU9,04171-05,3900,Na12[(AlO2)12(SiO2)12]・27H2O,,,円筒状　　直径：３．２ｍｍ,,,,単位管理,Unit Management,－,－,-,-,,,-,-,,,,,,,,,,,,,,,,,
モレキュラシーブス 3A 1/16 (500g),FALSE,FALSE,TRUE,FALSE,FALSE,FALSE,FALSE,FALSE,FALSE,FALSE,FALSE,FALSE,FALSE,FALSE,FALSE,FALSE,富士フイルム和光純薬(株),-, 308080-99-1,500,g,0,1,,,,,モレキュラシーブス 3A 1/16 (500g),,,Molecular Sieves 3A 1/16,,,富士フイルム和光純薬(株),,-,-,500,g,g,1,室温,,-,-,,,, 308080-99-1,4.99E+12,134-06095,3850,,,,,,,,単位管理,Unit Management,－,－,-,-,,,-,-,,,,,,,,,,,,,,,,,
モレキュラシーブス 5A 1/8 (500g),FALSE,FALSE,TRUE,FALSE,FALSE,FALSE,FALSE,FALSE,FALSE,FALSE,FALSE,FALSE,FALSE,FALSE,FALSE,FALSE,富士フイルム和光純薬(株),-, 69912-79-4,500,g,1,0,,,,,モレキュラシーブス 5A 1/8 (500g),,,Molecular Sieves 5A 1/8,,,富士フイルム和光純薬(株),,-,-,500,g,g,1,室温,,-,-,,,, 69912-79-4,4.99E+12,137-08665,4730,,,,,,,,単位管理,Unit Management,－,－,-,-,,,-,-,,,,,,,,,,,,,,,,,
よう化カリウム (500g),FALSE,FALSE,TRUE,FALSE,FALSE,FALSE,FALSE,FALSE,FALSE,FALSE,FALSE,FALSE,FALSE,FALSE,FALSE,FALSE,富士フイルム和光純薬(株),和光一級, 7681-11-0,500,g,1,0,,,,,よう化カリウム (500g),,,Potassium Iodide,,,富士フイルム和光純薬(株),,和光一級,,500,g,g,3.13,室温,,-,-,,,, 7681-11-0,4.99E+12,165-03985,7300,KI,,,,99+%(Titration),,"mp. 681℃ bp. 1,330℃",単位管理,Unit Management,－,－,-,-,,,-,-,,,,,,,,,,,,,,,,,
よう化ナトリウム (100g),FALSE,FALSE,TRUE,FALSE,FALSE,FALSE,FALSE,FALSE,FALSE,FALSE,FALSE,FALSE,FALSE,FALSE,FALSE,FALSE,富士フイルム和光純薬(株),和光特級, 7681-82-5,100,g,1,0,,,,,よう化ナトリウム (100g),,,Sodium Iodide,,,富士フイルム和光純薬(株),,和光特級,,100,g,g,3.67,室温,,-,-,,,, 7681-82-5,4.99E+12,196-02271,3380,NaI,,,,99.5+%(Titration),,mp. 661℃ bp. 1300℃,単位管理,Unit Management,－,－,-,-,,,-,-,,,,,,,,,,,,,,,,,
よう化亜鉛 (25g),FALSE,FALSE,FALSE,FALSE,FALSE,FALSE,FALSE,TRUE,FALSE,FALSE,FALSE,FALSE,FALSE,FALSE,FALSE,FALSE,和光純薬工業(株),和光一級, 10139-47-6,25,g,1,0,,,,,よう化亜鉛 (25g),,,Zinc Iodide,,,和光純薬工業(株),,和光一級,,25,g,g,4.74,室温,,-,-,1,1,20.5, 10139-47-6,4.99E+12,265-00312,3300,ZnI2,-,-,白色～黄色、結晶性粉末,95+%(Titration),319.2,mp. 446℃ bp. 624℃  (dec.),単位管理,Unit Management,本,本,-,-,,,-,-,,,,,,,,,,,,,,,,,
"よう化鉛(II) (99.99%, trace metals basis) [ペロブスカイト前駆体用]",FALSE,FALSE,TRUE,FALSE,FALSE,FALSE,FALSE,FALSE,FALSE,FALSE,FALSE,FALSE,FALSE,FALSE,FALSE,FALSE,東京化成工業株式会社,-, 10101-63-0,5,g,1,0,,,,,"よう化鉛(II) (99.99%, trace metals basis) [ペロブスカイト前駆体用]",,,"Lead(II) Iodide(99.99%, trace metals basis) [for Perovskite precursor]",,,東京化成工業株式会社,,-,-,5,g,g,1,-,-,-,-, 特1,697,100, 10101-63-0,0Y2EG,L0279,5500,,,,,,,,単位管理,Unit Management,－,－,-,-,,,-,-,,,,,,,,,,,,,,,,,
よう素,TRUE,FALSE,FALSE,FALSE,FALSE,FALSE,FALSE,FALSE,FALSE,FALSE,FALSE,FALSE,FALSE,FALSE,FALSE,FALSE,東京化成工業株式会社,-, 7553-56-2,25,g,1,0,,,,,よう素,,,Iodine,,,東京化成工業株式会社,,-,-,25,g,g,1,-,-,-,-,,,, 7553-56-2,QN5KG,I0604,2300,,,,,,,,単位管理,Unit Management,－,－,-,-,,,-,-,,,,,,,,,,,,,,,,,
よう素酸 (25g),FALSE,FALSE,TRUE,FALSE,FALSE,FALSE,FALSE,FALSE,FALSE,FALSE,FALSE,FALSE,FALSE,FALSE,FALSE,FALSE,和光純薬工業(株),和光特級, 7782-68-5,25,g,1,0,,,,,よう素酸 (25g),,,Iodic Acid,,,和光純薬工業(株),,和光特級,,25,g,g,4.629,室温,,-,-,,,, 7782-68-5,4.99E+12,098-00382,3400,HIO3,-,-,白色～ほとんど白色、結晶～粉末,99+%(Titration),175.91,mp. 110℃ ,単位管理,Unit Management,本,本,-,-,,,-,-,,,,,,,,,,,,,,,,,
ヨードエタン,FALSE,FALSE,FALSE,FALSE,FALSE,FALSE,FALSE,TRUE,FALSE,FALSE,FALSE,FALSE,FALSE,FALSE,FALSE,FALSE,東京化成工業株式会社,-, 75-03-6,25,g,1,0,,,,,ヨードエタン,,,Iodoethane(stabilized with Copper chip),,,東京化成工業株式会社,,-,-,25,g,g,1.94,-,-,-,-,,,, 75-03-6,GM6KG,I0058,2000,,,,,,,,単位管理,Unit Management,－,－,-,-,,,-,-,,,,,,,,,,,,,,,,,
ヨードベンゼン,FALSE,FALSE,FALSE,FALSE,FALSE,FALSE,FALSE,TRUE,FALSE,FALSE,FALSE,FALSE,FALSE,FALSE,FALSE,FALSE,東京化成工業株式会社,-, 591-50-4,25,g,1,0,,,,,ヨードベンゼン,,,Iodobenzene,,,東京化成工業株式会社,,-,-,25,g,g,1.83,-,-,-,-,,,, 591-50-4,GMYKG,I0050,2900,,,,,,,,単位管理,Unit Management,－,－,-,-,,,-,-,,,,,,,,,,,,,,,,,
ヨードホルム,FALSE,FALSE,FALSE,FALSE,FALSE,FALSE,FALSE,TRUE,FALSE,FALSE,FALSE,FALSE,FALSE,FALSE,FALSE,FALSE,ナカライテスク（株）,ＥＰ, 75-47-8,25,g,1,0,,,,,ヨードホルム,,,Iodoform,,,ナカライテスク（株）,,ＥＰ,,25,g,g,1,-,-,-,-,,,, 75-47-8,15EL6,19318-22,3300,CHI3,,,,≧98.0%(T),393.73,mp. 120℃ bp. 210℃(昇華),単位管理,Unit Management,－,－,-,-,,,-,-,,,,,,,,,,,,,,,,,
ヨードメタン,FALSE,FALSE,FALSE,FALSE,TRUE,FALSE,FALSE,FALSE,FALSE,FALSE,FALSE,FALSE,FALSE,FALSE,FALSE,FALSE,東京化成工業株式会社,-, 74-88-4,100,ml,1,0,,,,,ヨードメタン,,,Iodomethane(stabilized with Copper chip),,,東京化成工業株式会社,,-,-,100,ml,ml,2.28,-,-,-,-,,,, 74-88-4,GM8SM,I0060,6300,,,,,,,,単位管理,Unit Management,－,－,-,-,,,-,-,,,,,,,,,,,,,,,,,
ラウリル硫酸ナトリウム,FALSE,TRUE,FALSE,FALSE,FALSE,FALSE,FALSE,FALSE,FALSE,FALSE,FALSE,FALSE,FALSE,FALSE,FALSE,FALSE,ナカライテスク（株）,ＥＰ, 151-21-3,25,g,1,0,,,,,ラウリル硫酸ナトリウム,,,Sodium Lauryl Sulfate,,,ナカライテスク（株）,,ＥＰ,,25,g,g,1,-,-,-,-,1,275,100, 151-21-3,1VQQI,31606-62,1900,CH3(CH2)11OSO3Na,,,,≧95.0%(T),288.38,mp. 204℃ ,単位管理,Unit Management,－,－,-,-,,,-,-,,,,,,,,,,,,,,,,,
ラミプリル,FALSE,FALSE,FALSE,FALSE,FALSE,FALSE,FALSE,TRUE,TRUE,FALSE,FALSE,FALSE,FALSE,FALSE,FALSE,FALSE,東京化成工業株式会社,-, 87333-19-5,5,g,3,0,,,,,ラミプリル,,,Ramipril,,,東京化成工業株式会社,,-,-,5,g,g,1,冷蔵貯蔵,,-,-,,,, 87333-19-5,6U4EG,R0219,48000,,,,,,,,単位管理,Unit Management,－,－,-,-,,,-,-,,,,,,,,,,,,,,,,,
ラモトリジン,FALSE,FALSE,FALSE,FALSE,FALSE,FALSE,FALSE,FALSE,TRUE,FALSE,FALSE,FALSE,FALSE,FALSE,FALSE,FALSE,東京化成工業株式会社,-, 84057-84-1,1,g,1,0,,,,,ラモトリジン,,,Lamotrigine,,,東京化成工業株式会社,,-,-,1,g,g,1,冷蔵貯蔵,,-,-,,,, 84057-84-1,XJ5BG,L0241,9500,,,,,,,,単位管理,Unit Management,－,－,-,-,,,-,-,,,,,,,,,,,,,,,,,
リシノプリル二水和物 (5g),FALSE,TRUE,FALSE,FALSE,FALSE,FALSE,FALSE,FALSE,FALSE,FALSE,FALSE,FALSE,FALSE,FALSE,FALSE,FALSE,和光純薬工業(株),生化学用, 76547-98-3,5,g,1,0,,,,,リシノプリル二水和物 (5g),,,Lisinopril Dihydrate,,,和光純薬工業(株),,生化学用,,5,g,g,1,室温,,-,-,,,, 76547-98-3,4.99E+12,124-04713,26000,C21H31N3O5・2H2O,-,-,,98+%(HPLC),441.52,,単位管理,Unit Management,本,本,-,-,,,-,-,,,,,,,,,,,,,,,,,
リトマス,FALSE,TRUE,FALSE,FALSE,FALSE,FALSE,FALSE,FALSE,FALSE,FALSE,FALSE,FALSE,FALSE,FALSE,FALSE,FALSE,東京化成工業株式会社,-, 1393-92-6,25,g,1,0,,,,,リトマス,,,Litmus,,,東京化成工業株式会社,,-,-,25,g,g,1,-,-,-,-,,,, 1393-92-6,G0AKG,L0062,4600,,,,,,,,単位管理,Unit Management,－,－,-,-,,,-,-,,,,,,,,,,,,,,,,,
リナロール,FALSE,FALSE,FALSE,FALSE,FALSE,FALSE,FALSE,FALSE,FALSE,FALSE,TRUE,FALSE,FALSE,FALSE,FALSE,FALSE,東京化成工業株式会社,-, 78-70-6,500,ml,1,0,,,,,リナロール,,,Linalool,,,東京化成工業株式会社,,-,-,500,ml,ml,0.86,-,-,-,-,,,, 78-70-6,GZWYM,L0048,9600,,,,,,,,単位管理,Unit Management,－,－,-,-,,,-,-,,,,,,,,,,,,,,,,,
リナロール,FALSE,FALSE,FALSE,FALSE,FALSE,FALSE,FALSE,FALSE,FALSE,FALSE,TRUE,FALSE,FALSE,FALSE,FALSE,FALSE,ナカライテスク（株）,ＥＰ, 78-70-6,25,ml,1,0,,,,,リナロール,,,Linalool,,,ナカライテスク（株）,,ＥＰ,,25,ml,ml,0.866,-,-,-,-,,,, 78-70-6,17Y6E,20505-22,1900,C10H18O,,,,≧97.0%(GC),154.25,bp. 198～200℃,単位管理,Unit Management,－,－,-,-,,,-,-,,,,,,,,,,,,,,,,,
ﾘﾎﾞﾌﾗﾋﾞﾝ,FALSE,FALSE,TRUE,FALSE,FALSE,FALSE,FALSE,FALSE,FALSE,FALSE,FALSE,FALSE,FALSE,FALSE,FALSE,FALSE,Sigma,-, 83-88-5,5,g,1,0,,,,,ﾘﾎﾞﾌﾗﾋﾞﾝ,,,"(-)-Riboflavin, from Eremothecium ashbyii, >=98%",,,Sigma,,-,-,5,g,g,1,室温,,-,-,,,, 83-88-5,,R4500,,,,,,,,,単位管理,Unit Management,－,－,-,-,,,-,-,,,,,,,,,,,,,,,,,
リモネン(不活性),FALSE,FALSE,FALSE,FALSE,FALSE,FALSE,FALSE,FALSE,FALSE,FALSE,TRUE,FALSE,FALSE,FALSE,FALSE,FALSE,関東化学株式会社,-, 138-86-3,25,ml,1,0,,,,,リモネン(不活性),ジペンテン,,"Limonene, inactive (Dipentene)","Dipentene (→Limonene, inactive)",,関東化学株式会社,"Kanto Chemical Co., Inc.",-,-,25,ml,ml,0.85,冷暗貯蔵,,-,-,,,, 138-86-3,1042832K,10428-32,850,CH3C(:CH2)C6H8CH3,ガラスビン,,,,136.23,d20 20 0.85(A),単位管理,Unit Management,本,本,-,-,,,-,-,,,,,,,,,,,,,,,,,
りん酸,FALSE,FALSE,TRUE,FALSE,FALSE,FALSE,FALSE,FALSE,FALSE,FALSE,FALSE,FALSE,FALSE,FALSE,FALSE,FALSE,関東化学株式会社,特級, 7664-38-2,500,ml,1,0,,,,,りん酸,,,Phosphoric acid,,,関東化学株式会社,"Kanto Chemical Co., Inc.",特級,,500,ml,ml,1.69,-,-,-,-,,,, 7664-38-2,3218700L,32187-00,2200,H3PO4,ガラスビン,,"無色,液体",>85.0%(T),97.9953,d(15/4℃) 1.69,単位管理,Unit Management,－,－,-,-,,,-,-,,,,,,,,,,,,,,,,,
りん酸,FALSE,FALSE,TRUE,FALSE,FALSE,FALSE,FALSE,FALSE,FALSE,FALSE,FALSE,FALSE,FALSE,FALSE,FALSE,FALSE,ナカライテスク（株）,特級(ＧＲ), 7664-38-2,500,ml,1,0,,,,,りん酸,,,"Phosphoric Acid, Ortho",,,ナカライテスク（株）,,特級(ＧＲ),,500,ml,ml,1.69,-,-,-,-,,,, 7664-38-2,1N70T,27618-55,2080,H3PO4,,,,85%(T),98,mp. -10℃ bp. 158℃,単位管理,Unit Management,－,－,-,-,,,-,-,,,,,,,,,,,,,,,,,
りん酸水素二ナトリウム (500g),FALSE,FALSE,TRUE,FALSE,FALSE,FALSE,FALSE,FALSE,FALSE,FALSE,FALSE,FALSE,FALSE,FALSE,FALSE,FALSE,富士フイルム和光純薬(株),試薬特級 [JISマーク認定品目], 7558-79-4,500,g,1,0,,,,,りん酸水素二ナトリウム (500g),,,Disodium Hydrogenphosphate,,,富士フイルム和光純薬(株),,試薬特級 [JISマーク認定品目],,500,g,g,0.85,室温,,-,-,,,, 7558-79-4,4.99E+12,197-02865,2640,Na2HPO4,,,,99+%(Titration),,mp. 240℃ ,単位管理,Unit Management,－,－,-,-,,,-,-,,,,,,,,,,,,,,,,,
りん酸水素二ナトリウム (500g),FALSE,FALSE,TRUE,FALSE,FALSE,FALSE,FALSE,FALSE,FALSE,FALSE,FALSE,FALSE,FALSE,FALSE,FALSE,FALSE,富士フイルム和光純薬(株),pH標準液用 [JISマーク認定品目], 7558-79-4,500,g,1,0,,,,,りん酸水素二ナトリウム (500g),,,Disodium Hydrogenphosphate,,,富士フイルム和光純薬(株),,pH標準液用 [JISマーク認定品目],,500,g,g,0.85,室温,,-,-,,,, 7558-79-4,4.99E+12,195-05725,3600,Na2HPO4,,,,99.5+%(Titration),,mp. 240℃ ,単位管理,Unit Management,－,－,-,-,,,-,-,,,,,,,,,,,,,,,,,
りん酸二水素カリウム (500g),FALSE,FALSE,TRUE,FALSE,FALSE,FALSE,FALSE,FALSE,FALSE,FALSE,FALSE,FALSE,FALSE,FALSE,FALSE,FALSE,富士フイルム和光純薬(株),試薬特級 [JISマーク認定品目], 7778-77-0,500,g,2,0,,,,,りん酸二水素カリウム (500g),,,Potassium Dihydrogen Phosphate,,,富士フイルム和光純薬(株),,試薬特級 [JISマーク認定品目],,500,g,g,2.338,室温,,-,-,,,, 7778-77-0,4.99E+12,169-04245,2050,KH2PO4,,,,99.5+%(Titration),,mp. 252.6℃ ,単位管理,Unit Management,－,－,-,-,,,-,-,,,,,,,,,,,,,,,,,
りん酸二水素カリウム (500g),FALSE,FALSE,TRUE,FALSE,FALSE,FALSE,FALSE,FALSE,FALSE,FALSE,FALSE,FALSE,FALSE,FALSE,FALSE,FALSE,富士フイルム和光純薬(株),pH標準液用 [JISマーク認定品目], 7778-77-0,500,g,1,0,,,,,りん酸二水素カリウム (500g),,,Potassium Dihydrogen Phosphate,,,富士フイルム和光純薬(株),,pH標準液用 [JISマーク認定品目],,500,g,g,2.338,室温,,-,-,,,, 7778-77-0,4.99E+12,163-04265,3350,KH2PO4,,,,99.6+%(Titration),,mp. 252.6℃ ,単位管理,Unit Management,－,－,-,-,,,-,-,,,,,,,,,,,,,,,,,
ルチン (5g),FALSE,FALSE,TRUE,FALSE,FALSE,FALSE,FALSE,FALSE,FALSE,FALSE,FALSE,FALSE,FALSE,FALSE,FALSE,FALSE,富士フイルム和光純薬(株),-, 250249-75-3,5,g,1,0,,,,,ルチン (5g),,,Rutin,,,富士フイルム和光純薬(株),,-,-,5,g,g,1,室温,,-,-,,,, 250249-75-3,4.99E+12,181-00341,1940,C27H30O16,,,,90+%(HPLC),,,単位管理,Unit Management,－,－,-,-,,,-,-,,,,,,,,,,,,,,,,,
レスベラトロール,FALSE,FALSE,FALSE,FALSE,FALSE,TRUE,FALSE,FALSE,FALSE,FALSE,FALSE,FALSE,FALSE,FALSE,FALSE,FALSE,東京化成工業株式会社,-, 501-36-0,1,g,1,0,,,,,レスベラトロール,,,Resveratrol,,,東京化成工業株式会社,,-,-,1,g,g,1,冷蔵貯蔵,,-,-,,,, 501-36-0,OC5BG,R0071,3500,,,,,,,,単位管理,Unit Management,－,－,-,-,,,-,-,,,,,,,,,,,,,,,,,
レソルシノール (25g),FALSE,TRUE,FALSE,FALSE,FALSE,FALSE,FALSE,FALSE,FALSE,FALSE,FALSE,FALSE,TRUE,FALSE,FALSE,FALSE,富士フイルム和光純薬(株),試薬特級 [JISマーク認定品目], 108-46-3,25,g,2,0,,,,,レソルシノール (25g),,,Resorcinol,,,富士フイルム和光純薬(株),,試薬特級 [JISマーク認定品目],,25,g,g,1.272,室温,,-,-,,,, 108-46-3,4.99E+12,182-00072,1710,C6H6O2,,,,99+%(GC),,mp. 109～112℃ bp. 280℃,単位管理,Unit Management,－,－,-,-,,,-,-,,,,,,,,,,,,,,,,,
レチノイン酸,FALSE,FALSE,FALSE,FALSE,FALSE,FALSE,FALSE,TRUE,FALSE,FALSE,FALSE,FALSE,FALSE,FALSE,FALSE,FALSE,東京化成工業株式会社,-, 302-79-4,1,g,1,0,,,,,レチノイン酸,,,Retinoic Acid,,,東京化成工業株式会社,,-,-,1,g,g,1,-,-,-,-,,,, 302-79-4,JHLBG,R0064,7700,,,,,,,,単位管理,Unit Management,－,－,-,-,,,-,-,,,,,,,,,,,,,,,,,
レボフロキサシン,TRUE,FALSE,FALSE,FALSE,FALSE,FALSE,FALSE,FALSE,FALSE,FALSE,FALSE,FALSE,FALSE,FALSE,FALSE,FALSE,東京化成工業株式会社,-, 100986-85-4,5,g,4,0,,,,,レボフロキサシン,,,Levofloxacin,,,東京化成工業株式会社,,-,-,5,g,g,1,-,-,-,-,,,, 100986-85-4,SQQEG,L0193,7300,,,,,,,,単位管理,Unit Management,－,－,-,-,,,-,-,,,,,,,,,,,,,,,,,
レボフロキサシン塩酸塩 (5g),FALSE,TRUE,FALSE,FALSE,FALSE,FALSE,FALSE,FALSE,FALSE,FALSE,FALSE,FALSE,FALSE,FALSE,FALSE,FALSE,"LKT Labs, Inc (和光純薬取扱)",-,,5,g,1,0,,,,,レボフロキサシン塩酸塩 (5g),,,Levofloxacin Hydrochloride,,,"LKT Labs, Inc (和光純薬取扱)",,-,-,5,g,g,1,室温,,-,-,,,,,,L1786,33200,C18H20FN3O4・HCl・H2O,,,,,,,単位管理,Unit Management,－,－,-,-,,,-,-,,,,,,,,,,,,,,,,,
ロイコマイシン,FALSE,TRUE,FALSE,FALSE,FALSE,FALSE,FALSE,FALSE,FALSE,FALSE,FALSE,FALSE,FALSE,FALSE,FALSE,FALSE,東京化成工業株式会社,-, 1392-21-8,5,g,1,0,,,,,ロイコマイシン,,,Leucomycins,,,東京化成工業株式会社,,-,-,5,g,g,1,-,-,-,-,,,, 1392-21-8,T7TEG,K0046,5400,,,,,,,,単位管理,Unit Management,－,－,-,-,,,-,-,,,,,,,,,,,,,,,,,
ローダミンB,FALSE,TRUE,FALSE,FALSE,FALSE,FALSE,FALSE,FALSE,FALSE,FALSE,FALSE,FALSE,FALSE,FALSE,FALSE,FALSE,東京化成工業株式会社,-, 81-88-9,25,g,1,1,,,,,ローダミンB,,,Rhodamine B,,,東京化成工業株式会社,,-,-,25,g,g,1,-,-,-,-,,,, 81-88-9,JGXKG,R0040,4800,,,,,,,,単位管理,Unit Management,－,－,-,-,,,-,-,,,,,,,,,,,,,,,,,
ロキソプロフェン,FALSE,FALSE,FALSE,FALSE,FALSE,FALSE,FALSE,FALSE,TRUE,FALSE,FALSE,FALSE,FALSE,FALSE,FALSE,FALSE,東京化成工業株式会社,-, 68767-14-6,5,g,1,0,,,,,ロキソプロフェン,,,Loxoprofen,,,東京化成工業株式会社,,-,-,5,g,g,1,-,-,-,-,,,, 68767-14-6,XUHEG,L0244,8500,,,,,,,,単位管理,Unit Management,－,－,-,-,,,-,-,,,,,,,,,,,,,,,,,
ロキソプロフェンナトリウム二水和物,FALSE,FALSE,FALSE,FALSE,FALSE,FALSE,FALSE,FALSE,TRUE,FALSE,FALSE,FALSE,FALSE,FALSE,FALSE,FALSE,東京化成工業株式会社,-, 226721-96-6,5,g,1,0,,,,,ロキソプロフェンナトリウム二水和物,,,Loxoprofen Sodium SaltDihydrate,,,東京化成工業株式会社,,-,-,5,g,g,1,-,-,-,-,,,, 226721-96-6,YGZEG,L0252,8900,,,,,,,,単位管理,Unit Management,－,－,-,-,,,-,-,,,,,,,,,,,,,,,,,
ロキソプロフェンナトリウム二水和物 (25g),FALSE,TRUE,FALSE,FALSE,FALSE,FALSE,FALSE,FALSE,FALSE,FALSE,FALSE,FALSE,FALSE,FALSE,FALSE,FALSE,富士フイルム和光純薬(株),薬理研究用, 226721-96-6,25,g,1,0,,,,,ロキソプロフェンナトリウム二水和物 (25g),,,Loxoprofen Sodium Salt Dihydrate,,,富士フイルム和光純薬(株),,薬理研究用,,25,g,g,1,室温,,-,-,,,, 226721-96-6,4.99E+12,128-05512,43600,C15H17NaO3・2H2O,,,,98+%,,,単位管理,Unit Management,－,－,-,-,,,-,-,,,,,,,,,,,,,,,,,
ロラタジン,FALSE,FALSE,FALSE,FALSE,FALSE,FALSE,FALSE,FALSE,TRUE,FALSE,FALSE,FALSE,FALSE,FALSE,FALSE,FALSE,東京化成工業株式会社,-, 79794-75-5,1,g,3,0,,,,,ロラタジン,,,Loratadine,,,東京化成工業株式会社,,-,-,1,g,g,1,-,-,-,-,,,, 79794-75-5,U40BG,L0223,6900,,,,,,,,単位管理,Unit Management,－,－,-,-,,,-,-,,,,,,,,,,,,,,,,,
ワコーゲルR C-200 (500g),FALSE,FALSE,FALSE,FALSE,FALSE,FALSE,FALSE,FALSE,FALSE,FALSE,FALSE,FALSE,FALSE,TRUE,FALSE,FALSE,富士フイルム和光純薬(株),カラムクロマトグラフ用, 63231-67-4,500,g,1,0,,,,,ワコーゲルR C-200 (500g),,,WakogelR C-200,,,富士フイルム和光純薬(株),,カラムクロマトグラフ用,,500,g,g,1,室温,,-,-,,,, 63231-67-4,4.99E+12,237-00075,5700,,,,,,,"bp. 約3,000℃",単位管理,Unit Management,－,－,-,-,,,-,-,,,,,,,,,,,,,,,,,
ワコーシル R C-200 (500g),FALSE,FALSE,FALSE,FALSE,FALSE,FALSE,FALSE,FALSE,FALSE,FALSE,FALSE,FALSE,FALSE,TRUE,FALSE,FALSE,富士フイルム和光純薬(株),カラムクロマトグラフ用, 63231-67-4,500,g,1,0,,,,,ワコーシル R C-200 (500g),,,Wakosil R C-200,,,富士フイルム和光純薬(株),,カラムクロマトグラフ用,,500,g,g,1,室温,,-,-,,,, 63231-67-4,4.99E+12,230-01665,6660,,,,,,,"bp. 3,000℃",単位管理,Unit Management,－,－,-,-,,,-,-,,,,,,,,,,,,,,,,,
ﾜﾙﾌｧﾘﾝ,FALSE,FALSE,FALSE,FALSE,FALSE,FALSE,FALSE,FALSE,TRUE,FALSE,FALSE,FALSE,FALSE,FALSE,FALSE,FALSE,Supelco,-, 81-81-2,1,g,1,0,,,,,ﾜﾙﾌｧﾘﾝ,,,"Warfarin(TM), analytical standard",,,Supelco,,-,-,1,g,g,1,冷凍（0～-20℃）,,,,,,, 81-81-2,,N13750,,,,,,,,,単位管理,Unit Management,－,－,-,-,,,-,-,,,,,,,,,,,,,,,,,
亜鉛(粉末),FALSE,FALSE,TRUE,FALSE,FALSE,FALSE,FALSE,FALSE,FALSE,FALSE,FALSE,FALSE,FALSE,FALSE,FALSE,FALSE,関東化学株式会社,鹿特級, 7440-66-6,25,g,2,0,,,,,亜鉛(粉末),,,"Zinc, powder",,,関東化学株式会社,"Kanto Chemical Co., Inc.",鹿特級,,25,g,g,1,-,-,-,-,,,, 7440-66-6,4800530K,48005-30,1700,Zn,ガラスビン,,"灰色,粉末",>90.0%(T),65.38,,単位管理,Unit Management,－,－,-,-,,,-,-,,,,,,,,,,,,,,,,,
亜鉛粉末 (25g),FALSE,FALSE,TRUE,FALSE,FALSE,FALSE,FALSE,FALSE,FALSE,FALSE,FALSE,FALSE,FALSE,FALSE,FALSE,FALSE,富士フイルム和光純薬(株),和光特級, 7440-66-6,25,g,3,0,,,,,亜鉛粉末 (25g),,,Zinc Powder,,,富士フイルム和光純薬(株),,和光特級,,25,g,g,7.14,室温,,-,-,,,, 7440-66-6,4.99E+12,269-00212,1710,Zn,,,,90+%(Titration),,mp. 419℃ bp. 930℃,単位管理,Unit Management,－,－,-,-,,,-,-,,,,,,,,,,,,,,,,,
亜塩素酸ナトリウム：重量管理,FALSE,FALSE,TRUE,FALSE,FALSE,FALSE,FALSE,FALSE,FALSE,FALSE,FALSE,FALSE,FALSE,FALSE,FALSE,FALSE,ナカライテスク（株）,ＣＰ, 7758-19-2,500,g,1,0,,,,,亜塩素酸ナトリウム：重量管理,,,Ｓｏｄｉｕｍ　Ｃｈｌｏｒｉｔｅ,,,ナカライテスク（株）,,ＣＰ,,500,g,g,1,-,-,-,-,,,, 7758-19-2,1V521,31325-55,1800,NaClO2,-,-,,75％（Ｔ）,90.44,,単位管理,Unit Management,－,－,-,-,,,-,-,,,,,,,,,,,,,,,,,
安息香酸,TRUE,FALSE,FALSE,FALSE,FALSE,FALSE,FALSE,FALSE,FALSE,FALSE,FALSE,FALSE,FALSE,FALSE,FALSE,FALSE,東京化成工業株式会社,-, 65-85-0,25,g,1,1,,,,,安息香酸,,,Benzoic Acid,,,東京化成工業株式会社,,-,-,25,g,g,1,-,-,-,-,,,, 65-85-0,Q73KG,B2635,2100,,,,,,,,単位管理,Unit Management,－,－,-,-,,,-,-,,,,,,,,,,,,,,,,,
安息香酸無水物,FALSE,FALSE,FALSE,FALSE,FALSE,FALSE,FALSE,TRUE,FALSE,FALSE,FALSE,FALSE,FALSE,FALSE,FALSE,FALSE,東京化成工業株式会社,-, 93-97-0,25,g,0,1,,,,,安息香酸無水物,,,Benzoic Anhydride,,,東京化成工業株式会社,,-,-,25,g,g,1,冷蔵貯蔵,,-,-,,,, 93-97-0,BEEKG,B0078,2400,,,,,,,,単位管理,Unit Management,－,－,-,-,,,-,-,,,,,,,,,,,,,,,,,
塩化アセチル (100mL),FALSE,FALSE,FALSE,FALSE,TRUE,FALSE,FALSE,FALSE,FALSE,FALSE,FALSE,FALSE,FALSE,FALSE,FALSE,FALSE,富士フイルム和光純薬(株),和光特級, 75-36-5,100,ml,1,0,,,,,塩化アセチル (100mL),,,Acetyl Chloride,,,富士フイルム和光純薬(株),,和光特級,,100,ml,ml,1.11,冷蔵貯蔵,,-,-,,,, 75-36-5,4.99E+12,015-00551,4000,CH3COCl,,,,98+%(Titration),,mp. -112℃ bp. 約51℃,単位管理,Unit Management,－,－,-,-,,,-,-,,,,,,,,,,,,,,,,,
塩化アルミニウム(III),FALSE,FALSE,TRUE,FALSE,FALSE,FALSE,FALSE,FALSE,FALSE,TRUE,FALSE,FALSE,FALSE,FALSE,FALSE,FALSE,東京化成工業株式会社,-, 7446-70-0,100,g,2,0,,,,,塩化アルミニウム(III),,,Aluminum(III) Chloride,,,東京化成工業株式会社,,-,-,100,g,g,1,-,-,-,-,,,, 7446-70-0,Q80SG,A1831,3300,,,,,,,,単位管理,Unit Management,－,－,-,-,,,-,-,,,,,,,,,,,,,,,,,
塩化ｱﾝﾓﾆｳﾑ,FALSE,FALSE,TRUE,FALSE,FALSE,FALSE,FALSE,FALSE,FALSE,FALSE,FALSE,FALSE,FALSE,FALSE,FALSE,FALSE,関東化学株式会社,鹿1級, 12125-02-9,500,g,1,0,,,,,塩化ｱﾝﾓﾆｳﾑ,,,Ammonium chloride,,,関東化学株式会社,"Kanto Chemical Co., Inc.",鹿1級,,500,g,g,1,-,-,-,-,,,, 12125-02-9,0128701J,01287-01,2300,NH4Cl,-,-,"白,結晶性粉末又は塊状",>98.5%(T),53.4908,,単位管理,Unit Management,－,－,-,-,,,-,-,,,,,,,,,,,,,,,,,
塩化ｶﾘｳﾑ,FALSE,FALSE,TRUE,FALSE,FALSE,FALSE,FALSE,FALSE,FALSE,FALSE,FALSE,FALSE,FALSE,FALSE,FALSE,FALSE,関東化学株式会社,鹿1級, 7447-40-7,500,g,1,0,,,,,塩化ｶﾘｳﾑ,,,Potassium chloride,,,関東化学株式会社,"Kanto Chemical Co., Inc.",鹿1級,,500,g,g,1,-,-,-,-,,,, 7447-40-7,3232601H,32326-01,1700,KCl,-,-,"白,結晶又は結晶性粉末",>99.0%(T),74.5503,mp.770℃,単位管理,Unit Management,－,－,-,-,,,-,-,,,,,,,,,,,,,,,,,
塩化カリウム (25g),FALSE,FALSE,TRUE,FALSE,FALSE,FALSE,FALSE,FALSE,FALSE,FALSE,FALSE,FALSE,FALSE,FALSE,FALSE,FALSE,富士フイルム和光純薬(株),試薬特級 [JISマーク認定品目], 7447-40-7,25,g,2,0,,,,,塩化カリウム (25g),,,Potassium Chloride,,,富士フイルム和光純薬(株),,試薬特級 [JISマーク認定品目],,25,g,g,1.984,室温,,-,-,,,, 7447-40-7,4.99E+12,169-03542,1240,KCl,,,,99.5+%(Titration),,"mp. 770℃ bp. 1,500℃",単位管理,Unit Management,－,－,-,-,,,-,-,,,,,,,,,,,,,,,,,
塩化ｶﾙｼｳﾑ,FALSE,FALSE,TRUE,FALSE,FALSE,FALSE,FALSE,FALSE,FALSE,FALSE,FALSE,FALSE,FALSE,FALSE,FALSE,FALSE,関東化学株式会社,特級, 10043-52-4,500,g,0,1,,,,,塩化ｶﾙｼｳﾑ,,,Calcium chloride,,,関東化学株式会社,"Kanto Chemical Co., Inc.",特級,,500,g,g,1,-,-,-,-,,,, 10043-52-4,0705700J,07057-00,3200,CaCl2,-,-,"白,結晶若しくは粒塊または粉末",>95.0%(T),110.982,,単位管理,Unit Management,－,－,-,-,,,-,-,,,,,,,,,,,,,,,,,
塩化カルシウム (500g),FALSE,FALSE,TRUE,FALSE,FALSE,FALSE,FALSE,FALSE,FALSE,FALSE,FALSE,FALSE,FALSE,FALSE,FALSE,FALSE,富士フイルム和光純薬(株),試薬特級 [JISマーク認定品目], 10043-52-4,500,g,1,0,,,,,塩化カルシウム (500g),,,Calcium Chloride,,,富士フイルム和光純薬(株),,試薬特級 [JISマーク認定品目],,500,g,g,2.15,室温,,-,-,,,, 10043-52-4,4.55E+12,038-24985,3100,CaCl2,,,,95+%(CaCl2)(mass/mas,,"mp. 782℃ bp. 1,600℃以上",単位管理,Unit Management,－,－,-,-,,,-,-,,,,,,,,,,,,,,,,,
塩化カルシウム (500g),FALSE,FALSE,TRUE,FALSE,FALSE,FALSE,FALSE,FALSE,FALSE,FALSE,FALSE,FALSE,FALSE,FALSE,FALSE,FALSE,和光純薬工業(株),水分測定用, 10043-52-4,500,g,1,0,,,,,塩化カルシウム (500g),,,Calcium Chloride (for U-tube),,,和光純薬工業(株),,水分測定用,,500,g,g,1,室温,,-,-,,,, 10043-52-4,4.99E+12,030-00525,3000,CaCl2,-,-,白色～ごくうすい褐色、塊,90+%(Titration),110.98,"mp. 782℃ bp. 1,600℃以上",単位管理,Unit Management,本,本,-,-,,,-,-,,,,,,,,,,,,,,,,,
塩化クロム(Ⅲ)六水和物,FALSE,FALSE,TRUE,FALSE,FALSE,FALSE,FALSE,FALSE,FALSE,FALSE,FALSE,FALSE,FALSE,FALSE,FALSE,FALSE,ナカライテスク（株）,GR, 10060-12-5,25,g,1,0,,,,,塩化クロム(Ⅲ)六水和物,,,Chromium(Ⅲ) Chloride Hexahydrate,,,ナカライテスク（株）,,GR,,25,g,g,1,-,-,-,-,1,87,100, 10060-12-5,0IX0Q,08826-02,2200,CrCl3・6H2O,,,,≧93.0%（T),266.45,mp. 1150℃ ,単位管理,Unit Management,－,－,-,-,,,-,-,,,,,,,,,,,,,,,,,
塩化コバルト(Ⅱ)六水和物,FALSE,FALSE,FALSE,FALSE,FALSE,FALSE,FALSE,TRUE,FALSE,FALSE,FALSE,FALSE,FALSE,FALSE,FALSE,FALSE,ナカライテスク（株）,特級(ＧＲ), 7791-13-1,25,g,1,0,,,,,塩化コバルト(Ⅱ)六水和物,,,Cobalt(Ⅱ) Chloride Hexahydrate,,,ナカライテスク（株）,,特級(ＧＲ),,25,g,g,1,冷暗貯蔵,,-,-,1,132,100, 7791-13-1,0JQCA,09206-92,1900,CoCl2・6H2O,,,,≧99.0%(T),237.93,mp. 86℃ ,単位管理,Unit Management,－,－,-,-,,,-,-,,,,,,,,,,,,,,,,,
塩化コバルト(II)六水和物 (500g),FALSE,FALSE,TRUE,FALSE,FALSE,FALSE,FALSE,FALSE,FALSE,FALSE,FALSE,FALSE,FALSE,FALSE,FALSE,FALSE,富士フイルム和光純薬(株),試薬特級 [JISマーク認定品目], 7791-13-1,500,g,3,0,,,,,塩化コバルト(II)六水和物 (500g),,,Cobalt(II) Chloride Hexahydrate,,,富士フイルム和光純薬(株),,試薬特級 [JISマーク認定品目],,500,g,g,1.924,室温,,-,-,1,132,24.8, 7791-13-1,4.99E+12,030-03685,10100,CoCl2・6H2O,,,,99～102%(Titration),,mp. 86℃ bp. 110℃,単位管理,Unit Management,－,－,-,-,,,-,-,,,,,,,,,,,,,,,,,
塩化サマリウム(III)六水和物 (1g),FALSE,FALSE,TRUE,FALSE,FALSE,FALSE,FALSE,FALSE,FALSE,FALSE,FALSE,FALSE,FALSE,FALSE,FALSE,FALSE,和光純薬工業(株),-, 13465-55-9,1,g,1,0,,,,,塩化サマリウム(III)六水和物 (1g),,,Samarium (III) Chloride Hexahydrate,,,和光純薬工業(株),,-,-,1,g,g,2.383,室温,,-,-,,,, 13465-55-9,4.99E+12,190-05091,2250,SmCl3・6H2O,-,-,,98+%(Titration),364.81,mp. 約142℃ ,単位管理,Unit Management,本,本,-,-,,,-,-,,,,,,,,,,,,,,,,,
塩化すず(Ⅱ)二水和物 〔塩化第一すず二水和物〕,FALSE,FALSE,FALSE,FALSE,TRUE,FALSE,FALSE,FALSE,FALSE,FALSE,FALSE,FALSE,FALSE,FALSE,FALSE,FALSE,ナカライテスク（株）,特級(ＧＲ), 10025-69-1,25,g,2,0,,,,,塩化すず(Ⅱ)二水和物 〔塩化第一すず二水和物〕,,,Tin(Ⅱ) Chloride Dihydrate,,,ナカライテスク（株）,,特級(ＧＲ),,25,g,g,1,-,-,-,-,,,, 10025-69-1,20VUE,34005-42,1850,SnCl2・2H2O,,,,≧97.0%(T),225.65,mp. 38℃ bp. 652℃(分解),単位管理,Unit Management,－,－,-,-,,,-,-,,,,,,,,,,,,,,,,,
"塩化すず(II), 99.9% (10g)",FALSE,FALSE,FALSE,FALSE,FALSE,FALSE,FALSE,FALSE,FALSE,FALSE,FALSE,TRUE,FALSE,FALSE,FALSE,FALSE,富士フイルム和光純薬(株),-, 7772-99-8,10,g,1,0,,,,,"塩化すず(II), 99.9% (10g)",,,"Tin(II) Chloride, 99.9%",,,富士フイルム和光純薬(株),,-,-,10,g,g,3.95,室温,,-,-,,,, 7772-99-8,4.99E+12,200-11493,5060,SnCl2,,,,97+%(Titration),,mp. 246℃ bp. 623℃,単位管理,Unit Management,－,－,-,-,,,-,-,,,,,,,,,,,,,,,,,
塩化ｾｼｳﾑ,FALSE,FALSE,TRUE,FALSE,FALSE,FALSE,FALSE,FALSE,FALSE,FALSE,FALSE,FALSE,FALSE,FALSE,FALSE,FALSE,関東化学株式会社,-, 7647-17-8,25,g,1,0,,,,,塩化ｾｼｳﾑ,,,Cesium chloride,,,関東化学株式会社,"Kanto Chemical Co., Inc.",-,-,25,g,g,1,-,-,-,-,,,, 7647-17-8,0718532Q,07185-32,3800,CsCl,ガラスビン,,,>98.0%(T),168.3575,mp.646℃,単位管理,Unit Management,－,－,-,-,,,-,-,,,,,,,,,,,,,,,,,
塩化チオニル (500mL),FALSE,FALSE,FALSE,FALSE,FALSE,TRUE,FALSE,FALSE,FALSE,FALSE,FALSE,FALSE,FALSE,FALSE,FALSE,FALSE,富士フイルム和光純薬(株),和光特級, 7719-09-7,500,ml,1,0,,,,,塩化チオニル (500mL),,,Thionyl Chloride,,,富士フイルム和光純薬(株),,和光特級,,500,ml,ml,1.65,室温,,-,-,,,, 7719-09-7,4.99E+12,200-01106,4900,SOCl2,,,,95+%(Titration),,mp. -104.5℃ bp. 80℃,単位管理,Unit Management,－,－,-,-,,,-,-,,,,,,,,,,,,,,,,,
塩化チタン(IV) (25g),FALSE,FALSE,TRUE,FALSE,FALSE,FALSE,FALSE,FALSE,FALSE,FALSE,FALSE,FALSE,FALSE,FALSE,FALSE,FALSE,富士フイルム和光純薬(株),和光特級, 7550-45-0,25,g,1,0,,,,,塩化チタン(IV) (25g),,,Titanium(IV) Chloride,,,富士フイルム和光純薬(株),,和光特級,,25,g,g,1.74,室温,,-,-,,,, 7550-45-0,4.99E+12,202-12592,2240,TiCl4,,,,99+%,,mp. -24℃ bp. 137℃,単位管理,Unit Management,－,－,-,-,,,-,-,,,,,,,,,,,,,,,,,
塩化ナトリウム (500g),FALSE,FALSE,TRUE,FALSE,FALSE,FALSE,FALSE,FALSE,FALSE,FALSE,FALSE,FALSE,FALSE,FALSE,FALSE,FALSE,富士フイルム和光純薬(株),試薬特級 [JISマーク認定品目], 7647-14-5,500,g,3,0,,,,,塩化ナトリウム (500g),,,Sodium Chloride,,,富士フイルム和光純薬(株),,試薬特級 [JISマーク認定品目],,500,g,g,2.164,室温,,-,-,,,, 7647-14-5,4.99E+12,191-01665,1050,NaCl,,,,99.5+%(Titration),,mp. 801℃ bp. 1413℃,単位管理,Unit Management,－,－,-,-,,,-,-,,,,,,,,,,,,,,,,,
塩化ニッケル(Ⅱ)(無水),FALSE,FALSE,FALSE,FALSE,TRUE,FALSE,FALSE,FALSE,FALSE,FALSE,FALSE,FALSE,FALSE,FALSE,FALSE,FALSE,ナカライテスク（株）,ＥＰ, 7718-54-9,25,g,1,0,,,,,塩化ニッケル(Ⅱ)(無水),,,"Nickel(Ⅱ) Chloride, Anhydrous",,,ナカライテスク（株）,,ＥＰ,,25,g,g,1,-,-,-,-, 特1,309,100, 7718-54-9,1FX4Y,24224-82,2450,NiCl2,,,,≧95.0%(T),129.6,bp. 973℃(昇華),単位管理,Unit Management,－,－,-,-,,,-,-,,,,,,,,,,,,,,,,,
塩化ニッケル(II)六水和物 (25g),FALSE,FALSE,TRUE,FALSE,FALSE,FALSE,FALSE,FALSE,FALSE,FALSE,FALSE,FALSE,FALSE,FALSE,FALSE,FALSE,富士フイルム和光純薬(株),試薬特級 [JISマーク認定品目], 7791-20-0,25,g,1,0,,,,,塩化ニッケル(II)六水和物 (25g),,,Nickel(II) Chloride Hexahydrate,,,富士フイルム和光純薬(株),,試薬特級 [JISマーク認定品目],,25,g,g,1,室温,,-,-, 特1,309,24.7, 7791-20-0,4.99E+12,147-01042,2200,NiCl2・6H2O,,,,98+%(NiCl2･6H2O)(mas,,,単位管理,Unit Management,－,－,-,-,,,-,-,,,,,,,,,,,,,,,,,
塩化パラジウム(II) (1g),FALSE,FALSE,FALSE,FALSE,FALSE,FALSE,FALSE,FALSE,FALSE,FALSE,FALSE,FALSE,TRUE,FALSE,FALSE,FALSE,富士フイルム和光純薬(株),試薬特級 [JISマーク認定品目], 7647-10-1,1,g,1,0,,,,,塩化パラジウム(II) (1g),,,Palladium(II) Chloride,,,富士フイルム和光純薬(株),,試薬特級 [JISマーク認定品目],,1,g,g,1,室温,,-,-,,,, 7647-10-1,4.99E+12,166-00051,15800,PdCl2,,,,99+%(Titration),,mp. 678℃ ,単位管理,Unit Management,－,－,-,-,,,-,-,,,,,,,,,,,,,,,,,
"塩化マグネシウム, 無水",FALSE,FALSE,TRUE,FALSE,FALSE,FALSE,FALSE,FALSE,FALSE,FALSE,FALSE,FALSE,FALSE,FALSE,FALSE,FALSE,米山薬品工業株式会社,無機化合物, 7786-30-3,500,g,1,0,,,,,"塩化マグネシウム, 無水",,,Magnesium Chloride,,,米山薬品工業株式会社,,無機化合物,,500,g,g,2.32,冷暗貯蔵,,-,-,,,, 7786-30-3,4.99E+12,136-03995,2400,MgCl2,-,-,灰白色、雲母状又は塊,97+％ (TITR,95.21,,単位管理,Unit Management,本,本,-,-,,,-,-,10,,,,mg,,,,,,,,,,,,
塩化ﾏｸﾞﾈｼｳﾑ六水和物,FALSE,FALSE,TRUE,FALSE,FALSE,FALSE,FALSE,FALSE,FALSE,FALSE,FALSE,FALSE,FALSE,FALSE,FALSE,FALSE,関東化学株式会社,鹿1級, 7791-18-6,500,g,1,1,,,,,塩化ﾏｸﾞﾈｼｳﾑ六水和物,,,Magnesium chloride hexahydrate,,,関東化学株式会社,"Kanto Chemical Co., Inc.",鹿1級,,500,g,g,1,-,-,-,-,,,, 7791-18-6,2500901H,25009-01,1700,MgCl2･6H2O,-,-,"無色又は白い結晶,フレーク状又は粉末",>98.0%(T),203.3022,mp.117℃,単位管理,Unit Management,－,－,-,-,,,-,-,,,,,,,,,CL2／MG1,,,,,,,,
塩化マンガン(II)四水和物 (25g),FALSE,FALSE,TRUE,FALSE,FALSE,FALSE,FALSE,FALSE,FALSE,FALSE,FALSE,FALSE,FALSE,FALSE,FALSE,FALSE,富士フイルム和光純薬(株),試薬特級 [JISマーク認定品目], 13446-34-9,25,g,1,0,,,,,塩化マンガン(II)四水和物 (25g),,,Manganese(II) Chloride Tetrahydrate,,,富士フイルム和光純薬(株),,試薬特級 [JISマーク認定品目],,25,g,g,2.01,室温,,-,-,1,412,27.8, 13446-34-9,4.99E+12,139-00722,1500,MnCl2・4H2O,,,,99+%(Titration),,mp. 58℃ bp. 106℃,単位管理,Unit Management,－,－,-,-,,,-,-,,,,,,,,,,,,,,,,,
塩化ﾘﾁｳﾑ,FALSE,FALSE,TRUE,FALSE,FALSE,FALSE,FALSE,FALSE,FALSE,FALSE,FALSE,FALSE,FALSE,FALSE,FALSE,FALSE,関東化学株式会社,鹿特級, 7447-41-8,100,g,0,1,,,,,塩化ﾘﾁｳﾑ,,,Lithium chloride,,,関東化学株式会社,"Kanto Chemical Co., Inc.",鹿特級,,100,g,g,1,-,-,-,-,,,, 7447-41-8,2412220D,24122-20,10500,LiCl,ガラスビン,,"白,結晶",>99.0%(T),42.42,mp.605℃,単位管理,Unit Management,－,－,-,-,,,-,-,,,,,,,,,,,,,,,,,
塩化リチウム(500g),FALSE,FALSE,TRUE,FALSE,FALSE,FALSE,FALSE,FALSE,FALSE,FALSE,FALSE,FALSE,FALSE,FALSE,FALSE,FALSE,富士フイルム和光純薬(株),和光一級, 7447-41-8,500,g,1,0,,,,,塩化リチウム(500g),,,Lithium Chloride,,,富士フイルム和光純薬(株),,和光一級,,500,g,g,2.068,室温,,-,-,,,, 7447-41-8,4.99E+12,124-01175,7600,LiCl,,,,98+%,,"mp. 605℃ bp. 1,382℃",単位管理,Unit Management,－,－,-,-,,,-,-,,,,,,,,,,,,,,,,,
塩化ルテニウム(III)n水和物,FALSE,FALSE,TRUE,FALSE,FALSE,FALSE,FALSE,FALSE,FALSE,FALSE,FALSE,FALSE,FALSE,FALSE,FALSE,FALSE,キシダ化学株式会社,-, 14898-67-0,1,g,1,0,,,,,塩化ルテニウム(III)n水和物,,,,,,キシダ化学株式会社,,-,-,1,g,g,1,,,-,-,,,, 14898-67-0,,020-68601,3100,Cl3Ru,-,-,黒色の結晶～塊,36～42%,207.43,,単位管理,Unit Management,－,－,-,-,,,-,-,0,,99,99,,,,,CL3／RU1,,,,,,,,
塩化亜鉛 (10g),FALSE,FALSE,FALSE,FALSE,FALSE,FALSE,FALSE,FALSE,FALSE,FALSE,FALSE,FALSE,TRUE,FALSE,FALSE,FALSE,富士フイルム和光純薬(株),試薬特級 [JISマーク認定品目], 7646-85-7,10,g,1,0,,,,,塩化亜鉛 (10g),,,Zinc Chloride,,,富士フイルム和光純薬(株),,試薬特級 [JISマーク認定品目],,10,g,g,2.91,室温,,-,-,1,1,48, 7646-85-7,4.99E+12,263-00271,2200,ZnCl2,,,,98+%(mass/mass)(ZnCl,,mp. 293℃ bp. 732℃,単位管理,Unit Management,－,－,-,-,,,-,-,,,,,,,,,,,,,,,,,
塩化鉄(II)四水和物 (25g),FALSE,FALSE,TRUE,FALSE,FALSE,FALSE,FALSE,FALSE,FALSE,FALSE,FALSE,FALSE,FALSE,FALSE,FALSE,FALSE,富士フイルム和光純薬(株),試薬特級 [JISマーク認定品目], 13478-10-9,25,g,2,0,,,,,塩化鉄(II)四水和物 (25g),,,Iron(II) Chloride Tetrahydrate,,,富士フイルム和光純薬(株),,試薬特級 [JISマーク認定品目],,25,g,g,1.93,室温,,-,-,,,, 13478-10-9,4.99E+12,095-00912,2300,FeCl2・4H2O,,,,99～102%(FeCl2･4H2O),,mp. 670℃ ,単位管理,Unit Management,－,－,-,-,,,-,-,,,,,,,,,,,,,,,,,
塩化鉄(III)六水和物(塩化第二鉄),FALSE,FALSE,TRUE,FALSE,FALSE,FALSE,FALSE,FALSE,FALSE,FALSE,FALSE,FALSE,FALSE,FALSE,FALSE,FALSE,関東化学株式会社,特級, 10025-77-1,25,g,1,0,,,,,塩化鉄(III)六水和物(塩化第二鉄),,,Iron(III) chloride hexahydrate,,,関東化学株式会社,"Kanto Chemical Co., Inc.",特級,,25,g,g,1,-,-,-,-,,,, 10025-77-1,1601830J,16018-30,1800,FeCl3･6H2O,ガラスビン,,"黄～褐色,結晶塊",>99.0%(T),270.2932,mp.37℃,単位管理,Unit Management,－,－,-,-,,,-,-,,,,,,,,,CL3／FE1,,,,,,,,
塩化銅(Ⅰ),FALSE,FALSE,TRUE,FALSE,FALSE,FALSE,FALSE,FALSE,FALSE,FALSE,FALSE,FALSE,FALSE,FALSE,FALSE,FALSE,ナカライテスク（株）,特級(ＧＲ), 7758-89-6,25,g,0,1,,,,,塩化銅(Ⅰ),,,Copper(Ⅰ) Chloride,,,ナカライテスク（株）,,特級(ＧＲ),,25,g,g,1,-,-,-,-,,,, 7758-89-6,0KDN6,09508-42,1800,CuCl,,,,≧95.0%(T),99,mp. 422℃ bp. 1366℃,単位管理,Unit Management,－,－,-,-,,,-,-,,,,,,,,,,,,,,,,,
塩化銅(II) (500g),FALSE,FALSE,TRUE,FALSE,FALSE,FALSE,FALSE,FALSE,FALSE,FALSE,FALSE,FALSE,FALSE,FALSE,FALSE,FALSE,富士フイルム和光純薬(株),化学用, 7447-39-4,500,g,0,1,,,,,塩化銅(II) (500g),,,Copper (II) Chloride,,,富士フイルム和光純薬(株),,化学用,,500,g,g,3.39,室温,,-,-,1,272,47.3, 7447-39-4,4.99E+12,036-04145,4460,CuCl2,,,,95+%(Titration),,mp. 630℃ ,単位管理,Unit Management,－,－,-,-,,,-,-,,,,,,,,,,,,,,,,,
塩化銅(II)二水和物 (25g),FALSE,FALSE,FALSE,FALSE,TRUE,FALSE,FALSE,FALSE,FALSE,FALSE,FALSE,FALSE,FALSE,FALSE,FALSE,FALSE,富士フイルム和光純薬(株),試薬特級 [JISマーク認定品目], 10125-13-0,25,g,1,0,,,,,塩化銅(II)二水和物 (25g),,,Copper(II) Chloride Dihydrate,,,富士フイルム和光純薬(株),,試薬特級 [JISマーク認定品目],,25,g,g,2.51,室温,,-,-,1,272,37.3, 10125-13-0,4.99E+12,038-04122,1760,CuCl2・2H2O,,,,99+%(CuCl2･2H2O)(mas,,mp. 100℃ ,単位管理,Unit Management,－,－,-,-,,,-,-,,,,,,,,,,,,,,,,,
塩酸 (500mL),FALSE,FALSE,FALSE,FALSE,FALSE,FALSE,FALSE,FALSE,FALSE,FALSE,TRUE,FALSE,FALSE,FALSE,FALSE,FALSE,富士フイルム和光純薬(株),試薬特級 [JISマーク認定品目], 7647-01-0,500,ml,2,0,,,,,塩酸 (500mL),,,Hydrochloric Acid,,,富士フイルム和光純薬(株),,試薬特級 [JISマーク認定品目],,500,ml,ml,1.18,冷暗貯蔵,,-,-,,,, 7647-01-0,4.99E+12,080-01066,1050,HCl,,,,,,mp. -46℃ bp. 108℃,単位管理,Unit Management,－,－,-,-,,,-,-,,,,,,,,,,,,,,,,,
塩酸ロメフロキサシン,FALSE,TRUE,FALSE,FALSE,FALSE,FALSE,FALSE,FALSE,FALSE,FALSE,FALSE,FALSE,FALSE,FALSE,FALSE,FALSE,東京化成工業株式会社,-, 98079-52-8,25,g,1,0,,,,,塩酸ロメフロキサシン,,,Lomefloxacin Hydrochloride,,,東京化成工業株式会社,,-,-,25,g,g,1,-,-,-,-,,,, 98079-52-8,T4GKG,L0216,17600,,-,-,,,,,単位管理,Unit Management,本,本,-,-,,,-,-,,,,,,,,,,,,,,,,,
過マンガン酸カリウム (25g),FALSE,FALSE,TRUE,FALSE,FALSE,FALSE,FALSE,FALSE,FALSE,FALSE,FALSE,FALSE,FALSE,FALSE,FALSE,FALSE,富士フイルム和光純薬(株),試薬特級 [JISマーク認定品目], 7722-64-7,25,g,1,0,,,,,過マンガン酸カリウム (25g),,,Potassium Permanganate,,,富士フイルム和光純薬(株),,試薬特級 [JISマーク認定品目],,25,g,g,2.703,室温,,-,-,1,412,34.8, 7722-64-7,4.99E+12,167-04182,2500,KMnO4,,,,99.3+%(Titration),,mp. 240℃ ,単位管理,Unit Management,－,－,-,-,,,-,-,,,,,,,,,,,,,,,,,
過塩素酸 (100g),FALSE,FALSE,TRUE,FALSE,FALSE,FALSE,FALSE,FALSE,FALSE,FALSE,FALSE,FALSE,FALSE,FALSE,FALSE,FALSE,富士フイルム和光純薬(株),試薬特級 [JISマーク認定品目], 7601-90-3,100,g,1,0,,,,,過塩素酸 (100g),,,Perchloric Acid,,,富士フイルム和光純薬(株),,試薬特級 [JISマーク認定品目],,100,g,g,1.54,冷暗貯蔵,,-,-,1,602,100, 7601-90-3,4.99E+12,166-00713,5500,HClO4,,,,,,mp. -17℃ bp. 203℃,単位管理,Unit Management,－,－,-,-,,,-,-,,,,,,,,,,,,,,,,,
過塩素酸銅(II)水和物,FALSE,FALSE,FALSE,FALSE,FALSE,FALSE,FALSE,TRUE,FALSE,FALSE,FALSE,FALSE,FALSE,FALSE,FALSE,FALSE,Aldrich,-, 10294-46-9,5,g,1,0,,,,,過塩素酸銅(II)水和物,,,"Copper(II) perchlorate hexahydrate, 98%",,,Aldrich,,-,-,5,g,g,2.225,室温,,-,-,1,272,100, 10294-46-9,4.55E+12,215392,,,,,,,,,単位管理,Unit Management,－,－,-,-,,,-,-,,,,,,,,,,,,,,,,,
過酸化ベンゾイル,FALSE,FALSE,FALSE,FALSE,FALSE,FALSE,TRUE,FALSE,FALSE,FALSE,FALSE,FALSE,FALSE,FALSE,FALSE,FALSE,ナカライテスク（株）,ＣＰ, 94-36-0,25,g,1,0,,,,,過酸化ベンゾイル,,,Benzoyl Peroxide,,,ナカライテスク（株）,,ＣＰ,,25,g,g,1,冷暗貯蔵,,-,-,,,, 94-36-0,09H7E,04422-02,2300,(C6H5CO)2O2,,,,≧98.0%（乾燥後）(T),242.23,mp. 105℃(分解) ,単位管理,Unit Management,－,－,-,-,,,-,-,,,,,,,,,,,,,,,,,
過酸化水素 (過酸化水素水) (500mL),FALSE,FALSE,FALSE,FALSE,FALSE,FALSE,FALSE,FALSE,FALSE,FALSE,TRUE,FALSE,FALSE,FALSE,FALSE,FALSE,富士フイルム和光純薬(株),精密分析用, 7722-84-1,500,ml,1,0,,,,,過酸化水素 (過酸化水素水) (500mL),,,Hydrogen Peroxide,,,富士フイルム和光純薬(株),,精密分析用,,500,ml,ml,1.11,冷暗貯蔵,,-,-,,,, 7722-84-1,4.99E+12,086-07445,2600,H2O2,,,,,,mp. -11℃ bp. 106℃,単位管理,Unit Management,－,－,-,-,,,-,-,,,,,,,,,,,,,,,,,
海砂 (20～30mesh),FALSE,FALSE,TRUE,FALSE,FALSE,FALSE,FALSE,FALSE,FALSE,FALSE,FALSE,FALSE,FALSE,FALSE,FALSE,FALSE,米山薬品工業株式会社,-,,500,g,1,0,,,,,海砂 (20～30mesh),,,"Sea Sand (Sand, washed, 20～30mesh)",,,米山薬品工業株式会社,,-,-,500,g,g,1,室温,,-,-,,,,,,,0,,-,-,,,,,単位管理,Unit Management,本,本,-,-,,,-,-,10,,,,,,,,,,,,,,,,
海砂 A,FALSE,FALSE,TRUE,FALSE,FALSE,FALSE,FALSE,FALSE,FALSE,FALSE,FALSE,FALSE,FALSE,FALSE,FALSE,FALSE,ナカライテスク（株）,-, 14808-60-7,500,g,1,0,,,,,海砂 A,,,Sea Sand A,,,ナカライテスク（株）,,-,-,500,g,g,1,-,-,-,-,,,, 14808-60-7,1THC1,30551-15,2250,,,,破砕状　　粒径：１５～２０メッシュ,,,,単位管理,Unit Management,－,－,-,-,,,-,-,,,,,,,,,,,,,,,,,
"海砂, 300～600μm (30～50mesh) (500g)",FALSE,FALSE,TRUE,FALSE,FALSE,FALSE,FALSE,FALSE,FALSE,FALSE,FALSE,FALSE,FALSE,FALSE,FALSE,FALSE,富士フイルム和光純薬(株),-,,500,g,1,0,,,,,"海砂, 300～600μm (30～50mesh) (500g)",,,"Sea Sand, 300～600μm(30～50mesh)",,,富士フイルム和光純薬(株),,-,-,500,g,g,1,室温,,-,-,,,,,4.99E+12,191-15955,1850,,,,,,,,単位管理,Unit Management,－,－,-,-,,,-,-,,,,,,,,,,,,,,,,,
"活性炭素, 粉末 (500g)",FALSE,FALSE,TRUE,FALSE,FALSE,FALSE,FALSE,FALSE,FALSE,FALSE,FALSE,FALSE,FALSE,FALSE,FALSE,FALSE,富士フイルム和光純薬(株),和光特級, 7440-44-0,500,g,1,0,,,,,"活性炭素, 粉末 (500g)",,,"Charcoal, Activated, Powder",,,富士フイルム和光純薬(株),,和光特級,,500,g,g,1.95,室温,,-,-,,,, 7440-44-0,4.99E+12,037-02115,4500,C,,,,,,,単位管理,Unit Management,－,－,-,-,,,-,-,,,,,,,,,,,,,,,,,
酸化ｱﾙﾐﾆｳﾑ 90,FALSE,FALSE,TRUE,FALSE,FALSE,FALSE,FALSE,FALSE,FALSE,FALSE,FALSE,FALSE,FALSE,FALSE,FALSE,FALSE,Merck KGaA (Merck Millipore),ｶﾗﾑｸﾛﾏﾄｸﾞﾗﾌｨｰ用, 1344-28-1,1,kg,1,0,,,,,酸化ｱﾙﾐﾆｳﾑ 90,,,ALUMINIUM OXIDE 90,,,Merck KGaA (Merck Millipore),,ｶﾗﾑｸﾛﾏﾄｸﾞﾗﾌｨｰ用,,1,kg,kg,1,-,-,-,-,,,, 1344-28-1,,1097-1M,,Al2O3,-,-,,,101.9613,,単位管理,Unit Management,本,本,-,-,,,-,-,,,,,,,,,AL2／O3,,,,,,,,
"酸化マグネシウム, 軽質 (25g)",FALSE,FALSE,TRUE,FALSE,FALSE,FALSE,FALSE,FALSE,FALSE,FALSE,FALSE,FALSE,FALSE,FALSE,FALSE,FALSE,富士フイルム和光純薬(株),和光一級, 1309-48-4,25,g,1,0,,,,,"酸化マグネシウム, 軽質 (25g)",,,"Magnesium Oxide, Light",,,富士フイルム和光純薬(株),,和光一級,,25,g,g,3.58,室温,,-,-,,,, 1309-48-4,4.99E+12,138-06652,7170,MgO,,,,98+%(After Ignition),,"mp. 2800℃ bp. 3,600℃",単位管理,Unit Management,－,－,-,-,,,-,-,,,,,,,,,,,,,,,,,
酸化りん(V) (500g),FALSE,FALSE,TRUE,FALSE,FALSE,FALSE,FALSE,FALSE,FALSE,FALSE,FALSE,FALSE,FALSE,FALSE,FALSE,FALSE,富士フイルム和光純薬(株),和光特級, 1314-56-3,500,g,1,0,,,,,酸化りん(V) (500g),,,Phosphorus(V) Oxide,,,富士フイルム和光純薬(株),,和光特級,,500,g,g,2.39,室温,,-,-,,,, 1314-56-3,4.99E+12,161-23865,2900,P2O5,,,,98+%(Titration),,mp. 340℃ bp. 605℃,単位管理,Unit Management,－,－,-,-,,,-,-,,,,,,,,,,,,,,,,,
試薬特級 1-ブタノール,FALSE,FALSE,FALSE,FALSE,FALSE,FALSE,FALSE,FALSE,FALSE,FALSE,TRUE,FALSE,FALSE,FALSE,FALSE,FALSE,SAJ,JIS special grade, 71-36-3,500,ml,1,0,,,,,試薬特級 1-ブタノール,,,"1-Butanol, JIS special grade, >=99.0%",,,SAJ,,JIS special grade,,500,ml,ml,0.81,室温,,-,-,,,, 71-36-3,4.55E+12,03-4560,,,,,,,,,単位管理,Unit Management,－,－,-,-,,,-,-,,,,,,,,,,,,,,,,,
試薬特級　アンモニア水,FALSE,FALSE,FALSE,FALSE,FALSE,FALSE,FALSE,FALSE,TRUE,FALSE,FALSE,FALSE,FALSE,FALSE,FALSE,FALSE,SAJ,JIS special grade, 1336-21-6,500,ml,1,0,,,,,試薬特級 アンモニア水､28%,,,"Ammonium hydroxide solution, JIS special grade, 28.0-30.0% NH3",,,SAJ,,JIS special grade,,500,ml,ml,0.9,冷蔵貯蔵,,-,-,,,, 1336-21-6,4.55E+12,01-4320,,,,,,,,,単位管理,Unit Management,－,－,-,-,,,-,-,,,,,,,,,,,,,,,,,
試薬特級 チオシアン酸カリウム,FALSE,TRUE,FALSE,FALSE,FALSE,FALSE,FALSE,FALSE,FALSE,FALSE,FALSE,FALSE,FALSE,FALSE,FALSE,FALSE,SAJ,JIS special grade, 333-20-0,25,g,1,0,,,,,試薬特級 チオシアン酸カリウム,,,"Potassium thiocyanate, JIS special grade, >=99.5%",,,SAJ,,JIS special grade,,25,g,g,1,室温,,-,-,,,, 333-20-0,4.55E+12,24-5710,,,,,,,,,単位管理,Unit Management,－,－,-,-,,,-,-,,,,,,,,,,,,,,,,,
試薬特級 トルエン,FALSE,FALSE,FALSE,FALSE,FALSE,FALSE,FALSE,FALSE,FALSE,FALSE,TRUE,FALSE,FALSE,FALSE,FALSE,FALSE,SAJ,JIS special grade, 108-88-3,500,ml,1,0,,,,,試薬特級 トルエン,,,"Toluene, JIS special grade, >=99.5%",,,SAJ,,JIS special grade,,500,ml,ml,0.865,室温,,-,-,1,300,100, 108-88-3,4.55E+12,30-3280,,,,,,,,,単位管理,Unit Management,－,－,-,-,,,-,-,,,,,,,,,,,,,,,,,
試薬特級 ヘキサン (n-ヘキサン),FALSE,FALSE,FALSE,FALSE,FALSE,FALSE,FALSE,FALSE,FALSE,FALSE,TRUE,FALSE,FALSE,FALSE,TRUE,FALSE,SAJ,JIS special grade, 110-54-3,3,L,1,0,,,,,試薬特級 ヘキサン (n-ヘキサン),,,"Hexane, JIS special grade, >=96.0%",,,SAJ,,JIS special grade,,3,L,L,0.659,室温,,-,-,1,392,100, 110-54-3,4.55E+12,13-0790,,,,,,,,,単位管理,Unit Management,－,－,-,-,,,-,-,,,,,,,,,,,,,,,,,
試薬特級 メタノール,FALSE,FALSE,FALSE,FALSE,FALSE,FALSE,FALSE,FALSE,FALSE,FALSE,TRUE,FALSE,FALSE,FALSE,FALSE,FALSE,SAJ,JIS special grade, 67-56-1,3,L,1,0,,,,,試薬特級 メタノール,,,"Methanol, JIS special grade, >=99.8%",,,SAJ,,JIS special grade,,3,L,L,0.791,室温,,-,-,,,, 67-56-1,4.55E+12,19-2410,,,,,,,,,単位管理,Unit Management,－,－,-,-,,,-,-,,,,,,,,,,,,,,,,,
試薬特級 塩化鉄(Ⅲ)六水和物,FALSE,FALSE,TRUE,FALSE,FALSE,FALSE,FALSE,FALSE,FALSE,FALSE,FALSE,FALSE,FALSE,FALSE,FALSE,FALSE,SAJ,JIS special grade, 10025-77-1,25,g,1,0,,,,,試薬特級 塩化鉄(Ⅲ)六水和物,,,"Iron(III) chloride hexahydrate, JIS special grade, >=99.0%",,,SAJ,,JIS special grade,,25,g,g,1,室温,,-,-,,,, 10025-77-1,4.55E+12,15-1140,,,,,,,,,単位管理,Unit Management,－,－,-,-,,,-,-,,,,,,,,,,,,,,,,,
酒石酸水素アンモニウム(500g),FALSE,FALSE,TRUE,FALSE,FALSE,FALSE,FALSE,FALSE,FALSE,FALSE,FALSE,FALSE,FALSE,FALSE,FALSE,FALSE,富士フイルム和光純薬(株),-, 3095-65-6,500,g,1,0,,,,,酒石酸水素アンモニウム(500g),,,Ammonium Hydrogen Tartrate,,,富士フイルム和光純薬(株),,-,-,500,g,g,1,室温,,-,-,,,, 3095-65-6,4.99E+12,011-02915,6300,NH4HC4H4O6,,,,95+%(Titration),,,単位管理,Unit Management,－,－,-,-,,,-,-,,,,,,,,,,,,,,,,,
酒石酸水素カリウム,FALSE,FALSE,FALSE,FALSE,FALSE,FALSE,FALSE,FALSE,FALSE,FALSE,FALSE,FALSE,FALSE,FALSE,FALSE,TRUE,ナカライテスク（株）,ＥＰ, 868-14-4,500,g,1,0,,,,,酒石酸水素カリウム,,,Ｐｏｔａｓｓｉｕｍ  Ｈｙｄｒｏｇｅｎ  Ｔａｒｔｒａｔｅ,,,ナカライテスク（株）,,ＥＰ,,500,g,g,1,-,-,-,-,,,, 868-14-4,1OXAH,2842545,2600,KHC4H4O6,-,-,,,188.18,,単位管理,Unit Management,本,本,-,-,,,-,-,,,,,,,,,,,,,,,,,
臭化3-ﾌﾙｵﾛﾍﾞﾝｼﾞﾙ,FALSE,FALSE,FALSE,FALSE,FALSE,FALSE,FALSE,FALSE,FALSE,FALSE,FALSE,TRUE,FALSE,FALSE,FALSE,FALSE,Thermo Fisher Scientific Inc.,-, 456-41-7,25,g,1,0,,,,,臭化3-ﾌﾙｵﾛﾍﾞﾝｼﾞﾙ,,,3-Fluorobenzyl bromide,,,Thermo Fisher Scientific Inc.,,-,-,25,g,g,1.541,冷蔵保存 0℃～6℃,,-,-,,,, 456-41-7,,11940-1A,13970,FC6H4CH2Br,ガラスビン,,,,189.0245,bp.88℃(20mm) d1.541,単位管理,Unit Management,－,－,-,-,,,-,-,,,,,,,,,BR1／C7／F1／H6,,,,,,,,
臭化p-t-ブチルベンジル (5g),FALSE,FALSE,FALSE,FALSE,FALSE,FALSE,FALSE,FALSE,FALSE,FALSE,TRUE,FALSE,FALSE,FALSE,FALSE,FALSE,(株)ワコーケミカル (和光純薬取扱),-, 18880-00-7,5,g,1,0,,,,,臭化p-t-ブチルベンジル (5g),,,p-t-Butylbenzyl Bromide,,,(株)ワコーケミカル (和光純薬取扱),,-,-,5,g,g,1.236,室温,,-,-,,,, 18880-00-7,4.99E+12,322-88411,5900,C11H15Br,-,-,,97+%(GC),,,単位管理,Unit Management,本,本,-,-,,,-,-,,,,,,,,,,,,,,,,,
臭化エチル,FALSE,FALSE,FALSE,FALSE,TRUE,FALSE,FALSE,FALSE,FALSE,FALSE,FALSE,FALSE,FALSE,FALSE,FALSE,FALSE,ナカライテスク（株）,ＥＰ, 74-96-4,25,g,1,0,,,,,臭化エチル,,,Ethyl Bromide＊ 〔Bromoethane〕,,,ナカライテスク（株）,,ＥＰ,,25,g,g,1.457,-,-,-,-,,,, 74-96-4,0VRTU,1482432,900,C2H5Br,-,-,,≧98.0%(GC),108.97,mp. -118.9℃ bp. 38.4℃,単位管理,Unit Management,本,本,-,-,,,-,-,,,,,,,,,,,,,,,,,
臭化カリウム (100g),FALSE,FALSE,FALSE,FALSE,FALSE,FALSE,FALSE,FALSE,FALSE,FALSE,FALSE,FALSE,FALSE,TRUE,FALSE,FALSE,富士フイルム和光純薬(株),試薬特級 [JISマーク認定品目], 7758-02-3,100,g,1,0,,,,,臭化カリウム (100g),,,Potassium Bromide,,,富士フイルム和光純薬(株),,試薬特級 [JISマーク認定品目],,100,g,g,2.75,室温,,-,-,,,, 7758-02-3,4.99E+12,166-03471,1860,KBr,,,,99+%(Titration)(afte,,mp. 734℃ bp. 1380℃,単位管理,Unit Management,－,－,-,-,,,-,-,,,,,,,,,,,,,,,,,
臭化カリウム (25g),FALSE,FALSE,FALSE,FALSE,FALSE,FALSE,FALSE,FALSE,FALSE,FALSE,FALSE,FALSE,FALSE,TRUE,FALSE,FALSE,富士フイルム和光純薬(株),試薬特級 [JISマーク認定品目], 7758-02-3,25,g,1,0,,,,,臭化カリウム (25g),,,Potassium Bromide,,,富士フイルム和光純薬(株),,試薬特級 [JISマーク認定品目],,25,g,g,2.75,室温,,-,-,,,, 7758-02-3,4.99E+12,164-03472,1320,KBr,,,,99+%(Titration)(afte,,mp. 734℃ bp. 1380℃,単位管理,Unit Management,－,－,-,-,,,-,-,,,,,,,,,,,,,,,,,
"臭化カリウム, クリスタルブロック (100g)",FALSE,FALSE,FALSE,FALSE,FALSE,FALSE,FALSE,FALSE,FALSE,FALSE,FALSE,FALSE,FALSE,TRUE,FALSE,FALSE,富士フイルム和光純薬(株),IR用, 7758-02-3,100,g,1,0,,,,,"臭化カリウム, クリスタルブロック (100g)",,,"Potassium Bromide, Crystal block",,,富士フイルム和光純薬(株),,IR用,,100,g,g,2.75,室温,,-,-,,,, 7758-02-3,4.99E+12,169-16271,23600,KBr,,,,,,mp. 734℃ bp. 1380℃,単位管理,Unit Management,－,－,-,-,,,-,-,,,,,,,,,,,,,,,,,
臭化コバルト(Ⅱ)(無水),FALSE,FALSE,TRUE,FALSE,FALSE,FALSE,FALSE,FALSE,FALSE,FALSE,FALSE,FALSE,FALSE,FALSE,FALSE,FALSE,ナカライテスク（株）,ＥＰ, 7789-43-7,25,g,1,0,,,,,臭化コバルト(Ⅱ)(無水),,,"Cobalt(Ⅱ) Bromide, Anhydrous",,,ナカライテスク（株）,,ＥＰ,,25,g,g,1,冷暗貯蔵,,-,-,1,132,100, 7789-43-7,0JKMQ,09132-52,3200,CoBr2,,,,≧95.0%(T),218.74,mp. 678℃ ,単位管理,Unit Management,－,－,-,-,,,-,-,,,,,,,,,,,,,,,,,
臭化ﾅﾄﾘｳﾑ,FALSE,FALSE,TRUE,FALSE,FALSE,FALSE,FALSE,FALSE,FALSE,FALSE,FALSE,FALSE,FALSE,FALSE,FALSE,FALSE,関東化学株式会社,特級, 7647-15-6,500,g,2,0,,,,,臭化ﾅﾄﾘｳﾑ,,,Sodium bromide,,,関東化学株式会社,"Kanto Chemical Co., Inc.",特級,,500,g,g,1,-,-,-,-,,,, 7647-15-6,3713300H,37133-00,3200,NaBr,-,-,"白,結晶性粉末",>99.5%(T),102.8938,mp.755℃,単位管理,Unit Management,－,－,-,-,,,-,-,,,,,,,,,,,,,,,,,
臭化ﾘﾁｳﾑ一水和物,FALSE,FALSE,TRUE,FALSE,FALSE,FALSE,FALSE,FALSE,FALSE,FALSE,FALSE,FALSE,FALSE,FALSE,FALSE,FALSE,関東化学株式会社,鹿1級, 85017-82-9,500,g,1,0,,,,,臭化ﾘﾁｳﾑ一水和物,,,Lithium bromide monohydrate,,,関東化学株式会社,"Kanto Chemical Co., Inc.",鹿1級,,500,g,g,1,-,-,-,-,,,, 85017-82-9,2412001A,24120-01,11500,LiBr･H2O,-,-,"白,粗粉末",>95.0%(T),104.8874,,単位管理,Unit Management,－,－,-,-,,,-,-,,,,,,,,,BR1／LI1,,,,,,,,
臭化亜鉛,FALSE,FALSE,TRUE,FALSE,FALSE,FALSE,FALSE,FALSE,FALSE,FALSE,FALSE,FALSE,FALSE,FALSE,FALSE,FALSE,東京化成工業株式会社,-, 7699-45-8,300,g,1,0,,,,,臭化亜鉛,,,Zinc Bromide,,,東京化成工業株式会社,,-,-,300,g,g,1,-,-,-,-,1,1,100, 7699-45-8,TBBWG,Z0013,3400,,,,,,,,単位管理,Unit Management,－,－,-,-,,,-,-,,,,,,,,,,,,,,,,,
臭化水素酸：重量管理,FALSE,FALSE,TRUE,FALSE,FALSE,FALSE,FALSE,FALSE,FALSE,FALSE,FALSE,FALSE,FALSE,FALSE,FALSE,FALSE,ナカライテスク（株）,ＥＰ, 10035-10-6,500,g,1,0,,,,,臭化水素酸：重量管理,,,Ｈｙｄｒｏｂｒｏｍｉｃ　Ａｃｉｄ　（Ｓ．Ｇ．＝１．４８，　４７％）,,,ナカライテスク（株）,,ＥＰ,,500,g,g,1.48,-,-,-,-,,,, 10035-10-6,139CP,18317-75,1350,HBr,-,-,,,80.91,,単位管理,Unit Management,－,－,-,-,,,-,-,,,,,,,,,,,,,,,,,
臭化銅(II) (25g),FALSE,FALSE,FALSE,FALSE,FALSE,FALSE,FALSE,FALSE,FALSE,FALSE,FALSE,FALSE,TRUE,FALSE,FALSE,FALSE,富士フイルム和光純薬(株),和光一級, 7789-45-9,25,g,1,0,,,,,臭化銅(II) (25g),,,Copper(II) Bromide,,,富士フイルム和光純薬(株),,和光一級,,25,g,g,4.77,室温,,-,-,1,272,28.4, 7789-45-9,4.99E+12,036-10892,3100,CuBr2,,,,97+%(Titration),,mp. 498℃ bp. 約900℃,単位管理,Unit Management,－,－,-,-,,,-,-,,,,,,,,,,,,,,,,,
重水,FALSE,FALSE,FALSE,FALSE,FALSE,FALSE,FALSE,FALSE,FALSE,FALSE,TRUE,FALSE,FALSE,FALSE,FALSE,FALSE,Aldrich,-, 7789-20-0,100,g,2,0,,,,,重水,,,Deuterium oxide,,,Aldrich,,-,-,100,g,g,1.107,冷暗貯蔵,,-,-,,,, 7789-20-0,,15188-2,0,D2O,-,-,,,20.03,,単位管理,Unit Management,本,本,-,-,,,-,-,,,,,,,,,D2／O1,,,,,,,,
"重水, 99.8% (10mL)",FALSE,FALSE,FALSE,FALSE,FALSE,FALSE,FALSE,FALSE,FALSE,FALSE,TRUE,FALSE,FALSE,FALSE,FALSE,FALSE,富士フイルム和光純薬(株),NMR用, 7789-20-0,10,ml,1,0,,,,,"重水, 99.8% (10mL)",,,"Deuterium Oxide, 99.8%",,,富士フイルム和光純薬(株),,NMR用,,10,ml,ml,1.107,室温,,-,-,,,, 7789-20-0,4.55E+12,041-34241,10100,D2O,,,,,,mp. 3.8℃ bp. 101.4℃,単位管理,Unit Management,－,－,-,-,,,-,-,,,,,,,,,,,,,,,,,
硝酸 1.42,FALSE,FALSE,TRUE,FALSE,FALSE,FALSE,FALSE,FALSE,FALSE,FALSE,FALSE,FALSE,FALSE,FALSE,FALSE,FALSE,関東化学株式会社,特級, 7697-37-2,500,ml,1,0,,,,,硝酸 1.42,,,Nitric acid 1.42,,,関東化学株式会社,"Kanto Chemical Co., Inc.",特級,,500,ml,ml,1.42,-,-,-,-,,,, 7697-37-2,2816100I,28161-00,1800,HNO3,ガラスビン,,"無色,液体",69.0%～70.0%(T),63.013,dSp.Gr. abt 1.42,単位管理,Unit Management,－,－,-,-,,,-,-,,,,,,,,,,,,,,,,,
硝酸コバルト(II)六水和物 (25g),FALSE,FALSE,TRUE,FALSE,FALSE,FALSE,FALSE,FALSE,FALSE,FALSE,FALSE,FALSE,FALSE,FALSE,FALSE,FALSE,富士フイルム和光純薬(株),試薬特級 [JISマーク認定品目], 10026-22-9,25,g,1,0,,,,,硝酸コバルト(II)六水和物 (25g),,,Cobalt(II) Nitrate Hexahydrate,,,富士フイルム和光純薬(株),,試薬特級 [JISマーク認定品目],,25,g,g,1.872,室温,,-,-,1,132,20.2, 10026-22-9,4.99E+12,031-03752,1650,Co(NO3)2・6H2O,,,,98+%(Titration),,mp. 55℃ ,単位管理,Unit Management,－,－,-,-,,,-,-,,,,,,,,,,,,,,,,,
硝酸ニッケル(Ⅱ)六水和物,FALSE,FALSE,TRUE,FALSE,FALSE,FALSE,FALSE,FALSE,FALSE,FALSE,FALSE,FALSE,FALSE,FALSE,FALSE,FALSE,ナカライテスク（株）,GR, 13478-00-7,25,g,1,0,,,,,硝酸ニッケル(Ⅱ)六水和物,,,Nickel(Ⅱ) Nitrate Hexahydrate,,,ナカライテスク（株）,,GR,,25,g,g,1,冷暗貯蔵,,-,-, 特1,309,100, 13478-00-7,1G35M,24302-52,2250,Ni(NO3)2・6H2O,,,,≧98.0%(T),290.79,mp. 57℃ bp. 137℃,単位管理,Unit Management,－,－,-,-,,,-,-,,,,,,,,,,,,,,,,,
硝酸マグネシウム六水和物,FALSE,FALSE,TRUE,FALSE,FALSE,FALSE,FALSE,FALSE,FALSE,FALSE,FALSE,FALSE,FALSE,FALSE,FALSE,FALSE,ナカライテスク（株）,ＥＰ, 13446-18-9,500,g,1,0,,,,,硝酸マグネシウム六水和物,,,Magnesium Nitrate Hexahydrate,,,ナカライテスク（株）,,ＥＰ,,500,g,g,1,冷暗貯蔵,,-,-,,,, 13446-18-9,18U1P,20918-35,2950,Mg(NO3)2・6H2O,,,,≧98.0%(T),256.41,mp. 90℃ ,単位管理,Unit Management,－,－,-,-,,,-,-,,,,,,,,,,,,,,,,,
硝酸亜鉛六水和物 (25g),FALSE,FALSE,TRUE,FALSE,FALSE,FALSE,FALSE,FALSE,FALSE,FALSE,FALSE,FALSE,FALSE,FALSE,FALSE,FALSE,富士フイルム和光純薬(株),和光特級, 10196-18-6,25,g,2,0,,,,,硝酸亜鉛六水和物 (25g),,,Zinc Nitrate Hexahydrate,,,富士フイルム和光純薬(株),,和光特級,,25,g,g,2.065,室温,,-,-,1,1,22, 10196-18-6,4.99E+12,269-00332,1550,ZnNO26H2O,,,,99+%(Titration),,mp. 36℃ ,単位管理,Unit Management,－,－,-,-,,,-,-,,,,,,,,,,,,,,,,,
硝酸銀 (25g),FALSE,FALSE,FALSE,FALSE,FALSE,FALSE,TRUE,FALSE,FALSE,FALSE,FALSE,FALSE,FALSE,FALSE,FALSE,FALSE,和光純薬工業(株),和光一級, 7761-88-8,25,g,1,0,,,,,硝酸銀 (25g),,,Silver Nitrate,,,和光純薬工業(株),,和光一級,,25,g,g,4.35,室温,,-,-,1,82,63.5, 7761-88-8,4.99E+12,191-00842,,AgNO3,-,-,白色、結晶～結晶性粉末,99.5+%(Titration),169.87,mp. 212℃ ,単位管理,Unit Management,本,本,-,-,,,-,-,,,,,,,,,,,,,,,,,
"硝酸銅(II)三水和物, 99.9%(10g)",FALSE,FALSE,FALSE,FALSE,TRUE,FALSE,FALSE,FALSE,FALSE,FALSE,FALSE,FALSE,FALSE,FALSE,FALSE,FALSE,富士フイルム和光純薬(株),-, 10031-43-3,10,g,0,1,,,,,"硝酸銅(II)三水和物, 99.9%(10g)",,,"Copper(II) Nitrate Trihydrate, 99.9%",,,富士フイルム和光純薬(株),,-,-,10,g,g,2.05,冷蔵貯蔵,,-,-,1,272,26.3, 10031-43-3,4.99E+12,035-12501,2400,Cu(NO3)2・3H2O,,,,99.9+%(Subtracting M,,mp. 114℃ ,単位管理,Unit Management,－,－,-,-,,,-,-,,,,,,,,,,,,,,,,,
真空ポンプオイル,FALSE,FALSE,FALSE,FALSE,FALSE,FALSE,FALSE,FALSE,FALSE,FALSE,FALSE,FALSE,FALSE,FALSE,TRUE,FALSE,各社,-,,500,ml,3,0,,,,,真空ポンプオイル,,,,,,各社,,-,-,500,ml,ml,1,-,-,-,-,,,,,,,,,-,-,,,,,単位管理,Unit Management,－,－,-,-,,,-,-,,,,,,,,,,,,,,,,,
酢酸,FALSE,FALSE,TRUE,FALSE,FALSE,FALSE,FALSE,FALSE,FALSE,FALSE,FALSE,FALSE,FALSE,FALSE,FALSE,FALSE,ナカライテスク（株）,特級(ＧＲ), 64-19-7,500,ml,1,0,,,,,酢酸,,,Acetic Acid,,,ナカライテスク（株）,,特級(ＧＲ),,500,ml,ml,1.05,-,-,-,-,,,, 64-19-7,00GD1,00212-85,1350,CH3COOH,,,,≧99.7%(T),60.05,mp. 17℃ bp. 118℃,単位管理,Unit Management,－,－,-,-,,,-,-,,,,,,,,,,,,,,,,,
酢酸 (500mL),FALSE,FALSE,TRUE,FALSE,FALSE,FALSE,FALSE,FALSE,FALSE,FALSE,FALSE,FALSE,FALSE,FALSE,FALSE,FALSE,富士フイルム和光純薬(株),試薬特級 [JISマーク認定品目], 64-19-7,500,ml,1,0,,,,,酢酸 (500mL),,,Acetic Acid,,,富士フイルム和光純薬(株),,試薬特級 [JISマーク認定品目],,500,ml,ml,1.05,室温,,-,-,,,, 64-19-7,4.99E+12,017-00256,1190,CH3COOH,,,,99.7+%(Titration),,mp. 16℃ bp. 118℃,単位管理,Unit Management,－,－,-,-,,,-,-,,,,,,,,,,,,,,,,,
酢酸アミル,FALSE,FALSE,FALSE,FALSE,FALSE,FALSE,FALSE,TRUE,FALSE,FALSE,FALSE,FALSE,FALSE,FALSE,FALSE,FALSE,東京化成工業株式会社,-, 628-63-7,25,ml,1,0,,,,,酢酸アミル,,,Amyl Acetate,,,東京化成工業株式会社,,-,-,25,ml,ml,0.88,-,-,-,-,,,, 628-63-7,AAUKM,A0021,2400,,,,,,,,単位管理,Unit Management,－,－,-,-,,,-,-,,,,,,,,,,,,,,,,,
酢酸アンモニウム (500g),FALSE,FALSE,TRUE,FALSE,FALSE,FALSE,FALSE,FALSE,FALSE,FALSE,FALSE,FALSE,FALSE,FALSE,FALSE,FALSE,富士フイルム和光純薬(株),試薬特級 [JISマーク認定品目], 631-61-8,500,g,1,0,,,,,酢酸アンモニウム (500g),,,Ammonium Acetate,,,富士フイルム和光純薬(株),,試薬特級 [JISマーク認定品目],,500,g,g,1.17,室温,,-,-,,,, 631-61-8,4.99E+12,019-02835,2210,CH3COONH4,,,,97+%(Titration),,mp. 114℃ ,単位管理,Unit Management,－,－,-,-,,,-,-,,,,,,,,,,,,,,,,,
酢酸ｲｿﾌﾟﾛﾋﾟﾙ,FALSE,FALSE,FALSE,FALSE,FALSE,FALSE,FALSE,FALSE,FALSE,FALSE,TRUE,FALSE,FALSE,FALSE,FALSE,FALSE,関東化学株式会社,鹿特級, 108-21-4,25,ml,1,0,,,,,酢酸ｲｿﾌﾟﾛﾋﾟﾙ,酢酸iso-ﾌﾟﾛﾋﾟﾙ,,Isopropyl acetate,iso-Propyl acetate,,関東化学株式会社,"Kanto Chemical Co., Inc.",鹿特級,,25,ml,ml,0.87,-,-,-,-,,,, 108-21-4,3243330I,32433-30,1700,CH3COOCH(CH3)2,ガラスビン,,,>99.0%(GC),102.1316,bp.89℃ mp.-73℃ d(20/4℃) 0.870 Fp.4.44℃,単位管理,Unit Management,－,－,-,-,,,-,-,,,,,,,,,C5／H10／O2,,,,,,,,
酢酸エチル (3L),FALSE,FALSE,FALSE,FALSE,FALSE,FALSE,FALSE,FALSE,FALSE,FALSE,TRUE,FALSE,FALSE,FALSE,FALSE,FALSE,富士フイルム和光純薬(株),試薬特級 [JISマーク認定品目], 141-78-6,3,L,2,0,,,,,酢酸エチル (3L),,,Ethyl Acetate,,,富士フイルム和光純薬(株),,試薬特級 [JISマーク認定品目],,3,L,L,0.9,室温,,-,-,,,, 141-78-6,4.99E+12,051-00351,6600,CH3COOC2H5,,,,99.5+%(mass/mass)(CH,,mp. -83.6℃ bp. 約77℃,単位管理,Unit Management,－,－,-,-,,,-,-,,,,,,,,,,,,,,,,,
酢酸ｶﾄﾞﾐｳﾑ二水和物,FALSE,TRUE,FALSE,FALSE,FALSE,FALSE,FALSE,FALSE,FALSE,FALSE,FALSE,FALSE,FALSE,FALSE,FALSE,FALSE,関東化学株式会社,鹿特級, 5743-04-4,25,g,1,0,,,,,酢酸ｶﾄﾞﾐｳﾑ二水和物,,,Cadmium acetate dihydrate,,,関東化学株式会社,"Kanto Chemical Co., Inc.",鹿特級,,25,g,g,1,-,-,-,-, 特1,75,42.2, 5743-04-4,0700730H,07007-30,2600,Cd(CH3COO)2･2H2O,ガラスビン,,"白,結晶",>98.0%(T),266.5326,,単位管理,Unit Management,－,－,-,-,,,-,-,,,,,,,,,C4／CD1／H6／O4,,,,,,,,
酢酸カリウム (500g),FALSE,FALSE,TRUE,FALSE,FALSE,FALSE,FALSE,FALSE,FALSE,FALSE,FALSE,FALSE,FALSE,FALSE,FALSE,FALSE,富士フイルム和光純薬(株),試薬特級 [JISマーク認定品目], 127-08-2,500,g,1,0,,,,,酢酸カリウム (500g),,,Potassium Acetate,,,富士フイルム和光純薬(株),,試薬特級 [JISマーク認定品目],,500,g,g,1.57,室温,,-,-,,,, 127-08-2,4.99E+12,160-03175,3900,CH3COOK,,,,97+%(Titration),,mp. 292℃ ,単位管理,Unit Management,－,－,-,-,,,-,-,,,,,,,,,,,,,,,,,
酢酸カルシウム一水和物 (25g),FALSE,FALSE,TRUE,FALSE,FALSE,FALSE,FALSE,FALSE,FALSE,FALSE,FALSE,FALSE,FALSE,FALSE,FALSE,FALSE,富士フイルム和光純薬(株),試薬特級 [JISマーク認定品目], 5743-26-0,25,g,1,0,,,,,酢酸カルシウム一水和物 (25g),,,Calcium Acetate Monohydrate,,,富士フイルム和光純薬(株),,試薬特級 [JISマーク認定品目],,25,g,g,1,室温,,-,-,,,, 5743-26-0,4.99E+12,037-00312,1700,(CH3COO)2Ca・H2O,,,,99+%(Titration),,,単位管理,Unit Management,－,－,-,-,,,-,-,,,,,,,,,,,,,,,,,
酢酸クロム(III) (25g),FALSE,FALSE,TRUE,FALSE,FALSE,FALSE,FALSE,FALSE,FALSE,FALSE,FALSE,FALSE,FALSE,FALSE,FALSE,FALSE,富士フイルム和光純薬(株),化学用, 1066-30-4,25,g,1,0,,,,,酢酸クロム(III) (25g),,,Chromium(III) Acetate,,,富士フイルム和光純薬(株),,化学用,,25,g,g,1,室温,,-,-,1,87,22.7, 1066-30-4,4.99E+12,034-03122,3250,C6H9CrO6,,,,20～25%(as Cr),,,単位管理,Unit Management,－,－,-,-,,,-,-,,,,,,,,,,,,,,,,,
酢酸コバルト(II)四水和物 (100g),FALSE,FALSE,TRUE,FALSE,FALSE,FALSE,FALSE,FALSE,FALSE,FALSE,FALSE,FALSE,FALSE,FALSE,FALSE,FALSE,富士フイルム和光純薬(株),和光特級, 6147-53-1,100,g,1,0,,,,,酢酸コバルト(II)四水和物 (100g),,,Cobalt(II) Acetate Tetrahydrate,,,富士フイルム和光純薬(株),,和光特級,,100,g,g,1.705,室温,,-,-,1,132,23.7, 6147-53-1,4.99E+12,032-03601,5560,(CH3COO)2Co・4H2O,,,,99+%(Titration),,mp. 140℃ ,単位管理,Unit Management,－,－,-,-,,,-,-,,,,,,,,,,,,,,,,,
酢酸コバルト(II)四水和物 (500g),FALSE,FALSE,TRUE,FALSE,FALSE,FALSE,FALSE,FALSE,FALSE,FALSE,FALSE,FALSE,FALSE,FALSE,FALSE,FALSE,富士フイルム和光純薬(株),和光特級, 6147-53-1,500,g,1,0,,,,,酢酸コバルト(II)四水和物 (500g),,,Cobalt(II) Acetate Tetrahydrate,,,富士フイルム和光純薬(株),,和光特級,,500,g,g,1.705,室温,,-,-,1,132,23.7, 6147-53-1,4.99E+12,034-03605,10600,(CH3COO)2Co・4H2O,,,,99+%(Titration),,mp. 140℃ ,単位管理,Unit Management,－,－,-,-,,,-,-,,,,,,,,,,,,,,,,,
酢酸ナトリウム三水和物 (500g),FALSE,FALSE,TRUE,FALSE,FALSE,FALSE,FALSE,FALSE,FALSE,FALSE,FALSE,FALSE,FALSE,FALSE,FALSE,FALSE,富士フイルム和光純薬(株),和光一級, 6131-90-4,500,g,1,0,,,,,酢酸ナトリウム三水和物 (500g),,,Sodium Acetate Trihydrate,,,富士フイルム和光純薬(株),,和光一級,,500,g,g,1,室温,,-,-,,,, 6131-90-4,4.99E+12,195-01065,1700,CH3COONa 3H2O,,,,98.5+%(Titration),,mp. 58℃ ,単位管理,Unit Management,－,－,-,-,,,-,-,,,,,,,,,,,,,,,,,
酢酸ニッケル(Ⅱ)四水和物,FALSE,FALSE,TRUE,FALSE,FALSE,FALSE,FALSE,FALSE,FALSE,FALSE,FALSE,FALSE,FALSE,FALSE,FALSE,FALSE,ナカライテスク（株）,ＥＰ, 6018-89-9,25,g,1,0,,,,,酢酸ニッケル(Ⅱ)四水和物,,,Nickel(Ⅱ) Acetate Tetrahydrate,,,ナカライテスク（株）,,ＥＰ,,25,g,g,1,冷暗貯蔵,,-,-, 特1,309,100, 6018-89-9,09D46,04369-22,2400,Ni(CH3COO)2・4H2O,,,,≧97.0%(T),248.84,,単位管理,Unit Management,－,－,-,-,,,-,-,,,,,,,,,,,,,,,,,
酢酸ブチル,FALSE,FALSE,FALSE,FALSE,TRUE,FALSE,FALSE,FALSE,FALSE,FALSE,FALSE,FALSE,FALSE,FALSE,FALSE,FALSE,東京化成工業株式会社,-, 123-86-4,25,ml,1,0,,,,,酢酸ブチル,,,Butyl Acetate,,,東京化成工業株式会社,,-,-,25,ml,ml,0.88,-,-,-,-,,,, 123-86-4,AAXKM,A0024,1900,,,,,,,,単位管理,Unit Management,－,－,-,-,,,-,-,,,,,,,,,,,,,,,,,
酢酸プロピル,FALSE,FALSE,FALSE,FALSE,TRUE,FALSE,FALSE,FALSE,FALSE,FALSE,FALSE,FALSE,FALSE,FALSE,FALSE,FALSE,東京化成工業株式会社,-, 109-60-4,25,ml,1,0,,,,,酢酸プロピル,,,Propyl Acetate,,,東京化成工業株式会社,,-,-,25,ml,ml,0.89,-,-,-,-,,,, 109-60-4,ABHKM,A0044,1900,,,,,,,,単位管理,Unit Management,－,－,-,-,,,-,-,,,,,,,,,,,,,,,,,
酢酸ﾏｸﾞﾈｼｳﾑ四水和物,FALSE,FALSE,TRUE,FALSE,FALSE,FALSE,FALSE,FALSE,FALSE,FALSE,FALSE,FALSE,FALSE,FALSE,FALSE,FALSE,関東化学株式会社,鹿特級, 16674-78-5,25,g,1,0,,,,,酢酸ﾏｸﾞﾈｼｳﾑ四水和物,,,Magnesium acetate tetrahydrate,,,関東化学株式会社,"Kanto Chemical Co., Inc.",鹿特級,,25,g,g,1,-,-,-,-,,,, 16674-78-5,2500230C,25002-30,2000,Mg(CH3COO)2･4H2O,ガラスビン,,"白,結晶",>99.3%(T),214.4553,mp.72℃～75℃,単位管理,Unit Management,－,－,-,-,,,-,-,,,,,,,,,C4／H6／MG1／O4,,,,,,,,
酢酸ﾏﾝｶﾞﾝ(II)四水和物,FALSE,FALSE,TRUE,FALSE,FALSE,FALSE,FALSE,FALSE,FALSE,FALSE,FALSE,FALSE,FALSE,FALSE,FALSE,FALSE,関東化学株式会社,鹿特級, 6156-78-1,25,g,1,0,,,,,酢酸ﾏﾝｶﾞﾝ(II)四水和物,,,Manganese(II) acetate tetrahydrate,,,関東化学株式会社,"Kanto Chemical Co., Inc.",鹿特級,,25,g,g,1,-,-,-,-,1,412,22.4, 6156-78-1,2505230H,25052-30,1700,Mn(CH3COO)2･4H2O,ガラスビン,,"薄赤,結晶",>99.0%(T),245.0874,,単位管理,Unit Management,－,－,-,-,,,-,-,,,,,,,,,C4／H6／MN1／O4,,,,,,,,
酢酸ランタンn水和物 (25g),FALSE,FALSE,TRUE,FALSE,FALSE,FALSE,FALSE,FALSE,FALSE,FALSE,FALSE,FALSE,FALSE,FALSE,FALSE,FALSE,富士フイルム和光純薬(株),和光一級, 100587-90-4,25,g,1,0,,,,,酢酸ランタンn水和物 (25g),,,Lanthanum Acetate n-Hydrate,,,富士フイルム和光純薬(株),,和光一級,,25,g,g,1,室温,,-,-,,,, 100587-90-4,4.99E+12,129-01902,3520,(CH3COO)3La・nH2O,,,,,,,単位管理,Unit Management,－,－,-,-,,,-,-,,,,,,,,,,,,,,,,,
酢酸亜鉛 (10g),FALSE,FALSE,TRUE,FALSE,FALSE,FALSE,FALSE,FALSE,FALSE,FALSE,FALSE,FALSE,FALSE,FALSE,FALSE,FALSE,富士フイルム和光純薬(株),-, 557-34-6,10,g,1,0,,,,,酢酸亜鉛 (10g),,,Zinc Acetate,,,富士フイルム和光純薬(株),,-,-,10,g,g,1.84,室温,,-,-,1,1,35.6, 557-34-6,4.99E+12,260-01881,2060,(CH3COO)2Zn,,,,98～105%(Titration),,mp. 240℃ ,単位管理,Unit Management,－,－,-,-,,,-,-,,,,,,,,,,,,,,,,,
酢酸亜鉛二水和物 (25g),FALSE,FALSE,TRUE,FALSE,FALSE,FALSE,FALSE,FALSE,FALSE,FALSE,FALSE,FALSE,FALSE,FALSE,FALSE,FALSE,富士フイルム和光純薬(株),試薬特級 [JISマーク認定品目], 5970-45-6,25,g,1,0,,,,,酢酸亜鉛二水和物 (25g),,,Zinc Acetate Dihydrate,,,富士フイルム和光純薬(株),,試薬特級 [JISマーク認定品目],,25,g,g,1.84,室温,,-,-,1,1,29.8, 5970-45-6,4.99E+12,263-00232,1710,Zn(CH3COO)2・2H2O,,,,99+%(Titration),,mp. 237℃ ,単位管理,Unit Management,－,－,-,-,,,-,-,,,,,,,,,,,,,,,,,
酢酸銀 (25g),FALSE,FALSE,FALSE,FALSE,TRUE,FALSE,FALSE,FALSE,FALSE,FALSE,FALSE,FALSE,FALSE,FALSE,FALSE,FALSE,富士フイルム和光純薬(株),和光一級, 563-63-3,25,g,1,0,,,,,酢酸銀 (25g),,,Silver Acetate,,,富士フイルム和光純薬(株),,和光一級,,25,g,g,3.259,室温,,-,-,1,82,64.6, 563-63-3,4.99E+12,190-08112,,CH3COOAg,,,,97+%(Titration),,,単位管理,Unit Management,－,－,-,-,,,-,-,,,,,,,,,,,,,,,,,
酢酸銅(II)一水和物 (25g),FALSE,TRUE,FALSE,FALSE,TRUE,FALSE,FALSE,FALSE,FALSE,FALSE,FALSE,FALSE,TRUE,FALSE,FALSE,FALSE,富士フイルム和光純薬(株),和光特級, 6046-93-1,25,g,2,1,,,,,酢酸銅(II)一水和物 (25g),,,Copper(II) Acetate Monohydrate,,,富士フイルム和光純薬(株),,和光特級,,25,g,g,1.882,室温,,-,-,1,272,31.8, 6046-93-1,4.99E+12,032-04022,2150,(CH3COO)2Cu・H2O,,,,99+%(Titration),,mp. 115℃ (dec.) bp. 240℃,単位管理,Unit Management,－,－,-,-,,,-,-,,,,,,,,,,,,,,,,,
水酸化カリウム(大粒),FALSE,FALSE,TRUE,FALSE,FALSE,FALSE,FALSE,FALSE,FALSE,FALSE,FALSE,FALSE,FALSE,FALSE,FALSE,FALSE,関東化学株式会社,特級(ＧＲ), 1310-58-3,500,g,1,0,,,,,水酸化カリウム(大粒),,,"Potassium hydroxide, Tablet",,,関東化学株式会社,"Kanto Chemical Co., Inc.",特級(ＧＲ),,500,g,g,1,-,-,-,-,,,, 1310-58-3,3234500H,32345-00,960,KOH,-,-,,>86.0%(T),56.11,,単位管理,Unit Management,本,本,-,-,,,-,-,,,,,,,,,,0.5,g,g,0.5,g,g,,
水酸化ｶﾙｼｳﾑ,FALSE,FALSE,TRUE,FALSE,FALSE,FALSE,FALSE,FALSE,FALSE,FALSE,FALSE,FALSE,FALSE,FALSE,FALSE,FALSE,関東化学株式会社,特級, 1305-62-0,500,g,1,0,,,,,水酸化ｶﾙｼｳﾑ,,,Calcium hydroxide,,,関東化学株式会社,"Kanto Chemical Co., Inc.",特級,,500,g,g,1,-,-,-,-,,,, 1305-62-0,0706900M,07069-00,2400,Ca(OH)2,-,-,"白,粉末",>96.0%(T),74.0928,,単位管理,Unit Management,－,－,-,-,,,-,-,,,,,,,,,,,,,,,,,
水酸化ナトリウム（粒状）,FALSE,FALSE,TRUE,FALSE,FALSE,FALSE,FALSE,FALSE,FALSE,FALSE,FALSE,FALSE,FALSE,FALSE,FALSE,FALSE,和光純薬工業(株),-, 1310-73-2,500,g,1,0,,,,,水酸化ナトリウム（粒状）,,,"Sodium hydroxide, Pellets",,,和光純薬工業(株),,-,-,500,g,g,1,-,-,-,-,,,, 1310-73-2,4.99E+12,198-13765,,NaOH,プラスチックビン,,白，粒状,,40,,単位管理,Unit Management,本,本,-,-,,,-,-,,,,,,,,,H1／NA1／O1,,,,,,,,
水酸化ナトリウム、顆粒状 (500g),FALSE,FALSE,TRUE,FALSE,FALSE,FALSE,FALSE,FALSE,FALSE,FALSE,FALSE,FALSE,FALSE,FALSE,FALSE,FALSE,富士フイルム和光純薬(株),有機合成用, 1310-73-2,500,g,1,0,,,,,水酸化ナトリウム、顆粒状 (500g),,,"Sodium Hydroxide, Granular",,,富士フイルム和光純薬(株),,有機合成用,,500,g,g,2.13,冷蔵貯蔵,,-,-,,,, 1310-73-2,4.99E+12,199-14895,3300,NaOH,,,,98+%(Titration),,mp. 318℃ bp. 1390℃,単位管理,Unit Management,－,－,-,-,,,-,-,,,,,,,,,,,,,,,,,
水酸化バリウム八水和物,FALSE,FALSE,TRUE,FALSE,FALSE,FALSE,FALSE,FALSE,FALSE,FALSE,FALSE,FALSE,FALSE,FALSE,FALSE,FALSE,SAJ,-, 12230-71-6,25,g,2,0,,,,,水酸化バリウム八水和物,,,"Barium hydroxide octahydrate,SG",,,SAJ,,-,-,25,g,g,1,室温,,-,-,,,, 12230-71-6,,03-0350-2,,,-,-,,98%,,,単位管理,Unit Management,本,本,-,-,,,-,-,,,,,,,,,,,,,,,,,
水酸化マグネシウム,FALSE,FALSE,TRUE,FALSE,FALSE,FALSE,FALSE,FALSE,FALSE,FALSE,FALSE,FALSE,FALSE,FALSE,FALSE,FALSE,ナカライテスク（株）,ＣＰ, 1309-42-8,500,g,1,0,,,,,水酸化マグネシウム,,,Magnesium Hydroxide,,,ナカライテスク（株）,,ＣＰ,,500,g,g,1,-,-,-,-,,,, 1309-42-8,18TQL,20914-75,2900,Mg(OH)2,,,,≧95.0%（乾燥後）(T),58.32,mp. 330～430℃(分解) ,単位管理,Unit Management,－,－,-,-,,,-,-,,,,,,,,,,,,,,,,,
水酸化ﾘﾁｳﾑ一水和物,FALSE,FALSE,TRUE,FALSE,FALSE,FALSE,FALSE,FALSE,FALSE,FALSE,FALSE,FALSE,FALSE,FALSE,FALSE,FALSE,関東化学株式会社,鹿特級, 1310-66-3,25,g,1,0,,,,,水酸化ﾘﾁｳﾑ一水和物,,,Lithium hydroxide monohydrate,,,関東化学株式会社,"Kanto Chemical Co., Inc.",鹿特級,,25,g,g,1,-,-,-,-,,,, 1310-66-3,2412930L,24129-30,2100,LiOH･H2O,ガラスビン,,"白,結晶",>98.0%(T),41.9907,,単位管理,Unit Management,－,－,-,-,,,-,-,,,,,,,,,H1／LI1／O1,,,,,,,,
水酸化銅(II)(水酸化第二銅),FALSE,FALSE,FALSE,FALSE,FALSE,FALSE,TRUE,FALSE,FALSE,FALSE,FALSE,FALSE,FALSE,FALSE,FALSE,FALSE,関東化学株式会社,鹿特級, 20427-59-2,25,g,1,0,,,,,水酸化銅(II)(水酸化第二銅),,,Copper(II) hydroxide,,,関東化学株式会社,"Kanto Chemical Co., Inc.",鹿特級,,25,g,g,1,冷蔵保存 0℃～6℃,,-,-,,,, 20427-59-2,0749630T,07496-30,2600,Cu(OH)2,ガラスビン,,"青,粉末",>95.0%(T),97.5608,,単位管理,Unit Management,－,－,-,-,,,-,-,,,,,,,,,,,,,,,,,
水素化ナトリウム,FALSE,FALSE,FALSE,TRUE,FALSE,FALSE,FALSE,FALSE,FALSE,FALSE,FALSE,FALSE,FALSE,FALSE,FALSE,FALSE,Aldrich,-, 7646-69-7,100,g,1,0,,,,,水素化ナトリウム,,,"SODIUM HYDRIDE,60% DISPERSION IN MINERAL OIL",,,Aldrich,,-,-,100,g,g,1,室温,,-,-,,,, 7646-69-7,,452912,,,-,-,,,,,単位管理,Unit Management,本,本,-,-,,,-,-,,,,,,,,,,,,,,,,,
水素化ほう素ナトリウム,FALSE,FALSE,FALSE,FALSE,FALSE,FALSE,FALSE,FALSE,FALSE,FALSE,FALSE,TRUE,FALSE,FALSE,FALSE,FALSE,東京化成工業株式会社,-, 16940-66-2,25,g,1,0,,,,,水素化ほう素ナトリウム,,,Sodium Borohydride,,,東京化成工業株式会社,,-,-,25,g,g,1,-,-,-,-,1,405,100, 16940-66-2,P68KG,S0480,3200,,,,,,,,単位管理,Unit Management,－,－,-,-,,,-,-,,,,,,,,,,,,,,,,,
水素化ほう素ナトリウム,TRUE,FALSE,TRUE,FALSE,FALSE,FALSE,FALSE,FALSE,FALSE,FALSE,FALSE,FALSE,FALSE,FALSE,FALSE,FALSE,ナカライテスク（株）,ＥＰ, 16940-66-2,25,g,3,0,,,,,水素化ほう素ナトリウム,,,Sodium Borohydride,,,ナカライテスク（株）,,ＥＰ,,25,g,g,1,-,-,-,-,1,405,100, 16940-66-2,1UXKI,31228-22,3950,NaBH4,,,,≧92.0%(T),37.83,bp. 400℃(分解),単位管理,Unit Management,－,－,-,-,,,-,-,,,,,,,,,,,,,,,,,
炭酸カリウム (500g),FALSE,FALSE,TRUE,FALSE,FALSE,FALSE,FALSE,FALSE,FALSE,FALSE,FALSE,FALSE,FALSE,FALSE,FALSE,FALSE,富士フイルム和光純薬(株),試薬特級 [JISマーク認定品目], 584-08-7,500,g,1,0,,,,,炭酸カリウム (500g),,,Potassium Carbonate,,,富士フイルム和光純薬(株),,試薬特級 [JISマーク認定品目],,500,g,g,2.29,室温,,-,-,,,, 584-08-7,4.99E+12,162-03495,4550,K2CO3,,,,99.5+%(Titration),,mp. 891℃ ,単位管理,Unit Management,－,－,-,-,,,-,-,,,,,,,,,,,,,,,,,
炭酸カルシウム (25g),FALSE,FALSE,TRUE,FALSE,FALSE,FALSE,FALSE,FALSE,FALSE,FALSE,FALSE,FALSE,FALSE,FALSE,FALSE,FALSE,富士フイルム和光純薬(株),試薬特級 [JISマーク認定品目], 471-34-1,25,g,1,0,,,,,炭酸カルシウム (25g),,,Calcium Carbonate,,,富士フイルム和光純薬(株),,試薬特級 [JISマーク認定品目],,25,g,g,2.93,室温,,-,-,,,, 471-34-1,4.99E+12,036-00382,1450,CaCO3,,,,99.5+%(after drying),,mp. 825℃ ,単位管理,Unit Management,－,－,-,-,,,-,-,,,,,,,,,,,,,,,,,
炭酸カルシウム (500g),FALSE,FALSE,TRUE,FALSE,FALSE,FALSE,FALSE,FALSE,FALSE,FALSE,FALSE,FALSE,FALSE,FALSE,FALSE,FALSE,小宗化学薬品株式会社,試薬特級, 471-34-1,500,g,1,0,,,,,炭酸カルシウム (500g),,,Calcium Carbonate,,,小宗化学薬品株式会社,,試薬特級,,500,g,g,2.93,室温,,-,-,,,, 471-34-1,,,,CaCO3,プラスチックビン,,白色の粉末,99.5+％ (after drying,100.09,融点:825℃,単位管理,Unit Management,本,本,-,-,,,-,-,1,0,1,0,,,,,,,,,,,,,
炭酸セシウム (25g),FALSE,TRUE,FALSE,FALSE,FALSE,FALSE,FALSE,FALSE,FALSE,FALSE,FALSE,FALSE,FALSE,FALSE,FALSE,FALSE,富士フイルム和光純薬(株),和光一級, 534-17-8,25,g,1,0,,,,,炭酸セシウム (25g),,,Cesium Carbonate,,,富士フイルム和光純薬(株),,和光一級,,25,g,g,1,室温,,-,-,,,, 534-17-8,4.99E+12,034-06542,5450,Cs2CO3,,,,95～102%(Titration),,,単位管理,Unit Management,－,－,-,-,,,-,-,,,,,,,,,,,,,,,,,
炭酸ﾅﾄﾘｳﾑ,FALSE,FALSE,TRUE,FALSE,FALSE,FALSE,FALSE,FALSE,FALSE,FALSE,FALSE,FALSE,FALSE,FALSE,FALSE,FALSE,関東化学株式会社,鹿1級, 497-19-8,500,g,1,0,,,,,炭酸ﾅﾄﾘｳﾑ,ｿｰﾀﾞ灰,,Sodium carbonate,Soda ash,,関東化学株式会社,"Kanto Chemical Co., Inc.",鹿1級,,500,g,g,1,-,-,-,-,,,, 497-19-8,3714101H,37141-01,1900,Na2CO3,-,-,"白,粉末,吸湿性",>99.0%(T),105.9883,mp.851℃,単位管理,Unit Management,－,－,-,-,,,-,-,,,,,,,,,,,,,,,,,
炭酸ナトリウム,FALSE,FALSE,TRUE,FALSE,FALSE,FALSE,FALSE,FALSE,FALSE,FALSE,FALSE,FALSE,FALSE,FALSE,FALSE,FALSE,東京化成工業株式会社,-, 497-19-8,300,g,1,0,,,,,炭酸ナトリウム,,,Sodium Carbonate,,,東京化成工業株式会社,,-,-,300,g,g,1,-,-,-,-,,,, 497-19-8,TNDWG,S0560,1900,,,,,,,,単位管理,Unit Management,－,－,-,-,,,-,-,,,,,,,,,,,,,,,,,
炭酸ナトリウム (100g),FALSE,FALSE,TRUE,FALSE,FALSE,FALSE,FALSE,FALSE,FALSE,FALSE,FALSE,FALSE,FALSE,FALSE,FALSE,FALSE,富士フイルム和光純薬(株),試薬特級 [JISマーク認定品目], 497-19-8,100,g,1,0,,,,,炭酸ナトリウム (100g),,,Sodium Carbonate,,,富士フイルム和光純薬(株),,試薬特級 [JISマーク認定品目],,100,g,g,2.532,室温,,-,-,,,, 497-19-8,4.99E+12,197-01581,1580,Na2CO3,,,,99.8+%(Titration),,mp. 851℃ ,単位管理,Unit Management,－,－,-,-,,,-,-,,,,,,,,,,,,,,,,,
炭酸マンガン(II) n水和物 (25g),FALSE,FALSE,TRUE,FALSE,FALSE,FALSE,FALSE,FALSE,FALSE,FALSE,FALSE,FALSE,FALSE,FALSE,FALSE,FALSE,和光純薬工業(株),和光特級,,25,g,1,0,,,,,炭酸マンガン(II) n水和物 (25g),,,Manganese(II) Carbonate n-Hydrate,,,和光純薬工業(株),,和光特級,,25,g,g,3.125,室温,,-,-,1,412,47.8,,4.99E+12,132-00692,1700,MnCO3・nH2O,-,-,淡褐色の粉末,88+%(as anhydrous),114.95,,単位管理,Unit Management,本,本,-,-,,,-,-,,,,,,,,,,,,,,,,,
炭酸リチウム,FALSE,FALSE,TRUE,FALSE,FALSE,FALSE,FALSE,FALSE,FALSE,FALSE,FALSE,FALSE,FALSE,FALSE,FALSE,FALSE,富山薬品工業株式会社,-, 554-13-2,25,g,1,0,,,,,炭酸リチウム,,,,,,富山薬品工業株式会社,,-,-,25,g,g,1,冷暗貯蔵,,-,-,1,668,100, 554-13-2,,,0,Li2CO3,-,-,,,,,単位管理,Unit Management,本,本,-,-,,,-,-,10,,,,,,,,C1／Li2／O3,,,,,,,,
炭酸水素カリウム (500g),FALSE,FALSE,TRUE,FALSE,FALSE,FALSE,FALSE,FALSE,FALSE,FALSE,FALSE,FALSE,FALSE,FALSE,FALSE,FALSE,富士フイルム和光純薬(株),試薬特級 [JISマーク認定品目], 298-14-6,500,g,1,0,,,,,炭酸水素カリウム (500g),,,Potassium Hydrogen Carbonate,,,富士フイルム和光純薬(株),,試薬特級 [JISマーク認定品目],,500,g,g,2.17,室温,,-,-,,,, 298-14-6,4.99E+12,166-03275,3100,KHCO3,,,,99.5～100.3%(Titrati,,mp. 292℃ ,単位管理,Unit Management,－,－,-,-,,,-,-,,,,,,,,,,,,,,,,,
炭酸水素ナトリウム,FALSE,FALSE,TRUE,FALSE,FALSE,FALSE,FALSE,FALSE,FALSE,FALSE,FALSE,FALSE,FALSE,FALSE,FALSE,FALSE,高橋藤吉商店,一級, 144-55-8,500,g,1,0,,,,,炭酸水素ナトリウム,,,,,,高橋藤吉商店,,一級,,500,g,g,2.2,不活性ガス充填、冷所、密閉保管,,-,-,,,, 144-55-8,,,,NaHCO3,ガラスビン,,"白,結晶性粉末",,84.01,mp. 270℃(dec),単位管理,Unit Management,－,－,-,-,,,-,-,0,,99,99,,,,,C1／H1／Na1／O3,,,,,,,,
炭酸銅（Ⅱ）（塩基性）,FALSE,FALSE,FALSE,FALSE,TRUE,FALSE,FALSE,FALSE,FALSE,FALSE,FALSE,FALSE,FALSE,FALSE,FALSE,FALSE,ナカライテスク（株）,GR, 12069-69-1,25,g,1,0,,,,,炭酸銅（Ⅱ）（塩基性）,,,"Copper(Ⅱ) Carbonate, Basic",,,ナカライテスク（株）,,GR,,25,g,g,1,-,-,-,-,,,, 12069-69-1,0KD6I,950202,1365,approx. CuCO3･Cu(OH)2･H2O,-,-,,,221.12,mp. 200～220℃(分解),単位管理,Unit Management,本,本,-,-,,,-,-,,,,,,,,,,,,,,,,,
尿素 (25g),FALSE,FALSE,FALSE,FALSE,FALSE,FALSE,FALSE,FALSE,FALSE,FALSE,FALSE,FALSE,TRUE,FALSE,FALSE,FALSE,富士フイルム和光純薬(株),試薬特級 [JISマーク認定品目], 57-13-6,25,g,1,0,,,,,尿素 (25g),,,Urea,,,富士フイルム和光純薬(株),,試薬特級 [JISマーク認定品目],,25,g,g,1.32,室温,,-,-,,,, 57-13-6,4.99E+12,215-00172,1700,H2NCONH2,,,,99+%(NH2CONH2)(mass/,,mp. 132～136℃ ,単位管理,Unit Management,－,－,-,-,,,-,-,,,,,,,,,,,,,,,,,
馬尿酸 (25g),TRUE,FALSE,FALSE,FALSE,FALSE,FALSE,FALSE,FALSE,TRUE,FALSE,FALSE,FALSE,FALSE,FALSE,FALSE,FALSE,富士フイルム和光純薬(株),和光特級, 495-69-2,25,g,1,0,,,,,馬尿酸 (25g),,,Hippuric Acid,,,富士フイルム和光純薬(株),,和光特級,,25,g,g,1,室温,,-,-,,,, 495-69-2,4.99E+12,083-04172,3250,C6H5CONHCH2COOH,,,,98+%(Titration),,mp. 188～192℃ ,単位管理,Unit Management,－,－,-,-,,,-,-,,,,,,,,,,,,,,,,,
馬尿酸ナトリウム (25g),FALSE,FALSE,FALSE,FALSE,FALSE,FALSE,FALSE,FALSE,FALSE,FALSE,FALSE,FALSE,FALSE,FALSE,FALSE,TRUE,富士フイルム和光純薬(株),和光一級, 532-94-5,25,g,1,0,,,,,馬尿酸ナトリウム (25g),,,Sodium Hippurate,,,富士フイルム和光純薬(株),,和光一級,,25,g,g,1,室温,,-,-,,,, 532-94-5,4.99E+12,191-09502,4950,C6H5CONHCH2COONa,,,,95+%(Titration),,mp. 240～244℃ ,単位管理,Unit Management,－,－,-,-,,,-,-,,,,,,,,,,,,,,,,,
氷醋酸,FALSE,FALSE,FALSE,FALSE,FALSE,FALSE,FALSE,FALSE,FALSE,FALSE,FALSE,FALSE,FALSE,FALSE,FALSE,TRUE,高橋藤吉商店,プロトン酸, 64-19-7,500,ml,1,0,,,,,氷醋酸,,,Acid Acetic Glacial,,,高橋藤吉商店,,プロトン酸,,500,ml,ml,1.049,冷暗貯蔵,,-,-,,,, 64-19-7,1021004,01021-00,750,CH3COOH,ガラスビン,,,＞99.7％(T),60.05,mp 10°Cbp 118.1°C(C)d4 20 1.049(C)fp 15.5°Cmin(B),単位管理,Unit Management,本,本,-,-,,,-,-,10,,,,ha,,,,C2／H4／O2,,,,,,,,
没食子酸,FALSE,TRUE,FALSE,FALSE,FALSE,FALSE,FALSE,FALSE,FALSE,FALSE,FALSE,FALSE,FALSE,FALSE,FALSE,FALSE,東京化成工業株式会社,-, 149-91-7,25,g,1,0,,,,,没食子酸,,,Gallic Acid,,,東京化成工業株式会社,,-,-,25,g,g,1,-,-,-,-,,,, 149-91-7,FS0KG,G0011,2100,,,,,,,,単位管理,Unit Management,－,－,-,-,,,-,-,,,,,,,,,,,,,,,,,
没食子酸エチル,TRUE,FALSE,FALSE,FALSE,FALSE,FALSE,FALSE,FALSE,FALSE,FALSE,FALSE,FALSE,FALSE,FALSE,FALSE,FALSE,東京化成工業株式会社,-, 831-61-8,25,g,1,0,,,,,没食子酸エチル,,,Ethyl Gallate,,,東京化成工業株式会社,,-,-,25,g,g,1,-,-,-,-,,,, 831-61-8,FS5KG,G0016,3000,,,,,,,,単位管理,Unit Management,－,－,-,-,,,-,-,,,,,,,,,,,,,,,,,
無水n-ﾍｷｻﾝ酸,FALSE,TRUE,FALSE,FALSE,FALSE,FALSE,FALSE,FALSE,FALSE,FALSE,FALSE,FALSE,FALSE,FALSE,FALSE,FALSE,関東化学株式会社,鹿1級, 2051-49-2,25,ml,3,0,,,,,無水n-ﾍｷｻﾝ酸,無水n-ｶﾌﾟﾛﾝ酸,,n-Hexanoic anhydride,n-Caproic anhydride,,関東化学株式会社,"Kanto Chemical Co., Inc.",鹿1級,,25,ml,ml,0.93,-,-,-,-,,,, 2051-49-2,0712431I,07124-31,4300,[CH3(CH2)4CO]2O,ガラスビン,,,>95.0%(GC),214.301,bp.246℃～248℃ d(20/20℃) 0.93,単位管理,Unit Management,－,－,-,-,,,-,-,,,,,,,,,C12／H22／O3,,,,,,,,
"無水エタノール 分析用 エンシュア(TM) ACS, ISO, Reag. Ph Eur",FALSE,FALSE,FALSE,FALSE,FALSE,FALSE,FALSE,FALSE,FALSE,FALSE,FALSE,FALSE,FALSE,FALSE,TRUE,FALSE,Merck,, 64-17-5,1,L,0,2,,,,,"無水エタノール 分析用 エンシュア(TM) ACS, ISO, Reag. Ph Eur",,,Ethanol absolute for analysis EMSURE(R) ACS.ISO.Reag. Ph Eur,ETHANOL ABSOLUTE FOR ANALYSIS EMSURE(R) ACS.ISO.REAG. PH EUR,,Merck,,,,1,L,L,0.79,-,-,-,-,,,, 64-17-5,,100983,,C2H5OH,,,,Purity GC >= 99.9 % ,,,単位管理,Unit Management,－,－,-,-,,,-,-,,,,,,,,,,,,,,,,,
無水リン酸二水素ナトリウム [CertiPro-L:JPE] (500g),FALSE,FALSE,FALSE,FALSE,FALSE,FALSE,FALSE,FALSE,FALSE,FALSE,FALSE,FALSE,FALSE,FALSE,FALSE,TRUE,富士フイルム和光純薬(株),医薬品添加物規格, 7558-80-7,500,g,1,0,,,,,無水リン酸二水素ナトリウム [CertiPro-L:JPE] (500g),,,Sodium Dihydrogen Phosphate Anhydrous [CertiPro-L:JPE],,,富士フイルム和光純薬(株),,医薬品添加物規格,,500,g,g,1,室温,,-,-,,,, 7558-80-7,4.99E+12,194-14105,,NaH2PO4,,,,99+%(Titration),,,単位管理,Unit Management,－,－,-,-,,,-,-,,,,,,,,,,,,,,,,,
無水酢酸,FALSE,FALSE,TRUE,FALSE,FALSE,FALSE,FALSE,FALSE,FALSE,FALSE,FALSE,FALSE,FALSE,FALSE,FALSE,FALSE,関東化学株式会社,鹿1級, 108-24-7,500,ml,1,0,,,,,無水酢酸,,,Acetic anhydride,,,関東化学株式会社,"Kanto Chemical Co., Inc.",鹿1級,,500,ml,ml,1.082,-,-,-,-,1,736,100, 108-24-7,1022016,01022-01,2100,(CH3CO)2O,ガラスビン,,"無色,液体",>95.0%(T),102.0885,bp.140℃ d(20/4℃) 1.082 Fp.49℃,単位管理,Unit Management,－,－,-,-,,,-,-,,,,,,,,,C4／H6／O3,,,,,,,,
流動パラフィン,FALSE,FALSE,TRUE,FALSE,FALSE,FALSE,FALSE,FALSE,FALSE,FALSE,FALSE,FALSE,FALSE,FALSE,FALSE,FALSE,高橋藤吉商店,試薬一級, 8012-95-1,500,g,1,0,,,,,流動パラフィン,,,,,,高橋藤吉商店,,試薬一級,,500,g,g,0.875,冷暗貯蔵・密閉,,-,-,,,, 8012-95-1,,,,,ガラスビン,,液体,,,,単位管理,Unit Management,－,－,-,-,,,-,-,0,,99,99,,,,,,,,,,,,,
硫化亜鉛,FALSE,TRUE,FALSE,FALSE,FALSE,FALSE,FALSE,FALSE,FALSE,FALSE,FALSE,FALSE,FALSE,FALSE,FALSE,FALSE,ナカライテスク（株）,GR, 1314-98-3,25,g,1,0,,,,,硫化亜鉛,,,Ｚｉｎｃ　Ｓｕｌｆｉｄｅ,,,ナカライテスク（株）,,GR,,25,g,g,1,-,-,-,-,,,, 1314-98-3,27BXY,37013-42,4200,ZnS,-,-,,99.90%,97.47,,単位管理,Unit Management,本,本,-,-,,,-,-,,,,,,,,,,,,,,,,,
硫酸,FALSE,FALSE,TRUE,FALSE,FALSE,FALSE,FALSE,FALSE,FALSE,FALSE,FALSE,FALSE,FALSE,FALSE,FALSE,FALSE,関東化学株式会社,特級, 7664-93-9,500,ml,1,0,,,,,硫酸,,,Sulfuric acid,,,関東化学株式会社,"Kanto Chemical Co., Inc.",特級,,500,ml,ml,1.836,-,-,-,-,,,, 7664-93-9,3739000M,37390-00,1400,H2SO4,ガラスビン,,"無色透明,液体",>96.0%(T),98.0816,bp.290℃～317℃ d(20/4℃) 1.836,単位管理,Unit Management,－,－,-,-,,,-,-,,,,,,,,,,,,,,,,,
硫酸カリウム (500g),FALSE,FALSE,TRUE,FALSE,FALSE,FALSE,FALSE,FALSE,FALSE,FALSE,FALSE,FALSE,FALSE,FALSE,FALSE,FALSE,富士フイルム和光純薬(株),試薬特級 [JISマーク認定品目], 7778-80-5,500,g,1,0,,,,,硫酸カリウム (500g),,,Potassium Sulfate,,,富士フイルム和光純薬(株),,試薬特級 [JISマーク認定品目],,500,g,g,2.662,室温,,-,-,,,, 7778-80-5,4.99E+12,169-04485,2370,K2SO4,,,,99+%(Titration),,"mp. 1067℃ bp. 1,689℃",単位管理,Unit Management,－,－,-,-,,,-,-,,,,,,,,,,,,,,,,,
硫酸ナトリウム,FALSE,FALSE,TRUE,FALSE,FALSE,FALSE,FALSE,FALSE,FALSE,FALSE,FALSE,FALSE,FALSE,FALSE,FALSE,FALSE,東京化成工業株式会社,-, 7757-82-6,300,g,2,0,,,,,硫酸ナトリウム,,,Sodium Sulfate,,,東京化成工業株式会社,,-,-,300,g,g,1,-,-,-,-,,,, 7757-82-6,TNJWG,S0566,1900,,,,,,,,単位管理,Unit Management,－,－,-,-,,,-,-,,,,,,,,,,,,,,,,,
硫酸ナトリウム (500g),FALSE,FALSE,TRUE,FALSE,FALSE,FALSE,FALSE,FALSE,FALSE,FALSE,FALSE,FALSE,FALSE,FALSE,FALSE,FALSE,富士フイルム和光純薬(株),試薬特級 [JISマーク認定品目], 7757-82-6,500,g,1,0,,,,,硫酸ナトリウム (500g),,,Sodium Sulfate,,,富士フイルム和光純薬(株),,試薬特級 [JISマーク認定品目],,500,g,g,2.68,室温,,-,-,,,, 7757-82-6,4.99E+12,197-03345,1650,Na2SO4,,,,99+%(Titration),,mp. 884℃ ,単位管理,Unit Management,－,－,-,-,,,-,-,,,,,,,,,,,,,,,,,
硫酸バリウム,FALSE,FALSE,FALSE,FALSE,FALSE,FALSE,FALSE,FALSE,FALSE,FALSE,FALSE,FALSE,FALSE,TRUE,FALSE,FALSE,ナカライテスク（株）,GR, 7727-43-7,25,g,1,0,,,,,硫酸バリウム,,,Barium Sulfate,,,ナカライテスク（株）,,GR,,25,g,g,1,-,-,-,-,,,, 7727-43-7,08D06,03901-52,2000,BaSO4,,,,,233.39,mp. 1600℃(分解) ,単位管理,Unit Management,－,－,-,-,,,-,-,,,,,,,,,,,,,,,,,
硫酸マグネシウム (無水) (500g),FALSE,FALSE,TRUE,FALSE,FALSE,FALSE,FALSE,FALSE,FALSE,FALSE,FALSE,FALSE,FALSE,FALSE,FALSE,FALSE,富士フイルム和光純薬(株),和光特級, 7487-88-9,500,g,1,0,,,,,硫酸マグネシウム (無水) (500g),,,Magnesium Sulfate (Anhydrous),,,富士フイルム和光純薬(株),,和光特級,,500,g,g,2.66,室温,,-,-,,,, 7487-88-9,4.99E+12,137-12335,2950,MgSO4,,,,98+%(Titration),,"mp. 1,185℃ (dec.) ",単位管理,Unit Management,－,－,-,-,,,-,-,,,,,,,,,,,,,,,,,
硫酸銀(I),FALSE,FALSE,TRUE,FALSE,FALSE,FALSE,FALSE,FALSE,FALSE,FALSE,FALSE,FALSE,FALSE,FALSE,FALSE,FALSE,関東化学株式会社,特級, 10294-26-5,25,g,0,1,,,,,硫酸銀(I),,,Silver(I) sulfate,,,関東化学株式会社,"Kanto Chemical Co., Inc.",特級,,25,g,g,1,-,-,-,-,,,, 10294-26-5,3708430P,37084-30,,Ag2SO4,-,-,"白,結晶性粉末",>99.5%(T),311.802,mp.657℃,単位管理,Unit Management,－,－,-,-,,,-,-,,,,,,,,,,,,,,,,,
硫酸水素ｶﾘｳﾑ(酸性硫酸ｶﾘｳﾑ),FALSE,FALSE,TRUE,FALSE,FALSE,FALSE,FALSE,FALSE,FALSE,FALSE,FALSE,FALSE,FALSE,FALSE,FALSE,FALSE,関東化学株式会社,特級, 7646-93-7,25,g,1,0,,,,,硫酸水素ｶﾘｳﾑ(酸性硫酸ｶﾘｳﾑ),重硫酸ｶﾘｳﾑ,,Potassium hydrogen sulfate,Potassium bisulfate,,関東化学株式会社,"Kanto Chemical Co., Inc.",特級,,25,g,g,1,-,-,-,-,,,, 7646-93-7,3231330F,32313-30,1800,KHSO4,ガラスビン,,"白,結晶又は結晶性粉末",>98.0%(T),136.1719,mp.58℃,単位管理,Unit Management,－,－,-,-,,,-,-,,,,,,,,,,,,,,,,,
硫酸鉄(II)七水和物 (25g),FALSE,FALSE,TRUE,FALSE,FALSE,FALSE,FALSE,FALSE,FALSE,FALSE,FALSE,FALSE,FALSE,FALSE,FALSE,FALSE,富士フイルム和光純薬(株),試薬特級 [JISマーク認定品目], 7782-63-0,25,g,1,0,,,,,硫酸鉄(II)七水和物 (25g),,,Iron(II) Sulfate Heptahydrate,,,富士フイルム和光純薬(株),,試薬特級 [JISマーク認定品目],,25,g,g,1.898,室温,,-,-,,,, 7782-63-0,4.99E+12,094-01082,1410,FeSO4・7H2O,,,,99～102%(Titration)(,,mp. 64℃ ,単位管理,Unit Management,－,－,-,-,,,-,-,,,,,,,,,,,,,,,,,
硫酸銅(Ⅱ),FALSE,FALSE,FALSE,FALSE,FALSE,FALSE,FALSE,TRUE,FALSE,FALSE,FALSE,FALSE,FALSE,FALSE,FALSE,FALSE,ナカライテスク（株）,GR, 7758-98-7,500,g,1,0,,,,,硫酸銅(Ⅱ),,,Copper(Ⅱ) Sulfate,,,ナカライテスク（株）,,GR,,500,g,g,1,-,-,-,-,1,272,100, 7758-98-7,0KLD1,09608-45,4500,CuSO4,,,,≧98.0%(T),159.61,,単位管理,Unit Management,－,－,-,-,,,-,-,,,,,,,,,,,,,,,,,
硫酸銅(II)五水和物 (500g),FALSE,FALSE,TRUE,FALSE,FALSE,FALSE,FALSE,FALSE,FALSE,FALSE,FALSE,FALSE,FALSE,FALSE,FALSE,FALSE,富士フイルム和光純薬(株),和光一級, 7758-99-8,500,g,1,0,,,,,硫酸銅(II)五水和物 (500g),,,Copper(II) Sulfate Pentahydrate,,,富士フイルム和光純薬(株),,和光一級,,500,g,g,2.284,室温,,-,-,1,272,25.4, 7758-99-8,4.99E+12,030-04425,2240,CuSO4・5H2O,,,,99+%(Titration),,mp. 110℃ ,単位管理,Unit Management,－,－,-,-,,,-,-,,,,,,,,,,,,,,,,,
,,,,,,,,,,,,,,,,18,,,,,,,,,,,,,,,,,,,,,,,,,,,,,,,,,,,,,,,,,,,,,,,,,,,,,,,,,,,,,,,,,,,,,,
未発見リスト,,,,,,,,,,,,,,,,,,,,,,,,,,,,,,,,,,,,,,,,,,,,,,,,,,,,,,,,,,,,,,,,,,,,,,,,,,,,,,,,,,,,,,
1-(3-ジメチルアミノプロピル)-3-エチルカルボジイミド,東京化成工業株式会社,-, 1892-57-5,25,g,1,0,,,,,1-(3-ジメチルアミノプロピル)-3-エチルカルボジイミド,,,1-(3-Dimethylaminopropyl)-3-ethylcarbodiimide,,,東京化成工業株式会社,,-,-,25,g,,,,,,,,,,,,,,,,,,,,,,,,,,,,,,,,,,,,,,,,,,,,,,,,,,,,,,,,,,,,,,,
"1,2,4,5-ベンゼンテトラカルボン酸二無水物 (25g)",富士フイルム和光純薬(株),-, 89-32-7,25,g,1,0,,,,,"1,2,4,5-ベンゼンテトラカルボン酸二無水物 (25g)",,,"1,2,4,5-Benzenetetracarboxylic Dianhydride",,,富士フイルム和光純薬(株),,-,-,25,g,,,,,,,,,,,,,,,,,,,,,,,,,,,,,,,,,,,,,,,,,,,,,,,,,,,,,,,,,,,,,,,
"2,3,4,5,6-ペンタフルオロスチレン",東京化成工業株式会社,-, 653-34-9,5,g,1,0,,,,,"2,3,4,5,6-ペンタフルオロスチレン",,,"2,3,4,5,6-Pentafluorostyrene(stabilized with TBC)",,,東京化成工業株式会社,,-,-,5,g,,,,,,,,,,,,,,,,,,,,,,,,,,,,,,,,,,,,,,,,,,,,,,,,,,,,,,,,,,,,,,,
"2,5-Diiodopyridine, 95%",Aldrich,-, 116195-81-4,5,g,1,0,,,,,,,,"2,5-Diiodopyridine, 95%",,,Aldrich,,-,-,5,g,,,,,,,,,,,,,,,,,,,,,,,,,,,,,,,,,,,,,,,,,,,,,,,,,,,,,,,,,,,,,,,
"2-Amino-1-butanol, 97%",Aldrich,-, 96-20-8,5,ml,2,0,,,,,,,,"2-Amino-1-butanol, 97%",,,Aldrich,,-,-,5,ml,,,,,,,,,,,,,,,,,,,,,,,,,,,,,,,,,,,,,,,,,,,,,,,,,,,,,,,,,,,,,,,
"3,5-ジブロモサリチルアルデヒド",東京化成工業株式会社,-, 90-59-5,5,g,1,0,,,,,"3,5-ジブロモサリチルアルデヒド",,,"3,5-Dibromosalicylaldehyde",,,東京化成工業株式会社,,-,-,5,g,,,,,,,,,,,,,,,,,,,,,,,,,,,,,,,,,,,,,,,,,,,,,,,,,,,,,,,,,,,,,,,
"3,5-ジブロモサリチルアルデヒド",東京化成工業株式会社,-, 90-59-5,25,g,1,0,,,,,"3,5-ジブロモサリチルアルデヒド",,,"3,5-Dibromosalicylaldehyde",,,東京化成工業株式会社,,-,-,25,g,,,,,,,,,,,,,,,,,,,,,,,,,,,,,,,,,,,,,,,,,,,,,,,,,,,,,,,,,,,,,,,
3-ベンジルピリジン,東京化成工業株式会社,-, 620-95-1,10,g,1,0,,,,,3-ベンジルピリジン,,,3-Benzylpyridine,,,東京化成工業株式会社,,-,-,10,g,,,,,,,,,,,,,,,,,,,,,,,,,,,,,,,,,,,,,,,,,,,,,,,,,,,,,,,,,,,,,,,
3-ヨードプロピオン酸,東京化成工業株式会社,-, 141-76-4,5,g,1,0,,,,,3-ヨードプロピオン酸,,,3-Iodopropionic Acid,,,東京化成工業株式会社,,-,-,5,g,,,,,,,,,,,,,,,,,,,,,,,,,,,,,,,,,,,,,,,,,,,,,,,,,,,,,,,,,,,,,,,
"4,4'-ジヒドロキシビフェニル",東京化成工業株式会社,-, 92-88-6,25,g,1,0,,,,,"4,4'-ジヒドロキシビフェニル",,,"4,4'-Dihydroxybiphenyl",,,東京化成工業株式会社,,-,-,25,g,,,,,,,,,,,,,,,,,,,,,,,,,,,,,,,,,,,,,,,,,,,,,,,,,,,,,,,,,,,,,,,
"9,9-ビス(4-アミノフェニル)フルオレン",東京化成工業株式会社,-, 15499-84-0,25,g,1,0,,,,,"9,9-ビス(4-アミノフェニル)フルオレン",,,"9,9-Bis(4-aminophenyl)fluorene",,,東京化成工業株式会社,,-,-,25,g,,,,,,,,,,,,,,,,,,,,,,,,,,,,,,,,,,,,,,,,,,,,,,,,,,,,,,,,,,,,,,,
"Hydriodic acid, 57 wt. %, distilled, 99.999% trace metals basis",Aldrich,distilled, 10034-85-2,25,g,1,0,,,,,,,,"Hydriodic acid, 57 wt. %, distilled, 99.999% trace metals basis",,,Aldrich,,distilled,,25,g,,,,,,,,,,,,,,,,,,,,,,,,,,,,,,,,,,,,,,,,,,,,,,,,,,,,,,,,,,,,,,,
TMPyP,和光純薬工業(株),-, 36951-72-1,1,g,0,2,,,,,TMPyP,,,TMPyP,,,和光純薬工業(株),,-,-,1,g,,,,,,,,,,,,,,,,,,,,,,,,,,,,,,,,,,,,,,,,,,,,,,,,,,,,,,,,,,,,,,,
ホスホマイシン二ナトリウム,東京化成工業株式会社,-, 26016-99-9,5,g,0,1,,,,,ホスホマイシン二ナトリウム,,,Fosfomycin Disodium Salt,,,東京化成工業株式会社,,-,-,5,g,,,,,,,,,,,,,,,,,,,,,,,,,,,,,,,,,,,,,,,,,,,,,,,,,,,,,,,,,,,,,,,
酒石酸水素カリウム,ナカライテスク（株）,ＥＰ, 868-14-4,500,g,1,0,,,,,酒石酸水素カリウム,,,Ｐｏｔａｓｓｉｕｍ  Ｈｙｄｒｏｇｅｎ  Ｔａｒｔｒａｔｅ,,,ナカライテスク（株）,,ＥＰ,,500,g,,,,,,,,,,,,,,,,,,,,,,,,,,,,,,,,,,,,,,,,,,,,,,,,,,,,,,,,,,,,,,,
馬尿酸ナトリウム (25g),富士フイルム和光純薬(株),和光一級, 532-94-5,25,g,1,0,,,,,馬尿酸ナトリウム (25g),,,Sodium Hippurate,,,富士フイルム和光純薬(株),,和光一級,,25,g,,,,,,,,,,,,,,,,,,,,,,,,,,,,,,,,,,,,,,,,,,,,,,,,,,,,,,,,,,,,,,,
氷醋酸,高橋藤吉商店,プロトン酸, 64-19-7,500,ml,1,0,,,,,氷醋酸,,,Acid Acetic Glacial,,,高橋藤吉商店,,プロトン酸,,500,ml,,,,,,,,,,,,,,,,,,,,,,,,,,,,,,,,,,,,,,,,,,,,,,,,,,,,,,,,,,,,,,,
無水リン酸二水素ナトリウム [CertiPro-L:JPE] (500g),富士フイルム和光純薬(株),医薬品添加物規格, 7558-80-7,500,g,1,0,,,,,無水リン酸二水素ナトリウム [CertiPro-L:JPE] (500g),,,Sodium Dihydrogen Phosphate Anhydrous [CertiPro-L:JPE],,,富士フイルム和光純薬(株),,医薬品添加物規格,,500,g,,,,,,,,,,,,,,,,,,,,,,,,,,,,,,,,,,,,,,,,,,,,,,,,,,,,,,,,,,,,,,,